[{
  "dateTime" : "02/13/21 15:43:49",
  "value" : {
    "bpm" : 70,
    "confidence" : 0
  }
},{
  "dateTime" : "02/13/21 16:38:27",
  "value" : {
    "bpm" : 70,
    "confidence" : 0
  }
},{
  "dateTime" : "02/13/21 17:33:04",
  "value" : {
    "bpm" : 70,
    "confidence" : 0
  }
},{
  "dateTime" : "02/13/21 17:45:57",
  "value" : {
    "bpm" : 70,
    "confidence" : 0
  }
},{
  "dateTime" : "02/13/21 17:46:02",
  "value" : {
    "bpm" : 70,
    "confidence" : 1
  }
},{
  "dateTime" : "02/13/21 17:46:12",
  "value" : {
    "bpm" : 84,
    "confidence" : 1
  }
},{
  "dateTime" : "02/13/21 17:46:17",
  "value" : {
    "bpm" : 93,
    "confidence" : 1
  }
},{
  "dateTime" : "02/13/21 17:46:32",
  "value" : {
    "bpm" : 90,
    "confidence" : 1
  }
},{
  "dateTime" : "02/13/21 17:46:37",
  "value" : {
    "bpm" : 89,
    "confidence" : 2
  }
},{
  "dateTime" : "02/13/21 17:46:42",
  "value" : {
    "bpm" : 88,
    "confidence" : 2
  }
},{
  "dateTime" : "02/13/21 17:46:47",
  "value" : {
    "bpm" : 89,
    "confidence" : 2
  }
},{
  "dateTime" : "02/13/21 17:46:52",
  "value" : {
    "bpm" : 88,
    "confidence" : 2
  }
},{
  "dateTime" : "02/13/21 17:46:57",
  "value" : {
    "bpm" : 90,
    "confidence" : 2
  }
},{
  "dateTime" : "02/13/21 17:47:02",
  "value" : {
    "bpm" : 91,
    "confidence" : 2
  }
},{
  "dateTime" : "02/13/21 17:47:12",
  "value" : {
    "bpm" : 92,
    "confidence" : 2
  }
},{
  "dateTime" : "02/13/21 17:47:17",
  "value" : {
    "bpm" : 93,
    "confidence" : 2
  }
},{
  "dateTime" : "02/13/21 17:47:22",
  "value" : {
    "bpm" : 94,
    "confidence" : 2
  }
},{
  "dateTime" : "02/13/21 17:47:27",
  "value" : {
    "bpm" : 93,
    "confidence" : 2
  }
},{
  "dateTime" : "02/13/21 17:47:32",
  "value" : {
    "bpm" : 92,
    "confidence" : 2
  }
},{
  "dateTime" : "02/13/21 17:47:37",
  "value" : {
    "bpm" : 91,
    "confidence" : 2
  }
},{
  "dateTime" : "02/13/21 17:47:42",
  "value" : {
    "bpm" : 92,
    "confidence" : 2
  }
},{
  "dateTime" : "02/13/21 17:47:50",
  "value" : {
    "bpm" : 92,
    "confidence" : 2
  }
},{
  "dateTime" : "02/13/21 17:47:52",
  "value" : {
    "bpm" : 91,
    "confidence" : 2
  }
},{
  "dateTime" : "02/13/21 17:47:55",
  "value" : {
    "bpm" : 91,
    "confidence" : 2
  }
},{
  "dateTime" : "02/13/21 17:47:58",
  "value" : {
    "bpm" : 91,
    "confidence" : 2
  }
},{
  "dateTime" : "02/13/21 17:47:59",
  "value" : {
    "bpm" : 92,
    "confidence" : 2
  }
},{
  "dateTime" : "02/13/21 17:48:02",
  "value" : {
    "bpm" : 92,
    "confidence" : 2
  }
},{
  "dateTime" : "02/13/21 17:48:05",
  "value" : {
    "bpm" : 92,
    "confidence" : 2
  }
},{
  "dateTime" : "02/13/21 17:48:06",
  "value" : {
    "bpm" : 93,
    "confidence" : 2
  }
},{
  "dateTime" : "02/13/21 17:48:08",
  "value" : {
    "bpm" : 94,
    "confidence" : 2
  }
},{
  "dateTime" : "02/13/21 17:48:11",
  "value" : {
    "bpm" : 94,
    "confidence" : 2
  }
},{
  "dateTime" : "02/13/21 17:48:14",
  "value" : {
    "bpm" : 94,
    "confidence" : 2
  }
},{
  "dateTime" : "02/13/21 17:48:15",
  "value" : {
    "bpm" : 95,
    "confidence" : 2
  }
},{
  "dateTime" : "02/13/21 17:48:16",
  "value" : {
    "bpm" : 96,
    "confidence" : 2
  }
},{
  "dateTime" : "02/13/21 17:48:17",
  "value" : {
    "bpm" : 97,
    "confidence" : 1
  }
},{
  "dateTime" : "02/13/21 17:48:18",
  "value" : {
    "bpm" : 98,
    "confidence" : 1
  }
},{
  "dateTime" : "02/13/21 17:48:19",
  "value" : {
    "bpm" : 100,
    "confidence" : 1
  }
},{
  "dateTime" : "02/13/21 17:48:20",
  "value" : {
    "bpm" : 102,
    "confidence" : 1
  }
},{
  "dateTime" : "02/13/21 17:48:21",
  "value" : {
    "bpm" : 103,
    "confidence" : 1
  }
},{
  "dateTime" : "02/13/21 17:48:22",
  "value" : {
    "bpm" : 104,
    "confidence" : 1
  }
},{
  "dateTime" : "02/13/21 17:48:23",
  "value" : {
    "bpm" : 105,
    "confidence" : 1
  }
},{
  "dateTime" : "02/13/21 17:48:26",
  "value" : {
    "bpm" : 105,
    "confidence" : 1
  }
},{
  "dateTime" : "02/13/21 17:48:27",
  "value" : {
    "bpm" : 106,
    "confidence" : 1
  }
},{
  "dateTime" : "02/13/21 17:48:29",
  "value" : {
    "bpm" : 107,
    "confidence" : 1
  }
},{
  "dateTime" : "02/13/21 17:48:30",
  "value" : {
    "bpm" : 108,
    "confidence" : 1
  }
},{
  "dateTime" : "02/13/21 17:48:32",
  "value" : {
    "bpm" : 109,
    "confidence" : 1
  }
},{
  "dateTime" : "02/13/21 17:48:33",
  "value" : {
    "bpm" : 110,
    "confidence" : 1
  }
},{
  "dateTime" : "02/13/21 17:48:35",
  "value" : {
    "bpm" : 111,
    "confidence" : 2
  }
},{
  "dateTime" : "02/13/21 17:48:36",
  "value" : {
    "bpm" : 112,
    "confidence" : 2
  }
},{
  "dateTime" : "02/13/21 17:48:39",
  "value" : {
    "bpm" : 113,
    "confidence" : 2
  }
},{
  "dateTime" : "02/13/21 17:48:41",
  "value" : {
    "bpm" : 112,
    "confidence" : 2
  }
},{
  "dateTime" : "02/13/21 17:48:44",
  "value" : {
    "bpm" : 111,
    "confidence" : 2
  }
},{
  "dateTime" : "02/13/21 17:48:47",
  "value" : {
    "bpm" : 111,
    "confidence" : 2
  }
},{
  "dateTime" : "02/13/21 17:48:50",
  "value" : {
    "bpm" : 111,
    "confidence" : 2
  }
},{
  "dateTime" : "02/13/21 17:48:52",
  "value" : {
    "bpm" : 110,
    "confidence" : 2
  }
},{
  "dateTime" : "02/13/21 17:48:55",
  "value" : {
    "bpm" : 109,
    "confidence" : 2
  }
},{
  "dateTime" : "02/13/21 17:48:57",
  "value" : {
    "bpm" : 108,
    "confidence" : 2
  }
},{
  "dateTime" : "02/13/21 17:49:00",
  "value" : {
    "bpm" : 108,
    "confidence" : 2
  }
},{
  "dateTime" : "02/13/21 17:49:01",
  "value" : {
    "bpm" : 109,
    "confidence" : 2
  }
},{
  "dateTime" : "02/13/21 17:49:04",
  "value" : {
    "bpm" : 109,
    "confidence" : 2
  }
},{
  "dateTime" : "02/13/21 17:49:07",
  "value" : {
    "bpm" : 109,
    "confidence" : 2
  }
},{
  "dateTime" : "02/13/21 17:49:08",
  "value" : {
    "bpm" : 108,
    "confidence" : 2
  }
},{
  "dateTime" : "02/13/21 17:49:11",
  "value" : {
    "bpm" : 109,
    "confidence" : 2
  }
},{
  "dateTime" : "02/13/21 17:49:14",
  "value" : {
    "bpm" : 110,
    "confidence" : 2
  }
},{
  "dateTime" : "02/13/21 17:49:16",
  "value" : {
    "bpm" : 108,
    "confidence" : 2
  }
},{
  "dateTime" : "02/13/21 17:49:17",
  "value" : {
    "bpm" : 107,
    "confidence" : 2
  }
},{
  "dateTime" : "02/13/21 17:49:19",
  "value" : {
    "bpm" : 106,
    "confidence" : 2
  }
},{
  "dateTime" : "02/13/21 17:49:20",
  "value" : {
    "bpm" : 105,
    "confidence" : 2
  }
},{
  "dateTime" : "02/13/21 17:49:21",
  "value" : {
    "bpm" : 103,
    "confidence" : 2
  }
},{
  "dateTime" : "02/13/21 17:49:22",
  "value" : {
    "bpm" : 101,
    "confidence" : 2
  }
},{
  "dateTime" : "02/13/21 17:49:23",
  "value" : {
    "bpm" : 99,
    "confidence" : 2
  }
},{
  "dateTime" : "02/13/21 17:49:26",
  "value" : {
    "bpm" : 99,
    "confidence" : 2
  }
},{
  "dateTime" : "02/13/21 17:49:27",
  "value" : {
    "bpm" : 100,
    "confidence" : 2
  }
},{
  "dateTime" : "02/13/21 17:49:30",
  "value" : {
    "bpm" : 101,
    "confidence" : 2
  }
},{
  "dateTime" : "02/13/21 17:49:31",
  "value" : {
    "bpm" : 102,
    "confidence" : 2
  }
},{
  "dateTime" : "02/13/21 17:49:32",
  "value" : {
    "bpm" : 104,
    "confidence" : 2
  }
},{
  "dateTime" : "02/13/21 17:49:33",
  "value" : {
    "bpm" : 105,
    "confidence" : 2
  }
},{
  "dateTime" : "02/13/21 17:49:34",
  "value" : {
    "bpm" : 107,
    "confidence" : 2
  }
},{
  "dateTime" : "02/13/21 17:49:35",
  "value" : {
    "bpm" : 108,
    "confidence" : 2
  }
},{
  "dateTime" : "02/13/21 17:49:36",
  "value" : {
    "bpm" : 109,
    "confidence" : 2
  }
},{
  "dateTime" : "02/13/21 17:49:37",
  "value" : {
    "bpm" : 110,
    "confidence" : 1
  }
},{
  "dateTime" : "02/13/21 17:49:38",
  "value" : {
    "bpm" : 111,
    "confidence" : 1
  }
},{
  "dateTime" : "02/13/21 17:49:39",
  "value" : {
    "bpm" : 113,
    "confidence" : 1
  }
},{
  "dateTime" : "02/13/21 17:49:40",
  "value" : {
    "bpm" : 114,
    "confidence" : 1
  }
},{
  "dateTime" : "02/13/21 17:49:41",
  "value" : {
    "bpm" : 116,
    "confidence" : 1
  }
},{
  "dateTime" : "02/13/21 17:49:42",
  "value" : {
    "bpm" : 117,
    "confidence" : 1
  }
},{
  "dateTime" : "02/13/21 17:49:43",
  "value" : {
    "bpm" : 118,
    "confidence" : 1
  }
},{
  "dateTime" : "02/13/21 17:49:44",
  "value" : {
    "bpm" : 119,
    "confidence" : 1
  }
},{
  "dateTime" : "02/13/21 17:49:45",
  "value" : {
    "bpm" : 121,
    "confidence" : 1
  }
},{
  "dateTime" : "02/13/21 17:49:46",
  "value" : {
    "bpm" : 122,
    "confidence" : 1
  }
},{
  "dateTime" : "02/13/21 17:49:47",
  "value" : {
    "bpm" : 123,
    "confidence" : 1
  }
},{
  "dateTime" : "02/13/21 17:49:48",
  "value" : {
    "bpm" : 124,
    "confidence" : 1
  }
},{
  "dateTime" : "02/13/21 17:49:50",
  "value" : {
    "bpm" : 125,
    "confidence" : 1
  }
},{
  "dateTime" : "02/13/21 17:49:51",
  "value" : {
    "bpm" : 126,
    "confidence" : 2
  }
},{
  "dateTime" : "02/13/21 17:49:52",
  "value" : {
    "bpm" : 127,
    "confidence" : 2
  }
},{
  "dateTime" : "02/13/21 17:49:54",
  "value" : {
    "bpm" : 128,
    "confidence" : 2
  }
},{
  "dateTime" : "02/13/21 17:49:57",
  "value" : {
    "bpm" : 128,
    "confidence" : 2
  }
},{
  "dateTime" : "02/13/21 17:49:58",
  "value" : {
    "bpm" : 129,
    "confidence" : 2
  }
},{
  "dateTime" : "02/13/21 17:50:01",
  "value" : {
    "bpm" : 129,
    "confidence" : 2
  }
},{
  "dateTime" : "02/13/21 17:50:04",
  "value" : {
    "bpm" : 129,
    "confidence" : 1
  }
},{
  "dateTime" : "02/13/21 17:50:05",
  "value" : {
    "bpm" : 129,
    "confidence" : 2
  }
},{
  "dateTime" : "02/13/21 17:50:08",
  "value" : {
    "bpm" : 129,
    "confidence" : 2
  }
},{
  "dateTime" : "02/13/21 17:50:09",
  "value" : {
    "bpm" : 130,
    "confidence" : 2
  }
},{
  "dateTime" : "02/13/21 17:50:12",
  "value" : {
    "bpm" : 130,
    "confidence" : 2
  }
},{
  "dateTime" : "02/13/21 17:50:15",
  "value" : {
    "bpm" : 130,
    "confidence" : 2
  }
},{
  "dateTime" : "02/13/21 17:50:18",
  "value" : {
    "bpm" : 131,
    "confidence" : 2
  }
},{
  "dateTime" : "02/13/21 17:50:21",
  "value" : {
    "bpm" : 131,
    "confidence" : 2
  }
},{
  "dateTime" : "02/13/21 17:50:22",
  "value" : {
    "bpm" : 130,
    "confidence" : 2
  }
},{
  "dateTime" : "02/13/21 17:50:25",
  "value" : {
    "bpm" : 129,
    "confidence" : 2
  }
},{
  "dateTime" : "02/13/21 17:50:27",
  "value" : {
    "bpm" : 131,
    "confidence" : 2
  }
},{
  "dateTime" : "02/13/21 17:50:28",
  "value" : {
    "bpm" : 133,
    "confidence" : 1
  }
},{
  "dateTime" : "02/13/21 17:50:30",
  "value" : {
    "bpm" : 134,
    "confidence" : 1
  }
},{
  "dateTime" : "02/13/21 17:50:31",
  "value" : {
    "bpm" : 134,
    "confidence" : 2
  }
},{
  "dateTime" : "02/13/21 17:50:32",
  "value" : {
    "bpm" : 135,
    "confidence" : 1
  }
},{
  "dateTime" : "02/13/21 17:50:33",
  "value" : {
    "bpm" : 136,
    "confidence" : 1
  }
},{
  "dateTime" : "02/13/21 17:50:35",
  "value" : {
    "bpm" : 137,
    "confidence" : 2
  }
},{
  "dateTime" : "02/13/21 17:50:36",
  "value" : {
    "bpm" : 138,
    "confidence" : 2
  }
},{
  "dateTime" : "02/13/21 17:50:39",
  "value" : {
    "bpm" : 138,
    "confidence" : 2
  }
},{
  "dateTime" : "02/13/21 17:50:40",
  "value" : {
    "bpm" : 138,
    "confidence" : 1
  }
},{
  "dateTime" : "02/13/21 17:50:42",
  "value" : {
    "bpm" : 137,
    "confidence" : 1
  }
},{
  "dateTime" : "02/13/21 17:50:45",
  "value" : {
    "bpm" : 137,
    "confidence" : 1
  }
},{
  "dateTime" : "02/13/21 17:50:47",
  "value" : {
    "bpm" : 136,
    "confidence" : 1
  }
},{
  "dateTime" : "02/13/21 17:50:48",
  "value" : {
    "bpm" : 135,
    "confidence" : 1
  }
},{
  "dateTime" : "02/13/21 17:50:51",
  "value" : {
    "bpm" : 135,
    "confidence" : 1
  }
},{
  "dateTime" : "02/13/21 17:50:54",
  "value" : {
    "bpm" : 133,
    "confidence" : 1
  }
},{
  "dateTime" : "02/13/21 17:50:55",
  "value" : {
    "bpm" : 132,
    "confidence" : 1
  }
},{
  "dateTime" : "02/13/21 17:50:57",
  "value" : {
    "bpm" : 131,
    "confidence" : 1
  }
},{
  "dateTime" : "02/13/21 17:51:00",
  "value" : {
    "bpm" : 131,
    "confidence" : 1
  }
},{
  "dateTime" : "02/13/21 17:51:02",
  "value" : {
    "bpm" : 132,
    "confidence" : 1
  }
},{
  "dateTime" : "02/13/21 17:51:03",
  "value" : {
    "bpm" : 132,
    "confidence" : 1
  }
},{
  "dateTime" : "02/13/21 17:51:04",
  "value" : {
    "bpm" : 133,
    "confidence" : 1
  }
},{
  "dateTime" : "02/13/21 17:51:06",
  "value" : {
    "bpm" : 134,
    "confidence" : 2
  }
},{
  "dateTime" : "02/13/21 17:51:08",
  "value" : {
    "bpm" : 135,
    "confidence" : 2
  }
},{
  "dateTime" : "02/13/21 17:51:09",
  "value" : {
    "bpm" : 134,
    "confidence" : 2
  }
},{
  "dateTime" : "02/13/21 17:51:12",
  "value" : {
    "bpm" : 134,
    "confidence" : 2
  }
},{
  "dateTime" : "02/13/21 17:51:13",
  "value" : {
    "bpm" : 133,
    "confidence" : 2
  }
},{
  "dateTime" : "02/13/21 17:51:16",
  "value" : {
    "bpm" : 133,
    "confidence" : 2
  }
},{
  "dateTime" : "02/13/21 17:51:19",
  "value" : {
    "bpm" : 133,
    "confidence" : 2
  }
},{
  "dateTime" : "02/13/21 17:51:22",
  "value" : {
    "bpm" : 133,
    "confidence" : 2
  }
},{
  "dateTime" : "02/13/21 17:51:25",
  "value" : {
    "bpm" : 133,
    "confidence" : 2
  }
},{
  "dateTime" : "02/13/21 17:51:28",
  "value" : {
    "bpm" : 133,
    "confidence" : 2
  }
},{
  "dateTime" : "02/13/21 17:51:31",
  "value" : {
    "bpm" : 133,
    "confidence" : 2
  }
},{
  "dateTime" : "02/13/21 17:51:34",
  "value" : {
    "bpm" : 133,
    "confidence" : 2
  }
},{
  "dateTime" : "02/13/21 17:51:36",
  "value" : {
    "bpm" : 134,
    "confidence" : 2
  }
},{
  "dateTime" : "02/13/21 17:51:39",
  "value" : {
    "bpm" : 134,
    "confidence" : 2
  }
},{
  "dateTime" : "02/13/21 17:51:42",
  "value" : {
    "bpm" : 134,
    "confidence" : 2
  }
},{
  "dateTime" : "02/13/21 17:51:43",
  "value" : {
    "bpm" : 135,
    "confidence" : 2
  }
},{
  "dateTime" : "02/13/21 17:51:46",
  "value" : {
    "bpm" : 136,
    "confidence" : 2
  }
},{
  "dateTime" : "02/13/21 17:51:48",
  "value" : {
    "bpm" : 137,
    "confidence" : 2
  }
},{
  "dateTime" : "02/13/21 17:51:50",
  "value" : {
    "bpm" : 138,
    "confidence" : 2
  }
},{
  "dateTime" : "02/13/21 17:51:53",
  "value" : {
    "bpm" : 139,
    "confidence" : 2
  }
},{
  "dateTime" : "02/13/21 17:51:56",
  "value" : {
    "bpm" : 140,
    "confidence" : 2
  }
},{
  "dateTime" : "02/13/21 17:51:58",
  "value" : {
    "bpm" : 139,
    "confidence" : 2
  }
},{
  "dateTime" : "02/13/21 17:51:59",
  "value" : {
    "bpm" : 138,
    "confidence" : 2
  }
},{
  "dateTime" : "02/13/21 17:52:02",
  "value" : {
    "bpm" : 138,
    "confidence" : 2
  }
},{
  "dateTime" : "02/13/21 17:52:05",
  "value" : {
    "bpm" : 138,
    "confidence" : 2
  }
},{
  "dateTime" : "02/13/21 17:52:06",
  "value" : {
    "bpm" : 137,
    "confidence" : 2
  }
},{
  "dateTime" : "02/13/21 17:52:08",
  "value" : {
    "bpm" : 136,
    "confidence" : 2
  }
},{
  "dateTime" : "02/13/21 17:52:09",
  "value" : {
    "bpm" : 137,
    "confidence" : 2
  }
},{
  "dateTime" : "02/13/21 17:52:11",
  "value" : {
    "bpm" : 138,
    "confidence" : 2
  }
},{
  "dateTime" : "02/13/21 17:52:13",
  "value" : {
    "bpm" : 139,
    "confidence" : 2
  }
},{
  "dateTime" : "02/13/21 17:52:16",
  "value" : {
    "bpm" : 140,
    "confidence" : 2
  }
},{
  "dateTime" : "02/13/21 17:52:18",
  "value" : {
    "bpm" : 139,
    "confidence" : 2
  }
},{
  "dateTime" : "02/13/21 17:52:19",
  "value" : {
    "bpm" : 137,
    "confidence" : 2
  }
},{
  "dateTime" : "02/13/21 17:52:22",
  "value" : {
    "bpm" : 137,
    "confidence" : 2
  }
},{
  "dateTime" : "02/13/21 17:52:25",
  "value" : {
    "bpm" : 138,
    "confidence" : 2
  }
},{
  "dateTime" : "02/13/21 17:52:28",
  "value" : {
    "bpm" : 138,
    "confidence" : 2
  }
},{
  "dateTime" : "02/13/21 17:52:31",
  "value" : {
    "bpm" : 138,
    "confidence" : 2
  }
},{
  "dateTime" : "02/13/21 17:52:33",
  "value" : {
    "bpm" : 137,
    "confidence" : 2
  }
},{
  "dateTime" : "02/13/21 17:52:34",
  "value" : {
    "bpm" : 136,
    "confidence" : 2
  }
},{
  "dateTime" : "02/13/21 17:52:35",
  "value" : {
    "bpm" : 135,
    "confidence" : 2
  }
},{
  "dateTime" : "02/13/21 17:52:37",
  "value" : {
    "bpm" : 136,
    "confidence" : 2
  }
},{
  "dateTime" : "02/13/21 17:52:40",
  "value" : {
    "bpm" : 136,
    "confidence" : 2
  }
},{
  "dateTime" : "02/13/21 17:52:41",
  "value" : {
    "bpm" : 135,
    "confidence" : 2
  }
},{
  "dateTime" : "02/13/21 17:52:44",
  "value" : {
    "bpm" : 134,
    "confidence" : 2
  }
},{
  "dateTime" : "02/13/21 17:52:45",
  "value" : {
    "bpm" : 133,
    "confidence" : 2
  }
},{
  "dateTime" : "02/13/21 17:52:46",
  "value" : {
    "bpm" : 132,
    "confidence" : 2
  }
},{
  "dateTime" : "02/13/21 17:52:49",
  "value" : {
    "bpm" : 132,
    "confidence" : 2
  }
},{
  "dateTime" : "02/13/21 17:52:51",
  "value" : {
    "bpm" : 133,
    "confidence" : 2
  }
},{
  "dateTime" : "02/13/21 17:52:52",
  "value" : {
    "bpm" : 132,
    "confidence" : 2
  }
},{
  "dateTime" : "02/13/21 17:52:53",
  "value" : {
    "bpm" : 131,
    "confidence" : 2
  }
},{
  "dateTime" : "02/13/21 17:52:54",
  "value" : {
    "bpm" : 130,
    "confidence" : 2
  }
},{
  "dateTime" : "02/13/21 17:52:55",
  "value" : {
    "bpm" : 129,
    "confidence" : 2
  }
},{
  "dateTime" : "02/13/21 17:52:56",
  "value" : {
    "bpm" : 129,
    "confidence" : 2
  }
},{
  "dateTime" : "02/13/21 17:52:58",
  "value" : {
    "bpm" : 130,
    "confidence" : 2
  }
},{
  "dateTime" : "02/13/21 17:52:59",
  "value" : {
    "bpm" : 131,
    "confidence" : 2
  }
},{
  "dateTime" : "02/13/21 17:53:00",
  "value" : {
    "bpm" : 132,
    "confidence" : 2
  }
},{
  "dateTime" : "02/13/21 17:53:01",
  "value" : {
    "bpm" : 133,
    "confidence" : 2
  }
},{
  "dateTime" : "02/13/21 17:53:04",
  "value" : {
    "bpm" : 132,
    "confidence" : 2
  }
},{
  "dateTime" : "02/13/21 17:53:05",
  "value" : {
    "bpm" : 131,
    "confidence" : 2
  }
},{
  "dateTime" : "02/13/21 17:53:07",
  "value" : {
    "bpm" : 130,
    "confidence" : 2
  }
},{
  "dateTime" : "02/13/21 17:53:08",
  "value" : {
    "bpm" : 129,
    "confidence" : 2
  }
},{
  "dateTime" : "02/13/21 17:53:09",
  "value" : {
    "bpm" : 128,
    "confidence" : 2
  }
},{
  "dateTime" : "02/13/21 17:53:10",
  "value" : {
    "bpm" : 126,
    "confidence" : 2
  }
},{
  "dateTime" : "02/13/21 17:53:11",
  "value" : {
    "bpm" : 125,
    "confidence" : 2
  }
},{
  "dateTime" : "02/13/21 17:53:13",
  "value" : {
    "bpm" : 127,
    "confidence" : 1
  }
},{
  "dateTime" : "02/13/21 17:53:14",
  "value" : {
    "bpm" : 126,
    "confidence" : 1
  }
},{
  "dateTime" : "02/13/21 17:53:15",
  "value" : {
    "bpm" : 125,
    "confidence" : 1
  }
},{
  "dateTime" : "02/13/21 17:53:16",
  "value" : {
    "bpm" : 123,
    "confidence" : 1
  }
},{
  "dateTime" : "02/13/21 17:53:17",
  "value" : {
    "bpm" : 122,
    "confidence" : 1
  }
},{
  "dateTime" : "02/13/21 17:53:18",
  "value" : {
    "bpm" : 120,
    "confidence" : 1
  }
},{
  "dateTime" : "02/13/21 17:53:19",
  "value" : {
    "bpm" : 118,
    "confidence" : 1
  }
},{
  "dateTime" : "02/13/21 17:53:20",
  "value" : {
    "bpm" : 115,
    "confidence" : 1
  }
},{
  "dateTime" : "02/13/21 17:53:21",
  "value" : {
    "bpm" : 113,
    "confidence" : 1
  }
},{
  "dateTime" : "02/13/21 17:53:22",
  "value" : {
    "bpm" : 112,
    "confidence" : 1
  }
},{
  "dateTime" : "02/13/21 17:53:23",
  "value" : {
    "bpm" : 110,
    "confidence" : 1
  }
},{
  "dateTime" : "02/13/21 17:53:25",
  "value" : {
    "bpm" : 109,
    "confidence" : 1
  }
},{
  "dateTime" : "02/13/21 17:53:28",
  "value" : {
    "bpm" : 108,
    "confidence" : 1
  }
},{
  "dateTime" : "02/13/21 17:53:30",
  "value" : {
    "bpm" : 107,
    "confidence" : 1
  }
},{
  "dateTime" : "02/13/21 17:53:31",
  "value" : {
    "bpm" : 105,
    "confidence" : 1
  }
},{
  "dateTime" : "02/13/21 17:53:32",
  "value" : {
    "bpm" : 104,
    "confidence" : 1
  }
},{
  "dateTime" : "02/13/21 17:53:33",
  "value" : {
    "bpm" : 103,
    "confidence" : 1
  }
},{
  "dateTime" : "02/13/21 17:53:35",
  "value" : {
    "bpm" : 104,
    "confidence" : 1
  }
},{
  "dateTime" : "02/13/21 17:53:38",
  "value" : {
    "bpm" : 105,
    "confidence" : 1
  }
},{
  "dateTime" : "02/13/21 17:53:39",
  "value" : {
    "bpm" : 106,
    "confidence" : 1
  }
},{
  "dateTime" : "02/13/21 17:53:41",
  "value" : {
    "bpm" : 107,
    "confidence" : 1
  }
},{
  "dateTime" : "02/13/21 17:53:42",
  "value" : {
    "bpm" : 108,
    "confidence" : 1
  }
},{
  "dateTime" : "02/13/21 17:53:43",
  "value" : {
    "bpm" : 109,
    "confidence" : 1
  }
},{
  "dateTime" : "02/13/21 17:53:44",
  "value" : {
    "bpm" : 111,
    "confidence" : 1
  }
},{
  "dateTime" : "02/13/21 17:53:45",
  "value" : {
    "bpm" : 112,
    "confidence" : 1
  }
},{
  "dateTime" : "02/13/21 17:53:47",
  "value" : {
    "bpm" : 111,
    "confidence" : 1
  }
},{
  "dateTime" : "02/13/21 17:53:50",
  "value" : {
    "bpm" : 111,
    "confidence" : 1
  }
},{
  "dateTime" : "02/13/21 17:53:51",
  "value" : {
    "bpm" : 113,
    "confidence" : 1
  }
},{
  "dateTime" : "02/13/21 17:53:53",
  "value" : {
    "bpm" : 114,
    "confidence" : 1
  }
},{
  "dateTime" : "02/13/21 17:53:54",
  "value" : {
    "bpm" : 115,
    "confidence" : 1
  }
},{
  "dateTime" : "02/13/21 17:53:55",
  "value" : {
    "bpm" : 116,
    "confidence" : 1
  }
},{
  "dateTime" : "02/13/21 17:53:56",
  "value" : {
    "bpm" : 119,
    "confidence" : 1
  }
},{
  "dateTime" : "02/13/21 17:53:57",
  "value" : {
    "bpm" : 120,
    "confidence" : 1
  }
},{
  "dateTime" : "02/13/21 17:53:59",
  "value" : {
    "bpm" : 119,
    "confidence" : 1
  }
},{
  "dateTime" : "02/13/21 17:54:01",
  "value" : {
    "bpm" : 118,
    "confidence" : 1
  }
},{
  "dateTime" : "02/13/21 17:54:03",
  "value" : {
    "bpm" : 117,
    "confidence" : 1
  }
},{
  "dateTime" : "02/13/21 17:54:05",
  "value" : {
    "bpm" : 116,
    "confidence" : 1
  }
},{
  "dateTime" : "02/13/21 17:54:06",
  "value" : {
    "bpm" : 115,
    "confidence" : 1
  }
},{
  "dateTime" : "02/13/21 17:54:09",
  "value" : {
    "bpm" : 116,
    "confidence" : 1
  }
},{
  "dateTime" : "02/13/21 17:54:11",
  "value" : {
    "bpm" : 115,
    "confidence" : 1
  }
},{
  "dateTime" : "02/13/21 17:54:14",
  "value" : {
    "bpm" : 115,
    "confidence" : 1
  }
},{
  "dateTime" : "02/13/21 17:54:15",
  "value" : {
    "bpm" : 116,
    "confidence" : 1
  }
},{
  "dateTime" : "02/13/21 17:54:16",
  "value" : {
    "bpm" : 116,
    "confidence" : 1
  }
},{
  "dateTime" : "02/13/21 17:54:18",
  "value" : {
    "bpm" : 115,
    "confidence" : 1
  }
},{
  "dateTime" : "02/13/21 17:54:20",
  "value" : {
    "bpm" : 114,
    "confidence" : 1
  }
},{
  "dateTime" : "02/13/21 17:54:21",
  "value" : {
    "bpm" : 113,
    "confidence" : 1
  }
},{
  "dateTime" : "02/13/21 17:54:22",
  "value" : {
    "bpm" : 112,
    "confidence" : 1
  }
},{
  "dateTime" : "02/13/21 17:54:24",
  "value" : {
    "bpm" : 111,
    "confidence" : 1
  }
},{
  "dateTime" : "02/13/21 17:54:26",
  "value" : {
    "bpm" : 112,
    "confidence" : 1
  }
},{
  "dateTime" : "02/13/21 17:54:29",
  "value" : {
    "bpm" : 113,
    "confidence" : 1
  }
},{
  "dateTime" : "02/13/21 17:54:32",
  "value" : {
    "bpm" : 113,
    "confidence" : 1
  }
},{
  "dateTime" : "02/13/21 17:54:33",
  "value" : {
    "bpm" : 112,
    "confidence" : 1
  }
},{
  "dateTime" : "02/13/21 17:54:34",
  "value" : {
    "bpm" : 111,
    "confidence" : 1
  }
},{
  "dateTime" : "02/13/21 17:54:35",
  "value" : {
    "bpm" : 110,
    "confidence" : 1
  }
},{
  "dateTime" : "02/13/21 17:54:37",
  "value" : {
    "bpm" : 109,
    "confidence" : 1
  }
},{
  "dateTime" : "02/13/21 17:54:38",
  "value" : {
    "bpm" : 108,
    "confidence" : 1
  }
},{
  "dateTime" : "02/13/21 17:54:39",
  "value" : {
    "bpm" : 107,
    "confidence" : 1
  }
},{
  "dateTime" : "02/13/21 17:54:42",
  "value" : {
    "bpm" : 108,
    "confidence" : 1
  }
},{
  "dateTime" : "02/13/21 17:54:43",
  "value" : {
    "bpm" : 109,
    "confidence" : 1
  }
},{
  "dateTime" : "02/13/21 17:54:44",
  "value" : {
    "bpm" : 110,
    "confidence" : 1
  }
},{
  "dateTime" : "02/13/21 17:54:45",
  "value" : {
    "bpm" : 111,
    "confidence" : 1
  }
},{
  "dateTime" : "02/13/21 17:54:46",
  "value" : {
    "bpm" : 112,
    "confidence" : 1
  }
},{
  "dateTime" : "02/13/21 17:54:49",
  "value" : {
    "bpm" : 113,
    "confidence" : 1
  }
},{
  "dateTime" : "02/13/21 17:54:50",
  "value" : {
    "bpm" : 112,
    "confidence" : 1
  }
},{
  "dateTime" : "02/13/21 17:54:52",
  "value" : {
    "bpm" : 111,
    "confidence" : 1
  }
},{
  "dateTime" : "02/13/21 17:54:55",
  "value" : {
    "bpm" : 111,
    "confidence" : 1
  }
},{
  "dateTime" : "02/13/21 17:54:56",
  "value" : {
    "bpm" : 112,
    "confidence" : 1
  }
},{
  "dateTime" : "02/13/21 17:54:58",
  "value" : {
    "bpm" : 113,
    "confidence" : 1
  }
},{
  "dateTime" : "02/13/21 17:54:59",
  "value" : {
    "bpm" : 114,
    "confidence" : 1
  }
},{
  "dateTime" : "02/13/21 17:55:00",
  "value" : {
    "bpm" : 114,
    "confidence" : 1
  }
},{
  "dateTime" : "02/13/21 17:55:02",
  "value" : {
    "bpm" : 115,
    "confidence" : 1
  }
},{
  "dateTime" : "02/13/21 17:55:03",
  "value" : {
    "bpm" : 116,
    "confidence" : 1
  }
},{
  "dateTime" : "02/13/21 17:55:06",
  "value" : {
    "bpm" : 116,
    "confidence" : 1
  }
},{
  "dateTime" : "02/13/21 17:55:08",
  "value" : {
    "bpm" : 117,
    "confidence" : 1
  }
},{
  "dateTime" : "02/13/21 17:55:09",
  "value" : {
    "bpm" : 118,
    "confidence" : 1
  }
},{
  "dateTime" : "02/13/21 17:55:12",
  "value" : {
    "bpm" : 119,
    "confidence" : 1
  }
},{
  "dateTime" : "02/13/21 17:55:13",
  "value" : {
    "bpm" : 118,
    "confidence" : 1
  }
},{
  "dateTime" : "02/13/21 17:55:14",
  "value" : {
    "bpm" : 117,
    "confidence" : 1
  }
},{
  "dateTime" : "02/13/21 17:55:16",
  "value" : {
    "bpm" : 118,
    "confidence" : 1
  }
},{
  "dateTime" : "02/13/21 17:55:19",
  "value" : {
    "bpm" : 119,
    "confidence" : 1
  }
},{
  "dateTime" : "02/13/21 17:55:20",
  "value" : {
    "bpm" : 120,
    "confidence" : 1
  }
},{
  "dateTime" : "02/13/21 17:55:21",
  "value" : {
    "bpm" : 121,
    "confidence" : 1
  }
},{
  "dateTime" : "02/13/21 17:55:22",
  "value" : {
    "bpm" : 122,
    "confidence" : 1
  }
},{
  "dateTime" : "02/13/21 17:55:23",
  "value" : {
    "bpm" : 123,
    "confidence" : 1
  }
},{
  "dateTime" : "02/13/21 17:55:24",
  "value" : {
    "bpm" : 124,
    "confidence" : 1
  }
},{
  "dateTime" : "02/13/21 17:55:26",
  "value" : {
    "bpm" : 125,
    "confidence" : 1
  }
},{
  "dateTime" : "02/13/21 17:55:29",
  "value" : {
    "bpm" : 125,
    "confidence" : 1
  }
},{
  "dateTime" : "02/13/21 17:55:30",
  "value" : {
    "bpm" : 124,
    "confidence" : 1
  }
},{
  "dateTime" : "02/13/21 17:55:32",
  "value" : {
    "bpm" : 125,
    "confidence" : 1
  }
},{
  "dateTime" : "02/13/21 17:55:34",
  "value" : {
    "bpm" : 124,
    "confidence" : 0
  }
},{
  "dateTime" : "02/13/21 17:55:35",
  "value" : {
    "bpm" : 123,
    "confidence" : 0
  }
},{
  "dateTime" : "02/13/21 17:55:37",
  "value" : {
    "bpm" : 124,
    "confidence" : 0
  }
},{
  "dateTime" : "02/13/21 17:55:40",
  "value" : {
    "bpm" : 124,
    "confidence" : 0
  }
},{
  "dateTime" : "02/13/21 17:55:42",
  "value" : {
    "bpm" : 123,
    "confidence" : 0
  }
},{
  "dateTime" : "02/13/21 17:55:43",
  "value" : {
    "bpm" : 122,
    "confidence" : 0
  }
},{
  "dateTime" : "02/13/21 17:55:44",
  "value" : {
    "bpm" : 121,
    "confidence" : 0
  }
},{
  "dateTime" : "02/13/21 17:55:45",
  "value" : {
    "bpm" : 120,
    "confidence" : 0
  }
},{
  "dateTime" : "02/13/21 17:55:46",
  "value" : {
    "bpm" : 119,
    "confidence" : 0
  }
},{
  "dateTime" : "02/13/21 17:55:47",
  "value" : {
    "bpm" : 118,
    "confidence" : 0
  }
},{
  "dateTime" : "02/13/21 17:55:49",
  "value" : {
    "bpm" : 117,
    "confidence" : 0
  }
},{
  "dateTime" : "02/13/21 17:55:50",
  "value" : {
    "bpm" : 116,
    "confidence" : 0
  }
},{
  "dateTime" : "02/13/21 17:55:52",
  "value" : {
    "bpm" : 117,
    "confidence" : 0
  }
},{
  "dateTime" : "02/13/21 17:55:53",
  "value" : {
    "bpm" : 118,
    "confidence" : 0
  }
},{
  "dateTime" : "02/13/21 17:55:54",
  "value" : {
    "bpm" : 118,
    "confidence" : 1
  }
},{
  "dateTime" : "02/13/21 17:55:57",
  "value" : {
    "bpm" : 118,
    "confidence" : 1
  }
},{
  "dateTime" : "02/13/21 17:56:00",
  "value" : {
    "bpm" : 118,
    "confidence" : 1
  }
},{
  "dateTime" : "02/13/21 17:56:03",
  "value" : {
    "bpm" : 118,
    "confidence" : 1
  }
},{
  "dateTime" : "02/13/21 17:56:06",
  "value" : {
    "bpm" : 118,
    "confidence" : 1
  }
},{
  "dateTime" : "02/13/21 17:56:09",
  "value" : {
    "bpm" : 118,
    "confidence" : 1
  }
},{
  "dateTime" : "02/13/21 17:56:11",
  "value" : {
    "bpm" : 117,
    "confidence" : 1
  }
},{
  "dateTime" : "02/13/21 17:56:13",
  "value" : {
    "bpm" : 118,
    "confidence" : 1
  }
},{
  "dateTime" : "02/13/21 17:56:14",
  "value" : {
    "bpm" : 119,
    "confidence" : 1
  }
},{
  "dateTime" : "02/13/21 17:56:15",
  "value" : {
    "bpm" : 120,
    "confidence" : 1
  }
},{
  "dateTime" : "02/13/21 17:56:16",
  "value" : {
    "bpm" : 121,
    "confidence" : 1
  }
},{
  "dateTime" : "02/13/21 17:56:17",
  "value" : {
    "bpm" : 123,
    "confidence" : 1
  }
},{
  "dateTime" : "02/13/21 17:56:19",
  "value" : {
    "bpm" : 124,
    "confidence" : 1
  }
},{
  "dateTime" : "02/13/21 17:56:20",
  "value" : {
    "bpm" : 125,
    "confidence" : 1
  }
},{
  "dateTime" : "02/13/21 17:56:21",
  "value" : {
    "bpm" : 125,
    "confidence" : 0
  }
},{
  "dateTime" : "02/13/21 17:56:23",
  "value" : {
    "bpm" : 126,
    "confidence" : 0
  }
},{
  "dateTime" : "02/13/21 17:56:26",
  "value" : {
    "bpm" : 126,
    "confidence" : 1
  }
},{
  "dateTime" : "02/13/21 17:56:28",
  "value" : {
    "bpm" : 127,
    "confidence" : 1
  }
},{
  "dateTime" : "02/13/21 17:56:29",
  "value" : {
    "bpm" : 129,
    "confidence" : 1
  }
},{
  "dateTime" : "02/13/21 17:56:30",
  "value" : {
    "bpm" : 130,
    "confidence" : 0
  }
},{
  "dateTime" : "02/13/21 17:56:31",
  "value" : {
    "bpm" : 131,
    "confidence" : 0
  }
},{
  "dateTime" : "02/13/21 17:56:32",
  "value" : {
    "bpm" : 132,
    "confidence" : 1
  }
},{
  "dateTime" : "02/13/21 17:56:35",
  "value" : {
    "bpm" : 132,
    "confidence" : 1
  }
},{
  "dateTime" : "02/13/21 17:56:37",
  "value" : {
    "bpm" : 133,
    "confidence" : 1
  }
},{
  "dateTime" : "02/13/21 17:56:39",
  "value" : {
    "bpm" : 132,
    "confidence" : 1
  }
},{
  "dateTime" : "02/13/21 17:56:42",
  "value" : {
    "bpm" : 132,
    "confidence" : 1
  }
},{
  "dateTime" : "02/13/21 17:56:43",
  "value" : {
    "bpm" : 131,
    "confidence" : 1
  }
},{
  "dateTime" : "02/13/21 17:56:46",
  "value" : {
    "bpm" : 131,
    "confidence" : 1
  }
},{
  "dateTime" : "02/13/21 17:56:47",
  "value" : {
    "bpm" : 130,
    "confidence" : 1
  }
},{
  "dateTime" : "02/13/21 17:56:48",
  "value" : {
    "bpm" : 129,
    "confidence" : 1
  }
},{
  "dateTime" : "02/13/21 17:56:49",
  "value" : {
    "bpm" : 127,
    "confidence" : 1
  }
},{
  "dateTime" : "02/13/21 17:56:50",
  "value" : {
    "bpm" : 128,
    "confidence" : 1
  }
},{
  "dateTime" : "02/13/21 17:56:51",
  "value" : {
    "bpm" : 129,
    "confidence" : 1
  }
},{
  "dateTime" : "02/13/21 17:56:53",
  "value" : {
    "bpm" : 130,
    "confidence" : 1
  }
},{
  "dateTime" : "02/13/21 17:56:56",
  "value" : {
    "bpm" : 130,
    "confidence" : 1
  }
},{
  "dateTime" : "02/13/21 17:56:57",
  "value" : {
    "bpm" : 128,
    "confidence" : 1
  }
},{
  "dateTime" : "02/13/21 17:56:59",
  "value" : {
    "bpm" : 129,
    "confidence" : 1
  }
},{
  "dateTime" : "02/13/21 17:57:00",
  "value" : {
    "bpm" : 130,
    "confidence" : 1
  }
},{
  "dateTime" : "02/13/21 17:57:01",
  "value" : {
    "bpm" : 131,
    "confidence" : 1
  }
},{
  "dateTime" : "02/13/21 17:57:02",
  "value" : {
    "bpm" : 132,
    "confidence" : 1
  }
},{
  "dateTime" : "02/13/21 17:57:03",
  "value" : {
    "bpm" : 133,
    "confidence" : 1
  }
},{
  "dateTime" : "02/13/21 17:57:04",
  "value" : {
    "bpm" : 134,
    "confidence" : 1
  }
},{
  "dateTime" : "02/13/21 17:57:05",
  "value" : {
    "bpm" : 135,
    "confidence" : 1
  }
},{
  "dateTime" : "02/13/21 17:57:06",
  "value" : {
    "bpm" : 136,
    "confidence" : 1
  }
},{
  "dateTime" : "02/13/21 17:57:07",
  "value" : {
    "bpm" : 137,
    "confidence" : 1
  }
},{
  "dateTime" : "02/13/21 17:57:09",
  "value" : {
    "bpm" : 138,
    "confidence" : 0
  }
},{
  "dateTime" : "02/13/21 17:57:10",
  "value" : {
    "bpm" : 139,
    "confidence" : 0
  }
},{
  "dateTime" : "02/13/21 17:57:11",
  "value" : {
    "bpm" : 140,
    "confidence" : 0
  }
},{
  "dateTime" : "02/13/21 17:57:13",
  "value" : {
    "bpm" : 141,
    "confidence" : 0
  }
},{
  "dateTime" : "02/13/21 17:57:14",
  "value" : {
    "bpm" : 142,
    "confidence" : 0
  }
},{
  "dateTime" : "02/13/21 17:57:15",
  "value" : {
    "bpm" : 143,
    "confidence" : 0
  }
},{
  "dateTime" : "02/13/21 17:57:16",
  "value" : {
    "bpm" : 144,
    "confidence" : 0
  }
},{
  "dateTime" : "02/13/21 17:57:19",
  "value" : {
    "bpm" : 145,
    "confidence" : 0
  }
},{
  "dateTime" : "02/13/21 17:57:20",
  "value" : {
    "bpm" : 146,
    "confidence" : 1
  }
},{
  "dateTime" : "02/13/21 17:57:22",
  "value" : {
    "bpm" : 145,
    "confidence" : 1
  }
},{
  "dateTime" : "02/13/21 17:57:23",
  "value" : {
    "bpm" : 145,
    "confidence" : 0
  }
},{
  "dateTime" : "02/13/21 17:57:24",
  "value" : {
    "bpm" : 144,
    "confidence" : 0
  }
},{
  "dateTime" : "02/13/21 17:57:26",
  "value" : {
    "bpm" : 144,
    "confidence" : 1
  }
},{
  "dateTime" : "02/13/21 17:57:29",
  "value" : {
    "bpm" : 144,
    "confidence" : 0
  }
},{
  "dateTime" : "02/13/21 17:57:32",
  "value" : {
    "bpm" : 144,
    "confidence" : 0
  }
},{
  "dateTime" : "02/13/21 17:57:35",
  "value" : {
    "bpm" : 144,
    "confidence" : 1
  }
},{
  "dateTime" : "02/13/21 17:57:38",
  "value" : {
    "bpm" : 143,
    "confidence" : 1
  }
},{
  "dateTime" : "02/13/21 17:57:39",
  "value" : {
    "bpm" : 142,
    "confidence" : 1
  }
},{
  "dateTime" : "02/13/21 17:57:40",
  "value" : {
    "bpm" : 141,
    "confidence" : 1
  }
},{
  "dateTime" : "02/13/21 17:57:42",
  "value" : {
    "bpm" : 142,
    "confidence" : 1
  }
},{
  "dateTime" : "02/13/21 17:57:45",
  "value" : {
    "bpm" : 142,
    "confidence" : 1
  }
},{
  "dateTime" : "02/13/21 17:57:46",
  "value" : {
    "bpm" : 142,
    "confidence" : 2
  }
},{
  "dateTime" : "02/13/21 17:57:48",
  "value" : {
    "bpm" : 141,
    "confidence" : 2
  }
},{
  "dateTime" : "02/13/21 17:57:49",
  "value" : {
    "bpm" : 140,
    "confidence" : 2
  }
},{
  "dateTime" : "02/13/21 17:57:51",
  "value" : {
    "bpm" : 139,
    "confidence" : 2
  }
},{
  "dateTime" : "02/13/21 17:57:54",
  "value" : {
    "bpm" : 139,
    "confidence" : 2
  }
},{
  "dateTime" : "02/13/21 17:57:55",
  "value" : {
    "bpm" : 141,
    "confidence" : 2
  }
},{
  "dateTime" : "02/13/21 17:57:57",
  "value" : {
    "bpm" : 142,
    "confidence" : 2
  }
},{
  "dateTime" : "02/13/21 17:58:00",
  "value" : {
    "bpm" : 142,
    "confidence" : 2
  }
},{
  "dateTime" : "02/13/21 17:58:01",
  "value" : {
    "bpm" : 142,
    "confidence" : 2
  }
},{
  "dateTime" : "02/13/21 17:58:02",
  "value" : {
    "bpm" : 141,
    "confidence" : 2
  }
},{
  "dateTime" : "02/13/21 17:58:04",
  "value" : {
    "bpm" : 140,
    "confidence" : 2
  }
},{
  "dateTime" : "02/13/21 17:58:05",
  "value" : {
    "bpm" : 139,
    "confidence" : 2
  }
},{
  "dateTime" : "02/13/21 17:58:08",
  "value" : {
    "bpm" : 138,
    "confidence" : 2
  }
},{
  "dateTime" : "02/13/21 17:58:11",
  "value" : {
    "bpm" : 138,
    "confidence" : 2
  }
},{
  "dateTime" : "02/13/21 17:58:14",
  "value" : {
    "bpm" : 138,
    "confidence" : 2
  }
},{
  "dateTime" : "02/13/21 17:58:17",
  "value" : {
    "bpm" : 139,
    "confidence" : 2
  }
},{
  "dateTime" : "02/13/21 17:58:20",
  "value" : {
    "bpm" : 139,
    "confidence" : 2
  }
},{
  "dateTime" : "02/13/21 17:58:21",
  "value" : {
    "bpm" : 140,
    "confidence" : 2
  }
},{
  "dateTime" : "02/13/21 17:58:24",
  "value" : {
    "bpm" : 141,
    "confidence" : 2
  }
},{
  "dateTime" : "02/13/21 17:58:26",
  "value" : {
    "bpm" : 142,
    "confidence" : 2
  }
},{
  "dateTime" : "02/13/21 17:58:28",
  "value" : {
    "bpm" : 143,
    "confidence" : 2
  }
},{
  "dateTime" : "02/13/21 17:58:30",
  "value" : {
    "bpm" : 144,
    "confidence" : 2
  }
},{
  "dateTime" : "02/13/21 17:58:33",
  "value" : {
    "bpm" : 145,
    "confidence" : 2
  }
},{
  "dateTime" : "02/13/21 17:58:35",
  "value" : {
    "bpm" : 146,
    "confidence" : 2
  }
},{
  "dateTime" : "02/13/21 17:58:37",
  "value" : {
    "bpm" : 147,
    "confidence" : 2
  }
},{
  "dateTime" : "02/13/21 17:58:38",
  "value" : {
    "bpm" : 148,
    "confidence" : 2
  }
},{
  "dateTime" : "02/13/21 17:58:41",
  "value" : {
    "bpm" : 148,
    "confidence" : 2
  }
},{
  "dateTime" : "02/13/21 17:58:42",
  "value" : {
    "bpm" : 149,
    "confidence" : 2
  }
},{
  "dateTime" : "02/13/21 17:58:45",
  "value" : {
    "bpm" : 150,
    "confidence" : 2
  }
},{
  "dateTime" : "02/13/21 17:58:48",
  "value" : {
    "bpm" : 151,
    "confidence" : 2
  }
},{
  "dateTime" : "02/13/21 17:58:51",
  "value" : {
    "bpm" : 151,
    "confidence" : 2
  }
},{
  "dateTime" : "02/13/21 17:58:54",
  "value" : {
    "bpm" : 152,
    "confidence" : 2
  }
},{
  "dateTime" : "02/13/21 17:58:57",
  "value" : {
    "bpm" : 153,
    "confidence" : 2
  }
},{
  "dateTime" : "02/13/21 17:59:00",
  "value" : {
    "bpm" : 154,
    "confidence" : 2
  }
},{
  "dateTime" : "02/13/21 17:59:03",
  "value" : {
    "bpm" : 153,
    "confidence" : 2
  }
},{
  "dateTime" : "02/13/21 17:59:04",
  "value" : {
    "bpm" : 153,
    "confidence" : 2
  }
},{
  "dateTime" : "02/13/21 17:59:07",
  "value" : {
    "bpm" : 153,
    "confidence" : 2
  }
},{
  "dateTime" : "02/13/21 17:59:09",
  "value" : {
    "bpm" : 152,
    "confidence" : 2
  }
},{
  "dateTime" : "02/13/21 17:59:12",
  "value" : {
    "bpm" : 152,
    "confidence" : 2
  }
},{
  "dateTime" : "02/13/21 17:59:13",
  "value" : {
    "bpm" : 151,
    "confidence" : 2
  }
},{
  "dateTime" : "02/13/21 17:59:14",
  "value" : {
    "bpm" : 152,
    "confidence" : 2
  }
},{
  "dateTime" : "02/13/21 17:59:15",
  "value" : {
    "bpm" : 151,
    "confidence" : 2
  }
},{
  "dateTime" : "02/13/21 17:59:17",
  "value" : {
    "bpm" : 150,
    "confidence" : 2
  }
},{
  "dateTime" : "02/13/21 17:59:20",
  "value" : {
    "bpm" : 150,
    "confidence" : 2
  }
},{
  "dateTime" : "02/13/21 17:59:23",
  "value" : {
    "bpm" : 149,
    "confidence" : 2
  }
},{
  "dateTime" : "02/13/21 17:59:26",
  "value" : {
    "bpm" : 148,
    "confidence" : 2
  }
},{
  "dateTime" : "02/13/21 17:59:29",
  "value" : {
    "bpm" : 147,
    "confidence" : 2
  }
},{
  "dateTime" : "02/13/21 17:59:30",
  "value" : {
    "bpm" : 146,
    "confidence" : 2
  }
},{
  "dateTime" : "02/13/21 17:59:33",
  "value" : {
    "bpm" : 145,
    "confidence" : 2
  }
},{
  "dateTime" : "02/13/21 17:59:36",
  "value" : {
    "bpm" : 144,
    "confidence" : 2
  }
},{
  "dateTime" : "02/13/21 17:59:39",
  "value" : {
    "bpm" : 144,
    "confidence" : 2
  }
},{
  "dateTime" : "02/13/21 17:59:42",
  "value" : {
    "bpm" : 145,
    "confidence" : 2
  }
},{
  "dateTime" : "02/13/21 17:59:45",
  "value" : {
    "bpm" : 145,
    "confidence" : 2
  }
},{
  "dateTime" : "02/13/21 17:59:48",
  "value" : {
    "bpm" : 145,
    "confidence" : 2
  }
},{
  "dateTime" : "02/13/21 17:59:50",
  "value" : {
    "bpm" : 146,
    "confidence" : 2
  }
},{
  "dateTime" : "02/13/21 17:59:53",
  "value" : {
    "bpm" : 146,
    "confidence" : 2
  }
},{
  "dateTime" : "02/13/21 17:59:54",
  "value" : {
    "bpm" : 147,
    "confidence" : 2
  }
},{
  "dateTime" : "02/13/21 17:59:57",
  "value" : {
    "bpm" : 147,
    "confidence" : 2
  }
},{
  "dateTime" : "02/13/21 17:59:59",
  "value" : {
    "bpm" : 148,
    "confidence" : 2
  }
},{
  "dateTime" : "02/13/21 18:00:02",
  "value" : {
    "bpm" : 148,
    "confidence" : 2
  }
},{
  "dateTime" : "02/13/21 18:00:05",
  "value" : {
    "bpm" : 149,
    "confidence" : 2
  }
},{
  "dateTime" : "02/13/21 18:00:07",
  "value" : {
    "bpm" : 150,
    "confidence" : 2
  }
},{
  "dateTime" : "02/13/21 18:00:08",
  "value" : {
    "bpm" : 150,
    "confidence" : 2
  }
},{
  "dateTime" : "02/13/21 18:00:09",
  "value" : {
    "bpm" : 151,
    "confidence" : 2
  }
},{
  "dateTime" : "02/13/21 18:00:11",
  "value" : {
    "bpm" : 152,
    "confidence" : 2
  }
},{
  "dateTime" : "02/13/21 18:00:14",
  "value" : {
    "bpm" : 153,
    "confidence" : 2
  }
},{
  "dateTime" : "02/13/21 18:00:17",
  "value" : {
    "bpm" : 154,
    "confidence" : 2
  }
},{
  "dateTime" : "02/13/21 18:00:20",
  "value" : {
    "bpm" : 154,
    "confidence" : 2
  }
},{
  "dateTime" : "02/13/21 18:00:23",
  "value" : {
    "bpm" : 154,
    "confidence" : 2
  }
},{
  "dateTime" : "02/13/21 18:00:26",
  "value" : {
    "bpm" : 155,
    "confidence" : 2
  }
},{
  "dateTime" : "02/13/21 18:00:29",
  "value" : {
    "bpm" : 155,
    "confidence" : 2
  }
},{
  "dateTime" : "02/13/21 18:00:32",
  "value" : {
    "bpm" : 155,
    "confidence" : 2
  }
},{
  "dateTime" : "02/13/21 18:00:35",
  "value" : {
    "bpm" : 155,
    "confidence" : 2
  }
},{
  "dateTime" : "02/13/21 18:00:38",
  "value" : {
    "bpm" : 154,
    "confidence" : 2
  }
},{
  "dateTime" : "02/13/21 18:00:39",
  "value" : {
    "bpm" : 153,
    "confidence" : 2
  }
},{
  "dateTime" : "02/13/21 18:00:40",
  "value" : {
    "bpm" : 152,
    "confidence" : 2
  }
},{
  "dateTime" : "02/13/21 18:00:42",
  "value" : {
    "bpm" : 151,
    "confidence" : 2
  }
},{
  "dateTime" : "02/13/21 18:00:44",
  "value" : {
    "bpm" : 150,
    "confidence" : 2
  }
},{
  "dateTime" : "02/13/21 18:00:47",
  "value" : {
    "bpm" : 150,
    "confidence" : 2
  }
},{
  "dateTime" : "02/13/21 18:00:50",
  "value" : {
    "bpm" : 150,
    "confidence" : 2
  }
},{
  "dateTime" : "02/13/21 18:00:51",
  "value" : {
    "bpm" : 149,
    "confidence" : 2
  }
},{
  "dateTime" : "02/13/21 18:00:54",
  "value" : {
    "bpm" : 149,
    "confidence" : 2
  }
},{
  "dateTime" : "02/13/21 18:00:57",
  "value" : {
    "bpm" : 148,
    "confidence" : 2
  }
},{
  "dateTime" : "02/13/21 18:00:59",
  "value" : {
    "bpm" : 147,
    "confidence" : 2
  }
},{
  "dateTime" : "02/13/21 18:01:00",
  "value" : {
    "bpm" : 145,
    "confidence" : 2
  }
},{
  "dateTime" : "02/13/21 18:01:01",
  "value" : {
    "bpm" : 144,
    "confidence" : 2
  }
},{
  "dateTime" : "02/13/21 18:01:04",
  "value" : {
    "bpm" : 144,
    "confidence" : 2
  }
},{
  "dateTime" : "02/13/21 18:01:06",
  "value" : {
    "bpm" : 145,
    "confidence" : 2
  }
},{
  "dateTime" : "02/13/21 18:01:09",
  "value" : {
    "bpm" : 145,
    "confidence" : 2
  }
},{
  "dateTime" : "02/13/21 18:01:10",
  "value" : {
    "bpm" : 145,
    "confidence" : 2
  }
},{
  "dateTime" : "02/13/21 18:01:11",
  "value" : {
    "bpm" : 146,
    "confidence" : 2
  }
},{
  "dateTime" : "02/13/21 18:01:14",
  "value" : {
    "bpm" : 146,
    "confidence" : 2
  }
},{
  "dateTime" : "02/13/21 18:01:15",
  "value" : {
    "bpm" : 147,
    "confidence" : 2
  }
},{
  "dateTime" : "02/13/21 18:01:18",
  "value" : {
    "bpm" : 148,
    "confidence" : 2
  }
},{
  "dateTime" : "02/13/21 18:01:19",
  "value" : {
    "bpm" : 149,
    "confidence" : 2
  }
},{
  "dateTime" : "02/13/21 18:01:22",
  "value" : {
    "bpm" : 149,
    "confidence" : 2
  }
},{
  "dateTime" : "02/13/21 18:01:24",
  "value" : {
    "bpm" : 150,
    "confidence" : 2
  }
},{
  "dateTime" : "02/13/21 18:01:26",
  "value" : {
    "bpm" : 151,
    "confidence" : 2
  }
},{
  "dateTime" : "02/13/21 18:01:29",
  "value" : {
    "bpm" : 152,
    "confidence" : 2
  }
},{
  "dateTime" : "02/13/21 18:01:31",
  "value" : {
    "bpm" : 153,
    "confidence" : 2
  }
},{
  "dateTime" : "02/13/21 18:01:34",
  "value" : {
    "bpm" : 153,
    "confidence" : 2
  }
},{
  "dateTime" : "02/13/21 18:01:37",
  "value" : {
    "bpm" : 153,
    "confidence" : 2
  }
},{
  "dateTime" : "02/13/21 18:01:38",
  "value" : {
    "bpm" : 154,
    "confidence" : 2
  }
},{
  "dateTime" : "02/13/21 18:01:41",
  "value" : {
    "bpm" : 154,
    "confidence" : 2
  }
},{
  "dateTime" : "02/13/21 18:01:42",
  "value" : {
    "bpm" : 155,
    "confidence" : 2
  }
},{
  "dateTime" : "02/13/21 18:01:45",
  "value" : {
    "bpm" : 155,
    "confidence" : 2
  }
},{
  "dateTime" : "02/13/21 18:01:48",
  "value" : {
    "bpm" : 155,
    "confidence" : 2
  }
},{
  "dateTime" : "02/13/21 18:01:51",
  "value" : {
    "bpm" : 155,
    "confidence" : 2
  }
},{
  "dateTime" : "02/13/21 18:01:52",
  "value" : {
    "bpm" : 154,
    "confidence" : 2
  }
},{
  "dateTime" : "02/13/21 18:01:55",
  "value" : {
    "bpm" : 153,
    "confidence" : 2
  }
},{
  "dateTime" : "02/13/21 18:01:58",
  "value" : {
    "bpm" : 153,
    "confidence" : 2
  }
},{
  "dateTime" : "02/13/21 18:01:59",
  "value" : {
    "bpm" : 152,
    "confidence" : 2
  }
},{
  "dateTime" : "02/13/21 18:02:02",
  "value" : {
    "bpm" : 151,
    "confidence" : 2
  }
},{
  "dateTime" : "02/13/21 18:02:04",
  "value" : {
    "bpm" : 150,
    "confidence" : 2
  }
},{
  "dateTime" : "02/13/21 18:02:06",
  "value" : {
    "bpm" : 149,
    "confidence" : 2
  }
},{
  "dateTime" : "02/13/21 18:02:07",
  "value" : {
    "bpm" : 147,
    "confidence" : 2
  }
},{
  "dateTime" : "02/13/21 18:02:08",
  "value" : {
    "bpm" : 146,
    "confidence" : 1
  }
},{
  "dateTime" : "02/13/21 18:02:09",
  "value" : {
    "bpm" : 144,
    "confidence" : 1
  }
},{
  "dateTime" : "02/13/21 18:02:10",
  "value" : {
    "bpm" : 143,
    "confidence" : 1
  }
},{
  "dateTime" : "02/13/21 18:02:11",
  "value" : {
    "bpm" : 141,
    "confidence" : 1
  }
},{
  "dateTime" : "02/13/21 18:02:12",
  "value" : {
    "bpm" : 139,
    "confidence" : 1
  }
},{
  "dateTime" : "02/13/21 18:02:13",
  "value" : {
    "bpm" : 138,
    "confidence" : 1
  }
},{
  "dateTime" : "02/13/21 18:02:14",
  "value" : {
    "bpm" : 136,
    "confidence" : 1
  }
},{
  "dateTime" : "02/13/21 18:02:15",
  "value" : {
    "bpm" : 135,
    "confidence" : 1
  }
},{
  "dateTime" : "02/13/21 18:02:16",
  "value" : {
    "bpm" : 133,
    "confidence" : 1
  }
},{
  "dateTime" : "02/13/21 18:02:17",
  "value" : {
    "bpm" : 132,
    "confidence" : 1
  }
},{
  "dateTime" : "02/13/21 18:02:18",
  "value" : {
    "bpm" : 130,
    "confidence" : 1
  }
},{
  "dateTime" : "02/13/21 18:02:19",
  "value" : {
    "bpm" : 128,
    "confidence" : 1
  }
},{
  "dateTime" : "02/13/21 18:02:20",
  "value" : {
    "bpm" : 126,
    "confidence" : 1
  }
},{
  "dateTime" : "02/13/21 18:02:21",
  "value" : {
    "bpm" : 124,
    "confidence" : 1
  }
},{
  "dateTime" : "02/13/21 18:02:22",
  "value" : {
    "bpm" : 122,
    "confidence" : 1
  }
},{
  "dateTime" : "02/13/21 18:02:23",
  "value" : {
    "bpm" : 121,
    "confidence" : 1
  }
},{
  "dateTime" : "02/13/21 18:02:24",
  "value" : {
    "bpm" : 119,
    "confidence" : 1
  }
},{
  "dateTime" : "02/13/21 18:02:25",
  "value" : {
    "bpm" : 118,
    "confidence" : 1
  }
},{
  "dateTime" : "02/13/21 18:02:26",
  "value" : {
    "bpm" : 117,
    "confidence" : 1
  }
},{
  "dateTime" : "02/13/21 18:02:27",
  "value" : {
    "bpm" : 118,
    "confidence" : 1
  }
},{
  "dateTime" : "02/13/21 18:02:28",
  "value" : {
    "bpm" : 119,
    "confidence" : 1
  }
},{
  "dateTime" : "02/13/21 18:02:29",
  "value" : {
    "bpm" : 120,
    "confidence" : 1
  }
},{
  "dateTime" : "02/13/21 18:02:31",
  "value" : {
    "bpm" : 121,
    "confidence" : 1
  }
},{
  "dateTime" : "02/13/21 18:02:34",
  "value" : {
    "bpm" : 122,
    "confidence" : 1
  }
},{
  "dateTime" : "02/13/21 18:02:37",
  "value" : {
    "bpm" : 122,
    "confidence" : 1
  }
},{
  "dateTime" : "02/13/21 18:02:38",
  "value" : {
    "bpm" : 123,
    "confidence" : 1
  }
},{
  "dateTime" : "02/13/21 18:02:40",
  "value" : {
    "bpm" : 124,
    "confidence" : 1
  }
},{
  "dateTime" : "02/13/21 18:02:41",
  "value" : {
    "bpm" : 124,
    "confidence" : 1
  }
},{
  "dateTime" : "02/13/21 18:02:42",
  "value" : {
    "bpm" : 123,
    "confidence" : 1
  }
},{
  "dateTime" : "02/13/21 18:02:45",
  "value" : {
    "bpm" : 123,
    "confidence" : 1
  }
},{
  "dateTime" : "02/13/21 18:02:48",
  "value" : {
    "bpm" : 123,
    "confidence" : 1
  }
},{
  "dateTime" : "02/13/21 18:02:51",
  "value" : {
    "bpm" : 123,
    "confidence" : 1
  }
},{
  "dateTime" : "02/13/21 18:02:52",
  "value" : {
    "bpm" : 122,
    "confidence" : 1
  }
},{
  "dateTime" : "02/13/21 18:02:53",
  "value" : {
    "bpm" : 121,
    "confidence" : 1
  }
},{
  "dateTime" : "02/13/21 18:02:54",
  "value" : {
    "bpm" : 120,
    "confidence" : 1
  }
},{
  "dateTime" : "02/13/21 18:02:56",
  "value" : {
    "bpm" : 119,
    "confidence" : 1
  }
},{
  "dateTime" : "02/13/21 18:02:57",
  "value" : {
    "bpm" : 118,
    "confidence" : 1
  }
},{
  "dateTime" : "02/13/21 18:03:00",
  "value" : {
    "bpm" : 119,
    "confidence" : 1
  }
},{
  "dateTime" : "02/13/21 18:03:01",
  "value" : {
    "bpm" : 120,
    "confidence" : 1
  }
},{
  "dateTime" : "02/13/21 18:03:02",
  "value" : {
    "bpm" : 121,
    "confidence" : 1
  }
},{
  "dateTime" : "02/13/21 18:03:03",
  "value" : {
    "bpm" : 120,
    "confidence" : 1
  }
},{
  "dateTime" : "02/13/21 18:03:05",
  "value" : {
    "bpm" : 121,
    "confidence" : 1
  }
},{
  "dateTime" : "02/13/21 18:03:08",
  "value" : {
    "bpm" : 120,
    "confidence" : 1
  }
},{
  "dateTime" : "02/13/21 18:03:09",
  "value" : {
    "bpm" : 119,
    "confidence" : 1
  }
},{
  "dateTime" : "02/13/21 18:03:12",
  "value" : {
    "bpm" : 119,
    "confidence" : 1
  }
},{
  "dateTime" : "02/13/21 18:03:14",
  "value" : {
    "bpm" : 118,
    "confidence" : 1
  }
},{
  "dateTime" : "02/13/21 18:03:15",
  "value" : {
    "bpm" : 116,
    "confidence" : 1
  }
},{
  "dateTime" : "02/13/21 18:03:18",
  "value" : {
    "bpm" : 116,
    "confidence" : 1
  }
},{
  "dateTime" : "02/13/21 18:03:20",
  "value" : {
    "bpm" : 115,
    "confidence" : 1
  }
},{
  "dateTime" : "02/13/21 18:03:23",
  "value" : {
    "bpm" : 115,
    "confidence" : 1
  }
},{
  "dateTime" : "02/13/21 18:03:24",
  "value" : {
    "bpm" : 116,
    "confidence" : 1
  }
},{
  "dateTime" : "02/13/21 18:03:25",
  "value" : {
    "bpm" : 116,
    "confidence" : 2
  }
},{
  "dateTime" : "02/13/21 18:03:26",
  "value" : {
    "bpm" : 117,
    "confidence" : 2
  }
},{
  "dateTime" : "02/13/21 18:03:27",
  "value" : {
    "bpm" : 117,
    "confidence" : 2
  }
},{
  "dateTime" : "02/13/21 18:03:28",
  "value" : {
    "bpm" : 118,
    "confidence" : 2
  }
},{
  "dateTime" : "02/13/21 18:03:29",
  "value" : {
    "bpm" : 118,
    "confidence" : 1
  }
},{
  "dateTime" : "02/13/21 18:03:31",
  "value" : {
    "bpm" : 117,
    "confidence" : 1
  }
},{
  "dateTime" : "02/13/21 18:03:32",
  "value" : {
    "bpm" : 116,
    "confidence" : 1
  }
},{
  "dateTime" : "02/13/21 18:03:35",
  "value" : {
    "bpm" : 114,
    "confidence" : 1
  }
},{
  "dateTime" : "02/13/21 18:03:36",
  "value" : {
    "bpm" : 113,
    "confidence" : 1
  }
},{
  "dateTime" : "02/13/21 18:03:37",
  "value" : {
    "bpm" : 112,
    "confidence" : 1
  }
},{
  "dateTime" : "02/13/21 18:03:40",
  "value" : {
    "bpm" : 112,
    "confidence" : 1
  }
},{
  "dateTime" : "02/13/21 18:03:41",
  "value" : {
    "bpm" : 113,
    "confidence" : 1
  }
},{
  "dateTime" : "02/13/21 18:03:42",
  "value" : {
    "bpm" : 113,
    "confidence" : 2
  }
},{
  "dateTime" : "02/13/21 18:03:45",
  "value" : {
    "bpm" : 113,
    "confidence" : 2
  }
},{
  "dateTime" : "02/13/21 18:03:46",
  "value" : {
    "bpm" : 115,
    "confidence" : 2
  }
},{
  "dateTime" : "02/13/21 18:03:47",
  "value" : {
    "bpm" : 117,
    "confidence" : 2
  }
},{
  "dateTime" : "02/13/21 18:03:48",
  "value" : {
    "bpm" : 118,
    "confidence" : 2
  }
},{
  "dateTime" : "02/13/21 18:03:51",
  "value" : {
    "bpm" : 119,
    "confidence" : 2
  }
},{
  "dateTime" : "02/13/21 18:03:53",
  "value" : {
    "bpm" : 120,
    "confidence" : 2
  }
},{
  "dateTime" : "02/13/21 18:03:56",
  "value" : {
    "bpm" : 121,
    "confidence" : 2
  }
},{
  "dateTime" : "02/13/21 18:03:58",
  "value" : {
    "bpm" : 122,
    "confidence" : 2
  }
},{
  "dateTime" : "02/13/21 18:04:01",
  "value" : {
    "bpm" : 122,
    "confidence" : 2
  }
},{
  "dateTime" : "02/13/21 18:04:03",
  "value" : {
    "bpm" : 121,
    "confidence" : 2
  }
},{
  "dateTime" : "02/13/21 18:04:06",
  "value" : {
    "bpm" : 121,
    "confidence" : 2
  }
},{
  "dateTime" : "02/13/21 18:04:08",
  "value" : {
    "bpm" : 120,
    "confidence" : 2
  }
},{
  "dateTime" : "02/13/21 18:04:11",
  "value" : {
    "bpm" : 120,
    "confidence" : 2
  }
},{
  "dateTime" : "02/13/21 18:04:14",
  "value" : {
    "bpm" : 120,
    "confidence" : 2
  }
},{
  "dateTime" : "02/13/21 18:04:17",
  "value" : {
    "bpm" : 120,
    "confidence" : 2
  }
},{
  "dateTime" : "02/13/21 18:04:20",
  "value" : {
    "bpm" : 120,
    "confidence" : 2
  }
},{
  "dateTime" : "02/13/21 18:04:21",
  "value" : {
    "bpm" : 120,
    "confidence" : 2
  }
},{
  "dateTime" : "02/13/21 18:04:24",
  "value" : {
    "bpm" : 120,
    "confidence" : 2
  }
},{
  "dateTime" : "02/13/21 18:04:26",
  "value" : {
    "bpm" : 119,
    "confidence" : 2
  }
},{
  "dateTime" : "02/13/21 18:04:28",
  "value" : {
    "bpm" : 121,
    "confidence" : 2
  }
},{
  "dateTime" : "02/13/21 18:04:29",
  "value" : {
    "bpm" : 122,
    "confidence" : 2
  }
},{
  "dateTime" : "02/13/21 18:04:32",
  "value" : {
    "bpm" : 122,
    "confidence" : 2
  }
},{
  "dateTime" : "02/13/21 18:04:35",
  "value" : {
    "bpm" : 122,
    "confidence" : 2
  }
},{
  "dateTime" : "02/13/21 18:04:37",
  "value" : {
    "bpm" : 121,
    "confidence" : 2
  }
},{
  "dateTime" : "02/13/21 18:04:39",
  "value" : {
    "bpm" : 120,
    "confidence" : 2
  }
},{
  "dateTime" : "02/13/21 18:04:42",
  "value" : {
    "bpm" : 120,
    "confidence" : 2
  }
},{
  "dateTime" : "02/13/21 18:04:43",
  "value" : {
    "bpm" : 119,
    "confidence" : 2
  }
},{
  "dateTime" : "02/13/21 18:04:45",
  "value" : {
    "bpm" : 118,
    "confidence" : 2
  }
},{
  "dateTime" : "02/13/21 18:04:47",
  "value" : {
    "bpm" : 117,
    "confidence" : 2
  }
},{
  "dateTime" : "02/13/21 18:04:49",
  "value" : {
    "bpm" : 116,
    "confidence" : 2
  }
},{
  "dateTime" : "02/13/21 18:04:52",
  "value" : {
    "bpm" : 116,
    "confidence" : 2
  }
},{
  "dateTime" : "02/13/21 18:04:53",
  "value" : {
    "bpm" : 115,
    "confidence" : 2
  }
},{
  "dateTime" : "02/13/21 18:04:55",
  "value" : {
    "bpm" : 114,
    "confidence" : 2
  }
},{
  "dateTime" : "02/13/21 18:04:58",
  "value" : {
    "bpm" : 114,
    "confidence" : 2
  }
},{
  "dateTime" : "02/13/21 18:05:01",
  "value" : {
    "bpm" : 114,
    "confidence" : 2
  }
},{
  "dateTime" : "02/13/21 18:05:04",
  "value" : {
    "bpm" : 114,
    "confidence" : 2
  }
},{
  "dateTime" : "02/13/21 18:05:07",
  "value" : {
    "bpm" : 114,
    "confidence" : 2
  }
},{
  "dateTime" : "02/13/21 18:05:10",
  "value" : {
    "bpm" : 114,
    "confidence" : 2
  }
},{
  "dateTime" : "02/13/21 18:05:13",
  "value" : {
    "bpm" : 114,
    "confidence" : 2
  }
},{
  "dateTime" : "02/13/21 18:05:16",
  "value" : {
    "bpm" : 114,
    "confidence" : 2
  }
},{
  "dateTime" : "02/13/21 18:05:19",
  "value" : {
    "bpm" : 114,
    "confidence" : 2
  }
},{
  "dateTime" : "02/13/21 18:05:22",
  "value" : {
    "bpm" : 114,
    "confidence" : 2
  }
},{
  "dateTime" : "02/13/21 18:05:24",
  "value" : {
    "bpm" : 113,
    "confidence" : 2
  }
},{
  "dateTime" : "02/13/21 18:05:25",
  "value" : {
    "bpm" : 113,
    "confidence" : 2
  }
},{
  "dateTime" : "02/13/21 18:05:28",
  "value" : {
    "bpm" : 113,
    "confidence" : 2
  }
},{
  "dateTime" : "02/13/21 18:05:29",
  "value" : {
    "bpm" : 113,
    "confidence" : 1
  }
},{
  "dateTime" : "02/13/21 18:05:31",
  "value" : {
    "bpm" : 112,
    "confidence" : 1
  }
},{
  "dateTime" : "02/13/21 18:05:32",
  "value" : {
    "bpm" : 111,
    "confidence" : 1
  }
},{
  "dateTime" : "02/13/21 18:05:33",
  "value" : {
    "bpm" : 110,
    "confidence" : 1
  }
},{
  "dateTime" : "02/13/21 18:05:35",
  "value" : {
    "bpm" : 109,
    "confidence" : 1
  }
},{
  "dateTime" : "02/13/21 18:05:36",
  "value" : {
    "bpm" : 108,
    "confidence" : 1
  }
},{
  "dateTime" : "02/13/21 18:05:37",
  "value" : {
    "bpm" : 109,
    "confidence" : 1
  }
},{
  "dateTime" : "02/13/21 18:05:40",
  "value" : {
    "bpm" : 109,
    "confidence" : 1
  }
},{
  "dateTime" : "02/13/21 18:05:43",
  "value" : {
    "bpm" : 109,
    "confidence" : 1
  }
},{
  "dateTime" : "02/13/21 18:05:44",
  "value" : {
    "bpm" : 110,
    "confidence" : 1
  }
},{
  "dateTime" : "02/13/21 18:05:47",
  "value" : {
    "bpm" : 111,
    "confidence" : 1
  }
},{
  "dateTime" : "02/13/21 18:05:48",
  "value" : {
    "bpm" : 111,
    "confidence" : 2
  }
},{
  "dateTime" : "02/13/21 18:05:49",
  "value" : {
    "bpm" : 112,
    "confidence" : 2
  }
},{
  "dateTime" : "02/13/21 18:05:51",
  "value" : {
    "bpm" : 111,
    "confidence" : 1
  }
},{
  "dateTime" : "02/13/21 18:05:53",
  "value" : {
    "bpm" : 112,
    "confidence" : 1
  }
},{
  "dateTime" : "02/13/21 18:05:55",
  "value" : {
    "bpm" : 111,
    "confidence" : 1
  }
},{
  "dateTime" : "02/13/21 18:05:56",
  "value" : {
    "bpm" : 110,
    "confidence" : 1
  }
},{
  "dateTime" : "02/13/21 18:05:59",
  "value" : {
    "bpm" : 110,
    "confidence" : 1
  }
},{
  "dateTime" : "02/13/21 18:06:01",
  "value" : {
    "bpm" : 112,
    "confidence" : 1
  }
},{
  "dateTime" : "02/13/21 18:06:02",
  "value" : {
    "bpm" : 114,
    "confidence" : 1
  }
},{
  "dateTime" : "02/13/21 18:06:03",
  "value" : {
    "bpm" : 115,
    "confidence" : 1
  }
},{
  "dateTime" : "02/13/21 18:06:04",
  "value" : {
    "bpm" : 116,
    "confidence" : 1
  }
},{
  "dateTime" : "02/13/21 18:06:05",
  "value" : {
    "bpm" : 117,
    "confidence" : 2
  }
},{
  "dateTime" : "02/13/21 18:06:08",
  "value" : {
    "bpm" : 117,
    "confidence" : 2
  }
},{
  "dateTime" : "02/13/21 18:06:10",
  "value" : {
    "bpm" : 116,
    "confidence" : 2
  }
},{
  "dateTime" : "02/13/21 18:06:11",
  "value" : {
    "bpm" : 116,
    "confidence" : 2
  }
},{
  "dateTime" : "02/13/21 18:06:12",
  "value" : {
    "bpm" : 115,
    "confidence" : 2
  }
},{
  "dateTime" : "02/13/21 18:06:13",
  "value" : {
    "bpm" : 114,
    "confidence" : 2
  }
},{
  "dateTime" : "02/13/21 18:06:14",
  "value" : {
    "bpm" : 114,
    "confidence" : 1
  }
},{
  "dateTime" : "02/13/21 18:06:17",
  "value" : {
    "bpm" : 114,
    "confidence" : 1
  }
},{
  "dateTime" : "02/13/21 18:06:19",
  "value" : {
    "bpm" : 113,
    "confidence" : 1
  }
},{
  "dateTime" : "02/13/21 18:06:20",
  "value" : {
    "bpm" : 112,
    "confidence" : 1
  }
},{
  "dateTime" : "02/13/21 18:06:21",
  "value" : {
    "bpm" : 111,
    "confidence" : 1
  }
},{
  "dateTime" : "02/13/21 18:06:23",
  "value" : {
    "bpm" : 110,
    "confidence" : 1
  }
},{
  "dateTime" : "02/13/21 18:06:24",
  "value" : {
    "bpm" : 109,
    "confidence" : 1
  }
},{
  "dateTime" : "02/13/21 18:06:25",
  "value" : {
    "bpm" : 108,
    "confidence" : 1
  }
},{
  "dateTime" : "02/13/21 18:06:27",
  "value" : {
    "bpm" : 107,
    "confidence" : 1
  }
},{
  "dateTime" : "02/13/21 18:06:28",
  "value" : {
    "bpm" : 106,
    "confidence" : 1
  }
},{
  "dateTime" : "02/13/21 18:06:30",
  "value" : {
    "bpm" : 105,
    "confidence" : 1
  }
},{
  "dateTime" : "02/13/21 18:06:31",
  "value" : {
    "bpm" : 104,
    "confidence" : 1
  }
},{
  "dateTime" : "02/13/21 18:06:33",
  "value" : {
    "bpm" : 103,
    "confidence" : 1
  }
},{
  "dateTime" : "02/13/21 18:06:36",
  "value" : {
    "bpm" : 103,
    "confidence" : 1
  }
},{
  "dateTime" : "02/13/21 18:06:39",
  "value" : {
    "bpm" : 103,
    "confidence" : 1
  }
},{
  "dateTime" : "02/13/21 18:06:42",
  "value" : {
    "bpm" : 103,
    "confidence" : 1
  }
},{
  "dateTime" : "02/13/21 18:06:45",
  "value" : {
    "bpm" : 103,
    "confidence" : 1
  }
},{
  "dateTime" : "02/13/21 18:06:48",
  "value" : {
    "bpm" : 103,
    "confidence" : 1
  }
},{
  "dateTime" : "02/13/21 18:06:51",
  "value" : {
    "bpm" : 106,
    "confidence" : 1
  }
},{
  "dateTime" : "02/13/21 18:06:52",
  "value" : {
    "bpm" : 108,
    "confidence" : 1
  }
},{
  "dateTime" : "02/13/21 18:06:53",
  "value" : {
    "bpm" : 111,
    "confidence" : 1
  }
},{
  "dateTime" : "02/13/21 18:06:56",
  "value" : {
    "bpm" : 111,
    "confidence" : 1
  }
},{
  "dateTime" : "02/13/21 18:06:59",
  "value" : {
    "bpm" : 111,
    "confidence" : 1
  }
},{
  "dateTime" : "02/13/21 18:07:02",
  "value" : {
    "bpm" : 111,
    "confidence" : 1
  }
},{
  "dateTime" : "02/13/21 18:07:03",
  "value" : {
    "bpm" : 110,
    "confidence" : 1
  }
},{
  "dateTime" : "02/13/21 18:07:05",
  "value" : {
    "bpm" : 111,
    "confidence" : 1
  }
},{
  "dateTime" : "02/13/21 18:07:08",
  "value" : {
    "bpm" : 111,
    "confidence" : 1
  }
},{
  "dateTime" : "02/13/21 18:07:11",
  "value" : {
    "bpm" : 111,
    "confidence" : 1
  }
},{
  "dateTime" : "02/13/21 18:07:14",
  "value" : {
    "bpm" : 111,
    "confidence" : 1
  }
},{
  "dateTime" : "02/13/21 18:07:17",
  "value" : {
    "bpm" : 111,
    "confidence" : 1
  }
},{
  "dateTime" : "02/13/21 18:07:28",
  "value" : {
    "bpm" : 111,
    "confidence" : 1
  }
},{
  "dateTime" : "02/13/21 18:07:31",
  "value" : {
    "bpm" : 111,
    "confidence" : 1
  }
},{
  "dateTime" : "02/13/21 18:07:34",
  "value" : {
    "bpm" : 110,
    "confidence" : 1
  }
},{
  "dateTime" : "02/13/21 18:07:37",
  "value" : {
    "bpm" : 110,
    "confidence" : 1
  }
},{
  "dateTime" : "02/13/21 18:10:58",
  "value" : {
    "bpm" : 70,
    "confidence" : 0
  }
},{
  "dateTime" : "02/13/21 18:11:01",
  "value" : {
    "bpm" : 70,
    "confidence" : 0
  }
},{
  "dateTime" : "02/13/21 18:11:04",
  "value" : {
    "bpm" : 70,
    "confidence" : 0
  }
},{
  "dateTime" : "02/13/21 18:11:07",
  "value" : {
    "bpm" : 70,
    "confidence" : 0
  }
},{
  "dateTime" : "02/13/21 18:11:14",
  "value" : {
    "bpm" : 70,
    "confidence" : 0
  }
},{
  "dateTime" : "02/13/21 18:11:17",
  "value" : {
    "bpm" : 70,
    "confidence" : 0
  }
},{
  "dateTime" : "02/13/21 18:11:19",
  "value" : {
    "bpm" : 74,
    "confidence" : 0
  }
},{
  "dateTime" : "02/13/21 18:11:20",
  "value" : {
    "bpm" : 77,
    "confidence" : 0
  }
},{
  "dateTime" : "02/13/21 18:11:21",
  "value" : {
    "bpm" : 78,
    "confidence" : 1
  }
},{
  "dateTime" : "02/13/21 18:11:23",
  "value" : {
    "bpm" : 77,
    "confidence" : 1
  }
},{
  "dateTime" : "02/13/21 18:11:25",
  "value" : {
    "bpm" : 78,
    "confidence" : 1
  }
},{
  "dateTime" : "02/13/21 18:11:26",
  "value" : {
    "bpm" : 79,
    "confidence" : 1
  }
},{
  "dateTime" : "02/13/21 18:11:27",
  "value" : {
    "bpm" : 81,
    "confidence" : 1
  }
},{
  "dateTime" : "02/13/21 18:11:28",
  "value" : {
    "bpm" : 82,
    "confidence" : 1
  }
},{
  "dateTime" : "02/13/21 18:11:29",
  "value" : {
    "bpm" : 83,
    "confidence" : 1
  }
},{
  "dateTime" : "02/13/21 18:11:31",
  "value" : {
    "bpm" : 84,
    "confidence" : 1
  }
},{
  "dateTime" : "02/13/21 18:11:33",
  "value" : {
    "bpm" : 85,
    "confidence" : 1
  }
},{
  "dateTime" : "02/13/21 18:11:36",
  "value" : {
    "bpm" : 85,
    "confidence" : 1
  }
},{
  "dateTime" : "02/13/21 18:11:39",
  "value" : {
    "bpm" : 85,
    "confidence" : 1
  }
},{
  "dateTime" : "02/13/21 18:11:42",
  "value" : {
    "bpm" : 85,
    "confidence" : 1
  }
},{
  "dateTime" : "02/13/21 18:11:45",
  "value" : {
    "bpm" : 85,
    "confidence" : 1
  }
},{
  "dateTime" : "02/13/21 18:11:46",
  "value" : {
    "bpm" : 86,
    "confidence" : 1
  }
},{
  "dateTime" : "02/13/21 18:11:47",
  "value" : {
    "bpm" : 87,
    "confidence" : 1
  }
},{
  "dateTime" : "02/13/21 18:11:50",
  "value" : {
    "bpm" : 86,
    "confidence" : 1
  }
},{
  "dateTime" : "02/13/21 18:11:53",
  "value" : {
    "bpm" : 85,
    "confidence" : 1
  }
},{
  "dateTime" : "02/13/21 18:11:56",
  "value" : {
    "bpm" : 84,
    "confidence" : 1
  }
},{
  "dateTime" : "02/13/21 18:11:57",
  "value" : {
    "bpm" : 83,
    "confidence" : 1
  }
},{
  "dateTime" : "02/13/21 18:11:58",
  "value" : {
    "bpm" : 84,
    "confidence" : 1
  }
},{
  "dateTime" : "02/13/21 18:12:00",
  "value" : {
    "bpm" : 85,
    "confidence" : 1
  }
},{
  "dateTime" : "02/13/21 18:13:25",
  "value" : {
    "bpm" : 70,
    "confidence" : 0
  }
},{
  "dateTime" : "02/13/21 18:13:33",
  "value" : {
    "bpm" : 70,
    "confidence" : 0
  }
},{
  "dateTime" : "02/13/21 18:13:38",
  "value" : {
    "bpm" : 70,
    "confidence" : 1
  }
},{
  "dateTime" : "02/13/21 18:13:43",
  "value" : {
    "bpm" : 75,
    "confidence" : 1
  }
},{
  "dateTime" : "02/13/21 18:13:53",
  "value" : {
    "bpm" : 79,
    "confidence" : 1
  }
},{
  "dateTime" : "02/13/21 18:13:58",
  "value" : {
    "bpm" : 81,
    "confidence" : 1
  }
},{
  "dateTime" : "02/13/21 18:14:03",
  "value" : {
    "bpm" : 82,
    "confidence" : 1
  }
},{
  "dateTime" : "02/13/21 18:14:08",
  "value" : {
    "bpm" : 81,
    "confidence" : 1
  }
},{
  "dateTime" : "02/13/21 18:20:03",
  "value" : {
    "bpm" : 70,
    "confidence" : 0
  }
},{
  "dateTime" : "02/13/21 18:20:13",
  "value" : {
    "bpm" : 72,
    "confidence" : 0
  }
},{
  "dateTime" : "02/13/21 18:25:01",
  "value" : {
    "bpm" : 70,
    "confidence" : 0
  }
},{
  "dateTime" : "02/13/21 18:25:16",
  "value" : {
    "bpm" : 70,
    "confidence" : 0
  }
},{
  "dateTime" : "02/13/21 18:26:25",
  "value" : {
    "bpm" : 70,
    "confidence" : 0
  }
},{
  "dateTime" : "02/13/21 18:26:40",
  "value" : {
    "bpm" : 71,
    "confidence" : 0
  }
},{
  "dateTime" : "02/13/21 18:26:45",
  "value" : {
    "bpm" : 75,
    "confidence" : 0
  }
},{
  "dateTime" : "02/13/21 18:26:55",
  "value" : {
    "bpm" : 75,
    "confidence" : 1
  }
},{
  "dateTime" : "02/13/21 18:27:00",
  "value" : {
    "bpm" : 75,
    "confidence" : 0
  }
},{
  "dateTime" : "02/13/21 18:27:05",
  "value" : {
    "bpm" : 83,
    "confidence" : 0
  }
},{
  "dateTime" : "02/13/21 20:01:38",
  "value" : {
    "bpm" : 70,
    "confidence" : 0
  }
},{
  "dateTime" : "02/13/21 20:01:53",
  "value" : {
    "bpm" : 70,
    "confidence" : 1
  }
},{
  "dateTime" : "02/13/21 20:01:58",
  "value" : {
    "bpm" : 71,
    "confidence" : 1
  }
},{
  "dateTime" : "02/13/21 20:02:03",
  "value" : {
    "bpm" : 75,
    "confidence" : 1
  }
},{
  "dateTime" : "02/13/21 20:02:08",
  "value" : {
    "bpm" : 77,
    "confidence" : 1
  }
},{
  "dateTime" : "02/13/21 20:02:13",
  "value" : {
    "bpm" : 81,
    "confidence" : 1
  }
},{
  "dateTime" : "02/13/21 20:02:18",
  "value" : {
    "bpm" : 82,
    "confidence" : 1
  }
},{
  "dateTime" : "02/13/21 20:02:33",
  "value" : {
    "bpm" : 82,
    "confidence" : 0
  }
},{
  "dateTime" : "02/13/21 20:02:48",
  "value" : {
    "bpm" : 82,
    "confidence" : 0
  }
},{
  "dateTime" : "02/13/21 20:03:03",
  "value" : {
    "bpm" : 82,
    "confidence" : 0
  }
},{
  "dateTime" : "02/13/21 20:03:18",
  "value" : {
    "bpm" : 82,
    "confidence" : 0
  }
},{
  "dateTime" : "02/13/21 20:40:52",
  "value" : {
    "bpm" : 70,
    "confidence" : 0
  }
},{
  "dateTime" : "02/13/21 21:35:38",
  "value" : {
    "bpm" : 70,
    "confidence" : 0
  }
},{
  "dateTime" : "02/13/21 22:30:15",
  "value" : {
    "bpm" : 70,
    "confidence" : 0
  }
}]