[{
  "dateTime" : "06/22/20 18:18:14",
  "value" : {
    "bpm" : 70,
    "confidence" : 0
  }
},{
  "dateTime" : "06/22/20 18:18:29",
  "value" : {
    "bpm" : 70,
    "confidence" : 0
  }
},{
  "dateTime" : "06/22/20 18:18:34",
  "value" : {
    "bpm" : 80,
    "confidence" : 0
  }
},{
  "dateTime" : "06/22/20 18:18:39",
  "value" : {
    "bpm" : 81,
    "confidence" : 0
  }
},{
  "dateTime" : "06/22/20 18:18:49",
  "value" : {
    "bpm" : 84,
    "confidence" : 0
  }
},{
  "dateTime" : "06/22/20 18:18:54",
  "value" : {
    "bpm" : 85,
    "confidence" : 1
  }
},{
  "dateTime" : "06/22/20 18:19:09",
  "value" : {
    "bpm" : 85,
    "confidence" : 1
  }
},{
  "dateTime" : "06/22/20 18:19:14",
  "value" : {
    "bpm" : 90,
    "confidence" : 1
  }
},{
  "dateTime" : "06/22/20 18:19:19",
  "value" : {
    "bpm" : 93,
    "confidence" : 1
  }
},{
  "dateTime" : "06/22/20 18:19:24",
  "value" : {
    "bpm" : 98,
    "confidence" : 1
  }
},{
  "dateTime" : "06/22/20 18:19:29",
  "value" : {
    "bpm" : 99,
    "confidence" : 1
  }
},{
  "dateTime" : "06/22/20 18:19:34",
  "value" : {
    "bpm" : 102,
    "confidence" : 1
  }
},{
  "dateTime" : "06/22/20 18:19:39",
  "value" : {
    "bpm" : 98,
    "confidence" : 1
  }
},{
  "dateTime" : "06/22/20 18:19:44",
  "value" : {
    "bpm" : 99,
    "confidence" : 1
  }
},{
  "dateTime" : "06/22/20 18:19:49",
  "value" : {
    "bpm" : 101,
    "confidence" : 1
  }
},{
  "dateTime" : "06/22/20 18:19:54",
  "value" : {
    "bpm" : 102,
    "confidence" : 1
  }
},{
  "dateTime" : "06/22/20 18:19:59",
  "value" : {
    "bpm" : 104,
    "confidence" : 1
  }
},{
  "dateTime" : "06/22/20 18:20:09",
  "value" : {
    "bpm" : 104,
    "confidence" : 2
  }
},{
  "dateTime" : "06/22/20 18:20:14",
  "value" : {
    "bpm" : 105,
    "confidence" : 2
  }
},{
  "dateTime" : "06/22/20 18:20:29",
  "value" : {
    "bpm" : 103,
    "confidence" : 2
  }
},{
  "dateTime" : "06/22/20 18:20:39",
  "value" : {
    "bpm" : 105,
    "confidence" : 1
  }
},{
  "dateTime" : "06/22/20 18:20:44",
  "value" : {
    "bpm" : 106,
    "confidence" : 1
  }
},{
  "dateTime" : "06/22/20 18:20:54",
  "value" : {
    "bpm" : 106,
    "confidence" : 2
  }
},{
  "dateTime" : "06/22/20 18:21:09",
  "value" : {
    "bpm" : 106,
    "confidence" : 2
  }
},{
  "dateTime" : "06/22/20 18:21:24",
  "value" : {
    "bpm" : 108,
    "confidence" : 2
  }
},{
  "dateTime" : "06/22/20 18:21:29",
  "value" : {
    "bpm" : 109,
    "confidence" : 2
  }
},{
  "dateTime" : "06/22/20 18:21:34",
  "value" : {
    "bpm" : 109,
    "confidence" : 2
  }
},{
  "dateTime" : "06/22/20 18:21:39",
  "value" : {
    "bpm" : 108,
    "confidence" : 2
  }
},{
  "dateTime" : "06/22/20 18:21:44",
  "value" : {
    "bpm" : 107,
    "confidence" : 2
  }
},{
  "dateTime" : "06/22/20 18:21:49",
  "value" : {
    "bpm" : 105,
    "confidence" : 2
  }
},{
  "dateTime" : "06/22/20 18:21:54",
  "value" : {
    "bpm" : 102,
    "confidence" : 2
  }
},{
  "dateTime" : "06/22/20 18:21:59",
  "value" : {
    "bpm" : 103,
    "confidence" : 2
  }
},{
  "dateTime" : "06/22/20 18:22:04",
  "value" : {
    "bpm" : 101,
    "confidence" : 2
  }
},{
  "dateTime" : "06/22/20 18:22:09",
  "value" : {
    "bpm" : 103,
    "confidence" : 2
  }
},{
  "dateTime" : "06/22/20 18:22:14",
  "value" : {
    "bpm" : 106,
    "confidence" : 2
  }
},{
  "dateTime" : "06/22/20 18:22:29",
  "value" : {
    "bpm" : 106,
    "confidence" : 2
  }
},{
  "dateTime" : "06/22/20 18:22:39",
  "value" : {
    "bpm" : 105,
    "confidence" : 1
  }
},{
  "dateTime" : "06/22/20 18:22:44",
  "value" : {
    "bpm" : 106,
    "confidence" : 2
  }
},{
  "dateTime" : "06/22/20 18:22:49",
  "value" : {
    "bpm" : 107,
    "confidence" : 2
  }
},{
  "dateTime" : "06/22/20 18:22:59",
  "value" : {
    "bpm" : 106,
    "confidence" : 2
  }
},{
  "dateTime" : "06/22/20 18:23:04",
  "value" : {
    "bpm" : 107,
    "confidence" : 2
  }
},{
  "dateTime" : "06/22/20 18:23:09",
  "value" : {
    "bpm" : 106,
    "confidence" : 2
  }
},{
  "dateTime" : "06/22/20 18:23:24",
  "value" : {
    "bpm" : 106,
    "confidence" : 2
  }
},{
  "dateTime" : "06/22/20 18:23:39",
  "value" : {
    "bpm" : 106,
    "confidence" : 2
  }
},{
  "dateTime" : "06/22/20 18:23:44",
  "value" : {
    "bpm" : 108,
    "confidence" : 2
  }
},{
  "dateTime" : "06/22/20 18:23:49",
  "value" : {
    "bpm" : 109,
    "confidence" : 2
  }
},{
  "dateTime" : "06/22/20 18:23:59",
  "value" : {
    "bpm" : 107,
    "confidence" : 2
  }
},{
  "dateTime" : "06/22/20 18:24:04",
  "value" : {
    "bpm" : 106,
    "confidence" : 2
  }
},{
  "dateTime" : "06/22/20 18:24:09",
  "value" : {
    "bpm" : 107,
    "confidence" : 2
  }
},{
  "dateTime" : "06/22/20 18:24:14",
  "value" : {
    "bpm" : 105,
    "confidence" : 2
  }
},{
  "dateTime" : "06/22/20 18:24:19",
  "value" : {
    "bpm" : 108,
    "confidence" : 2
  }
},{
  "dateTime" : "06/22/20 18:24:25",
  "value" : {
    "bpm" : 110,
    "confidence" : 2
  }
},{
  "dateTime" : "06/22/20 18:24:30",
  "value" : {
    "bpm" : 108,
    "confidence" : 2
  }
},{
  "dateTime" : "06/22/20 18:24:35",
  "value" : {
    "bpm" : 106,
    "confidence" : 2
  }
},{
  "dateTime" : "06/22/20 18:24:40",
  "value" : {
    "bpm" : 105,
    "confidence" : 2
  }
},{
  "dateTime" : "06/22/20 18:24:55",
  "value" : {
    "bpm" : 105,
    "confidence" : 2
  }
},{
  "dateTime" : "06/22/20 18:25:00",
  "value" : {
    "bpm" : 106,
    "confidence" : 2
  }
},{
  "dateTime" : "06/22/20 18:25:10",
  "value" : {
    "bpm" : 107,
    "confidence" : 2
  }
},{
  "dateTime" : "06/22/20 18:25:15",
  "value" : {
    "bpm" : 108,
    "confidence" : 2
  }
},{
  "dateTime" : "06/22/20 18:25:20",
  "value" : {
    "bpm" : 107,
    "confidence" : 2
  }
},{
  "dateTime" : "06/22/20 18:25:25",
  "value" : {
    "bpm" : 106,
    "confidence" : 2
  }
},{
  "dateTime" : "06/22/20 18:25:30",
  "value" : {
    "bpm" : 104,
    "confidence" : 2
  }
},{
  "dateTime" : "06/22/20 18:25:45",
  "value" : {
    "bpm" : 101,
    "confidence" : 2
  }
},{
  "dateTime" : "06/22/20 18:25:50",
  "value" : {
    "bpm" : 100,
    "confidence" : 2
  }
},{
  "dateTime" : "06/22/20 18:25:55",
  "value" : {
    "bpm" : 98,
    "confidence" : 2
  }
},{
  "dateTime" : "06/22/20 18:26:00",
  "value" : {
    "bpm" : 99,
    "confidence" : 2
  }
},{
  "dateTime" : "06/22/20 18:26:05",
  "value" : {
    "bpm" : 100,
    "confidence" : 2
  }
},{
  "dateTime" : "06/22/20 18:26:15",
  "value" : {
    "bpm" : 102,
    "confidence" : 2
  }
},{
  "dateTime" : "06/22/20 18:26:20",
  "value" : {
    "bpm" : 103,
    "confidence" : 2
  }
},{
  "dateTime" : "06/22/20 18:26:25",
  "value" : {
    "bpm" : 105,
    "confidence" : 2
  }
},{
  "dateTime" : "06/22/20 18:26:30",
  "value" : {
    "bpm" : 107,
    "confidence" : 2
  }
},{
  "dateTime" : "06/22/20 18:26:35",
  "value" : {
    "bpm" : 108,
    "confidence" : 2
  }
},{
  "dateTime" : "06/22/20 18:26:45",
  "value" : {
    "bpm" : 111,
    "confidence" : 2
  }
},{
  "dateTime" : "06/22/20 18:26:50",
  "value" : {
    "bpm" : 112,
    "confidence" : 2
  }
},{
  "dateTime" : "06/22/20 18:26:55",
  "value" : {
    "bpm" : 111,
    "confidence" : 2
  }
},{
  "dateTime" : "06/22/20 18:27:00",
  "value" : {
    "bpm" : 107,
    "confidence" : 2
  }
},{
  "dateTime" : "06/22/20 18:27:05",
  "value" : {
    "bpm" : 108,
    "confidence" : 2
  }
},{
  "dateTime" : "06/22/20 18:27:20",
  "value" : {
    "bpm" : 108,
    "confidence" : 2
  }
},{
  "dateTime" : "06/22/20 18:27:25",
  "value" : {
    "bpm" : 108,
    "confidence" : 2
  }
},{
  "dateTime" : "06/22/20 18:27:35",
  "value" : {
    "bpm" : 106,
    "confidence" : 2
  }
},{
  "dateTime" : "06/22/20 18:27:40",
  "value" : {
    "bpm" : 105,
    "confidence" : 2
  }
},{
  "dateTime" : "06/22/20 18:27:45",
  "value" : {
    "bpm" : 106,
    "confidence" : 2
  }
},{
  "dateTime" : "06/22/20 18:27:50",
  "value" : {
    "bpm" : 107,
    "confidence" : 2
  }
},{
  "dateTime" : "06/22/20 18:27:55",
  "value" : {
    "bpm" : 108,
    "confidence" : 2
  }
},{
  "dateTime" : "06/22/20 18:28:00",
  "value" : {
    "bpm" : 109,
    "confidence" : 2
  }
},{
  "dateTime" : "06/22/20 18:28:05",
  "value" : {
    "bpm" : 108,
    "confidence" : 2
  }
},{
  "dateTime" : "06/22/20 18:28:10",
  "value" : {
    "bpm" : 107,
    "confidence" : 2
  }
},{
  "dateTime" : "06/22/20 18:28:15",
  "value" : {
    "bpm" : 104,
    "confidence" : 2
  }
},{
  "dateTime" : "06/22/20 18:28:25",
  "value" : {
    "bpm" : 106,
    "confidence" : 2
  }
},{
  "dateTime" : "06/22/20 18:28:35",
  "value" : {
    "bpm" : 105,
    "confidence" : 2
  }
},{
  "dateTime" : "06/22/20 18:28:40",
  "value" : {
    "bpm" : 103,
    "confidence" : 2
  }
},{
  "dateTime" : "06/22/20 18:28:50",
  "value" : {
    "bpm" : 105,
    "confidence" : 2
  }
},{
  "dateTime" : "06/22/20 18:28:55",
  "value" : {
    "bpm" : 107,
    "confidence" : 2
  }
},{
  "dateTime" : "06/22/20 18:29:00",
  "value" : {
    "bpm" : 110,
    "confidence" : 2
  }
},{
  "dateTime" : "06/22/20 18:29:05",
  "value" : {
    "bpm" : 109,
    "confidence" : 2
  }
},{
  "dateTime" : "06/22/20 18:29:10",
  "value" : {
    "bpm" : 108,
    "confidence" : 2
  }
},{
  "dateTime" : "06/22/20 18:29:15",
  "value" : {
    "bpm" : 106,
    "confidence" : 2
  }
},{
  "dateTime" : "06/22/20 18:29:25",
  "value" : {
    "bpm" : 105,
    "confidence" : 2
  }
},{
  "dateTime" : "06/22/20 18:29:35",
  "value" : {
    "bpm" : 101,
    "confidence" : 2
  }
},{
  "dateTime" : "06/22/20 18:29:40",
  "value" : {
    "bpm" : 100,
    "confidence" : 2
  }
},{
  "dateTime" : "06/22/20 18:29:45",
  "value" : {
    "bpm" : 104,
    "confidence" : 2
  }
},{
  "dateTime" : "06/22/20 18:29:50",
  "value" : {
    "bpm" : 106,
    "confidence" : 2
  }
},{
  "dateTime" : "06/22/20 18:29:55",
  "value" : {
    "bpm" : 107,
    "confidence" : 2
  }
},{
  "dateTime" : "06/22/20 18:30:05",
  "value" : {
    "bpm" : 108,
    "confidence" : 2
  }
},{
  "dateTime" : "06/22/20 18:30:10",
  "value" : {
    "bpm" : 107,
    "confidence" : 2
  }
},{
  "dateTime" : "06/22/20 18:30:15",
  "value" : {
    "bpm" : 107,
    "confidence" : 2
  }
},{
  "dateTime" : "06/22/20 18:30:20",
  "value" : {
    "bpm" : 108,
    "confidence" : 2
  }
},{
  "dateTime" : "06/22/20 18:30:25",
  "value" : {
    "bpm" : 106,
    "confidence" : 2
  }
},{
  "dateTime" : "06/22/20 18:30:30",
  "value" : {
    "bpm" : 103,
    "confidence" : 2
  }
},{
  "dateTime" : "06/22/20 18:30:40",
  "value" : {
    "bpm" : 107,
    "confidence" : 2
  }
},{
  "dateTime" : "06/22/20 18:30:45",
  "value" : {
    "bpm" : 109,
    "confidence" : 2
  }
},{
  "dateTime" : "06/22/20 18:30:55",
  "value" : {
    "bpm" : 111,
    "confidence" : 2
  }
},{
  "dateTime" : "06/22/20 18:31:05",
  "value" : {
    "bpm" : 112,
    "confidence" : 2
  }
},{
  "dateTime" : "06/22/20 18:31:15",
  "value" : {
    "bpm" : 114,
    "confidence" : 2
  }
},{
  "dateTime" : "06/22/20 18:31:20",
  "value" : {
    "bpm" : 115,
    "confidence" : 2
  }
},{
  "dateTime" : "06/22/20 18:31:25",
  "value" : {
    "bpm" : 116,
    "confidence" : 2
  }
},{
  "dateTime" : "06/22/20 18:31:30",
  "value" : {
    "bpm" : 114,
    "confidence" : 2
  }
},{
  "dateTime" : "06/22/20 18:31:35",
  "value" : {
    "bpm" : 110,
    "confidence" : 2
  }
},{
  "dateTime" : "06/22/20 18:31:45",
  "value" : {
    "bpm" : 109,
    "confidence" : 2
  }
},{
  "dateTime" : "06/22/20 18:31:50",
  "value" : {
    "bpm" : 107,
    "confidence" : 2
  }
},{
  "dateTime" : "06/22/20 18:31:55",
  "value" : {
    "bpm" : 106,
    "confidence" : 2
  }
},{
  "dateTime" : "06/22/20 18:32:00",
  "value" : {
    "bpm" : 112,
    "confidence" : 2
  }
},{
  "dateTime" : "06/22/20 18:32:05",
  "value" : {
    "bpm" : 115,
    "confidence" : 2
  }
},{
  "dateTime" : "06/22/20 18:32:10",
  "value" : {
    "bpm" : 113,
    "confidence" : 2
  }
},{
  "dateTime" : "06/22/20 18:32:20",
  "value" : {
    "bpm" : 115,
    "confidence" : 2
  }
},{
  "dateTime" : "06/22/20 18:32:30",
  "value" : {
    "bpm" : 112,
    "confidence" : 2
  }
},{
  "dateTime" : "06/22/20 18:32:45",
  "value" : {
    "bpm" : 114,
    "confidence" : 2
  }
},{
  "dateTime" : "06/22/20 18:32:50",
  "value" : {
    "bpm" : 116,
    "confidence" : 2
  }
},{
  "dateTime" : "06/22/20 18:32:55",
  "value" : {
    "bpm" : 114,
    "confidence" : 2
  }
},{
  "dateTime" : "06/22/20 18:33:00",
  "value" : {
    "bpm" : 112,
    "confidence" : 2
  }
},{
  "dateTime" : "06/22/20 18:33:05",
  "value" : {
    "bpm" : 113,
    "confidence" : 2
  }
},{
  "dateTime" : "06/22/20 18:33:15",
  "value" : {
    "bpm" : 111,
    "confidence" : 2
  }
},{
  "dateTime" : "06/22/20 18:33:20",
  "value" : {
    "bpm" : 110,
    "confidence" : 2
  }
},{
  "dateTime" : "06/22/20 18:33:30",
  "value" : {
    "bpm" : 113,
    "confidence" : 2
  }
},{
  "dateTime" : "06/22/20 18:33:35",
  "value" : {
    "bpm" : 116,
    "confidence" : 2
  }
},{
  "dateTime" : "06/22/20 18:33:40",
  "value" : {
    "bpm" : 115,
    "confidence" : 2
  }
},{
  "dateTime" : "06/22/20 18:33:45",
  "value" : {
    "bpm" : 112,
    "confidence" : 2
  }
},{
  "dateTime" : "06/22/20 18:33:50",
  "value" : {
    "bpm" : 113,
    "confidence" : 2
  }
},{
  "dateTime" : "06/22/20 18:34:00",
  "value" : {
    "bpm" : 112,
    "confidence" : 2
  }
},{
  "dateTime" : "06/22/20 18:34:10",
  "value" : {
    "bpm" : 107,
    "confidence" : 2
  }
},{
  "dateTime" : "06/22/20 18:34:15",
  "value" : {
    "bpm" : 104,
    "confidence" : 2
  }
},{
  "dateTime" : "06/22/20 18:34:20",
  "value" : {
    "bpm" : 102,
    "confidence" : 2
  }
},{
  "dateTime" : "06/22/20 18:34:25",
  "value" : {
    "bpm" : 99,
    "confidence" : 2
  }
},{
  "dateTime" : "06/22/20 18:34:30",
  "value" : {
    "bpm" : 98,
    "confidence" : 2
  }
},{
  "dateTime" : "06/22/20 18:34:35",
  "value" : {
    "bpm" : 100,
    "confidence" : 2
  }
},{
  "dateTime" : "06/22/20 18:34:40",
  "value" : {
    "bpm" : 101,
    "confidence" : 2
  }
},{
  "dateTime" : "06/22/20 18:34:45",
  "value" : {
    "bpm" : 100,
    "confidence" : 2
  }
},{
  "dateTime" : "06/22/20 18:34:50",
  "value" : {
    "bpm" : 101,
    "confidence" : 2
  }
},{
  "dateTime" : "06/22/20 18:34:55",
  "value" : {
    "bpm" : 102,
    "confidence" : 2
  }
},{
  "dateTime" : "06/22/20 18:35:05",
  "value" : {
    "bpm" : 103,
    "confidence" : 2
  }
},{
  "dateTime" : "06/22/20 18:35:10",
  "value" : {
    "bpm" : 104,
    "confidence" : 2
  }
},{
  "dateTime" : "06/22/20 18:35:15",
  "value" : {
    "bpm" : 106,
    "confidence" : 2
  }
},{
  "dateTime" : "06/22/20 18:35:20",
  "value" : {
    "bpm" : 108,
    "confidence" : 1
  }
},{
  "dateTime" : "06/22/20 18:35:25",
  "value" : {
    "bpm" : 110,
    "confidence" : 1
  }
},{
  "dateTime" : "06/22/20 18:35:35",
  "value" : {
    "bpm" : 109,
    "confidence" : 2
  }
},{
  "dateTime" : "06/22/20 18:35:40",
  "value" : {
    "bpm" : 108,
    "confidence" : 1
  }
},{
  "dateTime" : "06/22/20 18:35:45",
  "value" : {
    "bpm" : 109,
    "confidence" : 1
  }
},{
  "dateTime" : "06/22/20 18:35:55",
  "value" : {
    "bpm" : 107,
    "confidence" : 1
  }
},{
  "dateTime" : "06/22/20 18:36:00",
  "value" : {
    "bpm" : 108,
    "confidence" : 1
  }
},{
  "dateTime" : "06/22/20 18:36:05",
  "value" : {
    "bpm" : 105,
    "confidence" : 1
  }
},{
  "dateTime" : "06/22/20 18:36:10",
  "value" : {
    "bpm" : 105,
    "confidence" : 2
  }
},{
  "dateTime" : "06/22/20 18:36:15",
  "value" : {
    "bpm" : 104,
    "confidence" : 2
  }
},{
  "dateTime" : "06/22/20 18:36:20",
  "value" : {
    "bpm" : 103,
    "confidence" : 2
  }
},{
  "dateTime" : "06/22/20 18:36:25",
  "value" : {
    "bpm" : 104,
    "confidence" : 2
  }
},{
  "dateTime" : "06/22/20 18:36:30",
  "value" : {
    "bpm" : 104,
    "confidence" : 1
  }
},{
  "dateTime" : "06/22/20 18:36:35",
  "value" : {
    "bpm" : 102,
    "confidence" : 1
  }
},{
  "dateTime" : "06/22/20 18:36:40",
  "value" : {
    "bpm" : 101,
    "confidence" : 1
  }
},{
  "dateTime" : "06/22/20 18:36:45",
  "value" : {
    "bpm" : 99,
    "confidence" : 1
  }
},{
  "dateTime" : "06/22/20 18:36:50",
  "value" : {
    "bpm" : 95,
    "confidence" : 1
  }
},{
  "dateTime" : "06/22/20 18:37:00",
  "value" : {
    "bpm" : 94,
    "confidence" : 1
  }
},{
  "dateTime" : "06/22/20 18:37:15",
  "value" : {
    "bpm" : 94,
    "confidence" : 1
  }
},{
  "dateTime" : "06/22/20 18:37:20",
  "value" : {
    "bpm" : 93,
    "confidence" : 1
  }
},{
  "dateTime" : "06/22/20 18:37:35",
  "value" : {
    "bpm" : 92,
    "confidence" : 1
  }
},{
  "dateTime" : "06/22/20 18:37:45",
  "value" : {
    "bpm" : 91,
    "confidence" : 1
  }
},{
  "dateTime" : "06/22/20 18:37:50",
  "value" : {
    "bpm" : 94,
    "confidence" : 1
  }
},{
  "dateTime" : "06/22/20 18:37:55",
  "value" : {
    "bpm" : 94,
    "confidence" : 2
  }
},{
  "dateTime" : "06/22/20 18:38:00",
  "value" : {
    "bpm" : 95,
    "confidence" : 2
  }
},{
  "dateTime" : "06/22/20 18:38:05",
  "value" : {
    "bpm" : 100,
    "confidence" : 2
  }
},{
  "dateTime" : "06/22/20 18:38:10",
  "value" : {
    "bpm" : 101,
    "confidence" : 2
  }
},{
  "dateTime" : "06/22/20 18:38:15",
  "value" : {
    "bpm" : 100,
    "confidence" : 1
  }
},{
  "dateTime" : "06/22/20 18:38:25",
  "value" : {
    "bpm" : 99,
    "confidence" : 1
  }
},{
  "dateTime" : "06/22/20 18:38:40",
  "value" : {
    "bpm" : 99,
    "confidence" : 2
  }
},{
  "dateTime" : "06/22/20 18:38:45",
  "value" : {
    "bpm" : 98,
    "confidence" : 2
  }
},{
  "dateTime" : "06/22/20 18:38:55",
  "value" : {
    "bpm" : 100,
    "confidence" : 2
  }
},{
  "dateTime" : "06/22/20 18:39:00",
  "value" : {
    "bpm" : 102,
    "confidence" : 2
  }
},{
  "dateTime" : "06/22/20 18:39:05",
  "value" : {
    "bpm" : 105,
    "confidence" : 2
  }
},{
  "dateTime" : "06/22/20 18:39:11",
  "value" : {
    "bpm" : 107,
    "confidence" : 2
  }
},{
  "dateTime" : "06/22/20 18:39:16",
  "value" : {
    "bpm" : 103,
    "confidence" : 2
  }
},{
  "dateTime" : "06/22/20 18:39:26",
  "value" : {
    "bpm" : 112,
    "confidence" : 2
  }
},{
  "dateTime" : "06/22/20 18:39:31",
  "value" : {
    "bpm" : 115,
    "confidence" : 1
  }
},{
  "dateTime" : "06/22/20 18:39:41",
  "value" : {
    "bpm" : 114,
    "confidence" : 1
  }
},{
  "dateTime" : "06/22/20 18:39:46",
  "value" : {
    "bpm" : 113,
    "confidence" : 1
  }
},{
  "dateTime" : "06/22/20 18:40:01",
  "value" : {
    "bpm" : 109,
    "confidence" : 0
  }
},{
  "dateTime" : "06/22/20 18:40:06",
  "value" : {
    "bpm" : 103,
    "confidence" : 0
  }
},{
  "dateTime" : "06/22/20 18:40:16",
  "value" : {
    "bpm" : 101,
    "confidence" : 0
  }
},{
  "dateTime" : "06/22/20 18:40:21",
  "value" : {
    "bpm" : 100,
    "confidence" : 1
  }
},{
  "dateTime" : "06/22/20 18:40:26",
  "value" : {
    "bpm" : 95,
    "confidence" : 0
  }
},{
  "dateTime" : "06/22/20 18:40:41",
  "value" : {
    "bpm" : 94,
    "confidence" : 1
  }
},{
  "dateTime" : "06/22/20 18:40:56",
  "value" : {
    "bpm" : 94,
    "confidence" : 1
  }
},{
  "dateTime" : "06/22/20 18:41:01",
  "value" : {
    "bpm" : 94,
    "confidence" : 2
  }
},{
  "dateTime" : "06/22/20 18:41:06",
  "value" : {
    "bpm" : 95,
    "confidence" : 1
  }
},{
  "dateTime" : "06/22/20 18:41:11",
  "value" : {
    "bpm" : 96,
    "confidence" : 2
  }
},{
  "dateTime" : "06/22/20 18:41:16",
  "value" : {
    "bpm" : 94,
    "confidence" : 2
  }
},{
  "dateTime" : "06/22/20 18:41:31",
  "value" : {
    "bpm" : 95,
    "confidence" : 2
  }
},{
  "dateTime" : "06/22/20 18:41:36",
  "value" : {
    "bpm" : 96,
    "confidence" : 2
  }
},{
  "dateTime" : "06/22/20 18:41:41",
  "value" : {
    "bpm" : 97,
    "confidence" : 2
  }
},{
  "dateTime" : "06/22/20 18:41:51",
  "value" : {
    "bpm" : 96,
    "confidence" : 2
  }
},{
  "dateTime" : "06/22/20 18:41:56",
  "value" : {
    "bpm" : 95,
    "confidence" : 2
  }
},{
  "dateTime" : "06/22/20 18:42:01",
  "value" : {
    "bpm" : 97,
    "confidence" : 3
  }
},{
  "dateTime" : "06/22/20 18:42:06",
  "value" : {
    "bpm" : 98,
    "confidence" : 2
  }
},{
  "dateTime" : "06/22/20 18:42:16",
  "value" : {
    "bpm" : 97,
    "confidence" : 2
  }
},{
  "dateTime" : "06/22/20 18:42:26",
  "value" : {
    "bpm" : 98,
    "confidence" : 2
  }
},{
  "dateTime" : "06/22/20 18:42:31",
  "value" : {
    "bpm" : 98,
    "confidence" : 2
  }
},{
  "dateTime" : "06/22/20 18:42:41",
  "value" : {
    "bpm" : 99,
    "confidence" : 2
  }
},{
  "dateTime" : "06/22/20 18:42:46",
  "value" : {
    "bpm" : 99,
    "confidence" : 1
  }
},{
  "dateTime" : "06/22/20 18:42:51",
  "value" : {
    "bpm" : 98,
    "confidence" : 1
  }
},{
  "dateTime" : "06/22/20 18:42:56",
  "value" : {
    "bpm" : 96,
    "confidence" : 1
  }
},{
  "dateTime" : "06/22/20 18:43:01",
  "value" : {
    "bpm" : 94,
    "confidence" : 1
  }
},{
  "dateTime" : "06/22/20 18:43:06",
  "value" : {
    "bpm" : 93,
    "confidence" : 2
  }
},{
  "dateTime" : "06/22/20 18:43:16",
  "value" : {
    "bpm" : 95,
    "confidence" : 1
  }
},{
  "dateTime" : "06/22/20 18:43:21",
  "value" : {
    "bpm" : 94,
    "confidence" : 1
  }
},{
  "dateTime" : "06/22/20 18:43:26",
  "value" : {
    "bpm" : 96,
    "confidence" : 1
  }
},{
  "dateTime" : "06/22/20 18:43:31",
  "value" : {
    "bpm" : 98,
    "confidence" : 1
  }
},{
  "dateTime" : "06/22/20 18:43:36",
  "value" : {
    "bpm" : 98,
    "confidence" : 2
  }
},{
  "dateTime" : "06/22/20 18:43:41",
  "value" : {
    "bpm" : 99,
    "confidence" : 1
  }
},{
  "dateTime" : "06/22/20 18:43:46",
  "value" : {
    "bpm" : 104,
    "confidence" : 2
  }
},{
  "dateTime" : "06/22/20 18:43:51",
  "value" : {
    "bpm" : 103,
    "confidence" : 2
  }
},{
  "dateTime" : "06/22/20 18:43:56",
  "value" : {
    "bpm" : 98,
    "confidence" : 2
  }
},{
  "dateTime" : "06/22/20 18:44:01",
  "value" : {
    "bpm" : 96,
    "confidence" : 2
  }
},{
  "dateTime" : "06/22/20 18:44:06",
  "value" : {
    "bpm" : 93,
    "confidence" : 2
  }
},{
  "dateTime" : "06/22/20 18:44:11",
  "value" : {
    "bpm" : 99,
    "confidence" : 2
  }
},{
  "dateTime" : "06/22/20 18:44:16",
  "value" : {
    "bpm" : 100,
    "confidence" : 2
  }
},{
  "dateTime" : "06/22/20 18:44:21",
  "value" : {
    "bpm" : 101,
    "confidence" : 2
  }
},{
  "dateTime" : "06/22/20 18:44:31",
  "value" : {
    "bpm" : 100,
    "confidence" : 2
  }
},{
  "dateTime" : "06/22/20 18:44:36",
  "value" : {
    "bpm" : 99,
    "confidence" : 2
  }
},{
  "dateTime" : "06/22/20 18:44:41",
  "value" : {
    "bpm" : 96,
    "confidence" : 2
  }
},{
  "dateTime" : "06/22/20 18:44:56",
  "value" : {
    "bpm" : 96,
    "confidence" : 2
  }
},{
  "dateTime" : "06/22/20 18:45:01",
  "value" : {
    "bpm" : 93,
    "confidence" : 2
  }
},{
  "dateTime" : "06/22/20 18:45:16",
  "value" : {
    "bpm" : 93,
    "confidence" : 2
  }
},{
  "dateTime" : "06/22/20 18:45:21",
  "value" : {
    "bpm" : 93,
    "confidence" : 2
  }
},{
  "dateTime" : "06/22/20 18:45:36",
  "value" : {
    "bpm" : 94,
    "confidence" : 2
  }
},{
  "dateTime" : "06/22/20 18:45:41",
  "value" : {
    "bpm" : 95,
    "confidence" : 2
  }
},{
  "dateTime" : "06/22/20 18:45:46",
  "value" : {
    "bpm" : 97,
    "confidence" : 2
  }
},{
  "dateTime" : "06/22/20 18:45:51",
  "value" : {
    "bpm" : 96,
    "confidence" : 2
  }
},{
  "dateTime" : "06/22/20 18:45:56",
  "value" : {
    "bpm" : 97,
    "confidence" : 2
  }
},{
  "dateTime" : "06/22/20 18:46:01",
  "value" : {
    "bpm" : 98,
    "confidence" : 2
  }
},{
  "dateTime" : "06/22/20 18:46:06",
  "value" : {
    "bpm" : 96,
    "confidence" : 2
  }
},{
  "dateTime" : "06/22/20 18:46:11",
  "value" : {
    "bpm" : 94,
    "confidence" : 2
  }
},{
  "dateTime" : "06/22/20 18:46:26",
  "value" : {
    "bpm" : 94,
    "confidence" : 2
  }
},{
  "dateTime" : "06/22/20 18:46:31",
  "value" : {
    "bpm" : 95,
    "confidence" : 1
  }
},{
  "dateTime" : "06/22/20 18:46:41",
  "value" : {
    "bpm" : 99,
    "confidence" : 1
  }
},{
  "dateTime" : "06/22/20 18:46:46",
  "value" : {
    "bpm" : 101,
    "confidence" : 1
  }
},{
  "dateTime" : "06/22/20 18:46:51",
  "value" : {
    "bpm" : 100,
    "confidence" : 2
  }
},{
  "dateTime" : "06/22/20 18:47:01",
  "value" : {
    "bpm" : 101,
    "confidence" : 2
  }
},{
  "dateTime" : "06/22/20 18:47:06",
  "value" : {
    "bpm" : 100,
    "confidence" : 2
  }
},{
  "dateTime" : "06/22/20 18:47:11",
  "value" : {
    "bpm" : 99,
    "confidence" : 2
  }
},{
  "dateTime" : "06/22/20 18:47:16",
  "value" : {
    "bpm" : 100,
    "confidence" : 2
  }
},{
  "dateTime" : "06/22/20 18:47:21",
  "value" : {
    "bpm" : 98,
    "confidence" : 2
  }
},{
  "dateTime" : "06/22/20 18:47:26",
  "value" : {
    "bpm" : 97,
    "confidence" : 2
  }
},{
  "dateTime" : "06/22/20 18:47:31",
  "value" : {
    "bpm" : 95,
    "confidence" : 2
  }
},{
  "dateTime" : "06/22/20 18:47:36",
  "value" : {
    "bpm" : 94,
    "confidence" : 2
  }
},{
  "dateTime" : "06/22/20 18:47:41",
  "value" : {
    "bpm" : 95,
    "confidence" : 2
  }
},{
  "dateTime" : "06/22/20 18:47:46",
  "value" : {
    "bpm" : 98,
    "confidence" : 2
  }
},{
  "dateTime" : "06/22/20 18:47:51",
  "value" : {
    "bpm" : 97,
    "confidence" : 2
  }
},{
  "dateTime" : "06/22/20 18:47:56",
  "value" : {
    "bpm" : 98,
    "confidence" : 2
  }
},{
  "dateTime" : "06/22/20 18:48:01",
  "value" : {
    "bpm" : 97,
    "confidence" : 2
  }
},{
  "dateTime" : "06/22/20 18:48:06",
  "value" : {
    "bpm" : 96,
    "confidence" : 2
  }
},{
  "dateTime" : "06/22/20 18:48:11",
  "value" : {
    "bpm" : 98,
    "confidence" : 2
  }
},{
  "dateTime" : "06/22/20 18:48:16",
  "value" : {
    "bpm" : 99,
    "confidence" : 2
  }
},{
  "dateTime" : "06/22/20 18:48:31",
  "value" : {
    "bpm" : 100,
    "confidence" : 2
  }
},{
  "dateTime" : "06/22/20 18:48:36",
  "value" : {
    "bpm" : 101,
    "confidence" : 2
  }
},{
  "dateTime" : "06/22/20 18:48:41",
  "value" : {
    "bpm" : 100,
    "confidence" : 2
  }
},{
  "dateTime" : "06/22/20 18:48:46",
  "value" : {
    "bpm" : 101,
    "confidence" : 2
  }
},{
  "dateTime" : "06/22/20 18:48:51",
  "value" : {
    "bpm" : 98,
    "confidence" : 2
  }
},{
  "dateTime" : "06/22/20 18:48:56",
  "value" : {
    "bpm" : 94,
    "confidence" : 2
  }
},{
  "dateTime" : "06/22/20 18:49:01",
  "value" : {
    "bpm" : 91,
    "confidence" : 2
  }
},{
  "dateTime" : "06/22/20 18:49:11",
  "value" : {
    "bpm" : 92,
    "confidence" : 2
  }
},{
  "dateTime" : "06/22/20 18:49:16",
  "value" : {
    "bpm" : 93,
    "confidence" : 2
  }
},{
  "dateTime" : "06/22/20 18:49:21",
  "value" : {
    "bpm" : 95,
    "confidence" : 2
  }
},{
  "dateTime" : "06/22/20 18:49:31",
  "value" : {
    "bpm" : 94,
    "confidence" : 2
  }
},{
  "dateTime" : "06/22/20 18:49:36",
  "value" : {
    "bpm" : 93,
    "confidence" : 2
  }
},{
  "dateTime" : "06/22/20 18:49:46",
  "value" : {
    "bpm" : 94,
    "confidence" : 2
  }
},{
  "dateTime" : "06/22/20 18:49:56",
  "value" : {
    "bpm" : 92,
    "confidence" : 2
  }
},{
  "dateTime" : "06/22/20 18:50:01",
  "value" : {
    "bpm" : 90,
    "confidence" : 2
  }
},{
  "dateTime" : "06/22/20 18:50:11",
  "value" : {
    "bpm" : 93,
    "confidence" : 2
  }
},{
  "dateTime" : "06/22/20 18:50:16",
  "value" : {
    "bpm" : 97,
    "confidence" : 2
  }
},{
  "dateTime" : "06/22/20 18:50:21",
  "value" : {
    "bpm" : 98,
    "confidence" : 2
  }
},{
  "dateTime" : "06/22/20 18:50:26",
  "value" : {
    "bpm" : 97,
    "confidence" : 2
  }
},{
  "dateTime" : "06/22/20 18:50:31",
  "value" : {
    "bpm" : 96,
    "confidence" : 2
  }
},{
  "dateTime" : "06/22/20 18:50:36",
  "value" : {
    "bpm" : 94,
    "confidence" : 2
  }
},{
  "dateTime" : "06/22/20 18:50:41",
  "value" : {
    "bpm" : 96,
    "confidence" : 2
  }
},{
  "dateTime" : "06/22/20 18:50:46",
  "value" : {
    "bpm" : 95,
    "confidence" : 2
  }
},{
  "dateTime" : "06/22/20 18:50:56",
  "value" : {
    "bpm" : 96,
    "confidence" : 2
  }
},{
  "dateTime" : "06/22/20 18:51:01",
  "value" : {
    "bpm" : 98,
    "confidence" : 2
  }
},{
  "dateTime" : "06/22/20 18:51:11",
  "value" : {
    "bpm" : 97,
    "confidence" : 2
  }
},{
  "dateTime" : "06/22/20 18:51:16",
  "value" : {
    "bpm" : 96,
    "confidence" : 2
  }
},{
  "dateTime" : "06/22/20 18:51:21",
  "value" : {
    "bpm" : 98,
    "confidence" : 2
  }
},{
  "dateTime" : "06/22/20 18:51:26",
  "value" : {
    "bpm" : 99,
    "confidence" : 2
  }
},{
  "dateTime" : "06/22/20 18:51:41",
  "value" : {
    "bpm" : 99,
    "confidence" : 2
  }
},{
  "dateTime" : "06/22/20 18:51:46",
  "value" : {
    "bpm" : 100,
    "confidence" : 2
  }
},{
  "dateTime" : "06/22/20 18:51:51",
  "value" : {
    "bpm" : 99,
    "confidence" : 2
  }
},{
  "dateTime" : "06/22/20 18:51:56",
  "value" : {
    "bpm" : 100,
    "confidence" : 2
  }
},{
  "dateTime" : "06/22/20 18:52:06",
  "value" : {
    "bpm" : 101,
    "confidence" : 2
  }
},{
  "dateTime" : "06/22/20 18:52:11",
  "value" : {
    "bpm" : 100,
    "confidence" : 2
  }
},{
  "dateTime" : "06/22/20 18:52:16",
  "value" : {
    "bpm" : 99,
    "confidence" : 2
  }
},{
  "dateTime" : "06/22/20 18:52:21",
  "value" : {
    "bpm" : 97,
    "confidence" : 1
  }
},{
  "dateTime" : "06/22/20 18:52:26",
  "value" : {
    "bpm" : 98,
    "confidence" : 1
  }
},{
  "dateTime" : "06/22/20 18:52:36",
  "value" : {
    "bpm" : 97,
    "confidence" : 1
  }
},{
  "dateTime" : "06/22/20 18:52:41",
  "value" : {
    "bpm" : 96,
    "confidence" : 1
  }
},{
  "dateTime" : "06/22/20 18:52:51",
  "value" : {
    "bpm" : 96,
    "confidence" : 2
  }
},{
  "dateTime" : "06/22/20 18:53:01",
  "value" : {
    "bpm" : 95,
    "confidence" : 2
  }
},{
  "dateTime" : "06/22/20 18:53:06",
  "value" : {
    "bpm" : 93,
    "confidence" : 2
  }
},{
  "dateTime" : "06/22/20 18:53:16",
  "value" : {
    "bpm" : 95,
    "confidence" : 2
  }
},{
  "dateTime" : "06/22/20 18:53:21",
  "value" : {
    "bpm" : 97,
    "confidence" : 2
  }
},{
  "dateTime" : "06/22/20 18:53:26",
  "value" : {
    "bpm" : 98,
    "confidence" : 2
  }
},{
  "dateTime" : "06/22/20 18:53:31",
  "value" : {
    "bpm" : 97,
    "confidence" : 2
  }
},{
  "dateTime" : "06/22/20 18:53:36",
  "value" : {
    "bpm" : 96,
    "confidence" : 2
  }
},{
  "dateTime" : "06/22/20 18:53:41",
  "value" : {
    "bpm" : 94,
    "confidence" : 2
  }
},{
  "dateTime" : "06/22/20 18:53:51",
  "value" : {
    "bpm" : 96,
    "confidence" : 2
  }
},{
  "dateTime" : "06/22/20 18:53:56",
  "value" : {
    "bpm" : 97,
    "confidence" : 2
  }
},{
  "dateTime" : "06/22/20 18:54:01",
  "value" : {
    "bpm" : 98,
    "confidence" : 2
  }
},{
  "dateTime" : "06/22/20 18:54:06",
  "value" : {
    "bpm" : 100,
    "confidence" : 2
  }
},{
  "dateTime" : "06/22/20 18:54:11",
  "value" : {
    "bpm" : 101,
    "confidence" : 2
  }
},{
  "dateTime" : "06/22/20 18:54:16",
  "value" : {
    "bpm" : 99,
    "confidence" : 2
  }
},{
  "dateTime" : "06/22/20 18:54:21",
  "value" : {
    "bpm" : 97,
    "confidence" : 2
  }
},{
  "dateTime" : "06/22/20 18:54:36",
  "value" : {
    "bpm" : 97,
    "confidence" : 2
  }
},{
  "dateTime" : "06/22/20 18:54:41",
  "value" : {
    "bpm" : 98,
    "confidence" : 2
  }
},{
  "dateTime" : "06/22/20 18:54:46",
  "value" : {
    "bpm" : 99,
    "confidence" : 2
  }
},{
  "dateTime" : "06/22/20 18:54:51",
  "value" : {
    "bpm" : 97,
    "confidence" : 2
  }
},{
  "dateTime" : "06/22/20 18:54:56",
  "value" : {
    "bpm" : 98,
    "confidence" : 2
  }
},{
  "dateTime" : "06/22/20 18:55:01",
  "value" : {
    "bpm" : 97,
    "confidence" : 2
  }
},{
  "dateTime" : "06/22/20 18:55:06",
  "value" : {
    "bpm" : 95,
    "confidence" : 2
  }
},{
  "dateTime" : "06/22/20 18:55:11",
  "value" : {
    "bpm" : 94,
    "confidence" : 2
  }
},{
  "dateTime" : "06/22/20 18:55:21",
  "value" : {
    "bpm" : 95,
    "confidence" : 2
  }
},{
  "dateTime" : "06/22/20 18:55:26",
  "value" : {
    "bpm" : 96,
    "confidence" : 2
  }
},{
  "dateTime" : "06/22/20 18:55:41",
  "value" : {
    "bpm" : 96,
    "confidence" : 2
  }
},{
  "dateTime" : "06/22/20 18:55:51",
  "value" : {
    "bpm" : 97,
    "confidence" : 2
  }
},{
  "dateTime" : "06/22/20 18:55:56",
  "value" : {
    "bpm" : 95,
    "confidence" : 2
  }
},{
  "dateTime" : "06/22/20 18:56:01",
  "value" : {
    "bpm" : 96,
    "confidence" : 2
  }
},{
  "dateTime" : "06/22/20 18:56:16",
  "value" : {
    "bpm" : 96,
    "confidence" : 2
  }
},{
  "dateTime" : "06/22/20 18:56:21",
  "value" : {
    "bpm" : 102,
    "confidence" : 2
  }
},{
  "dateTime" : "06/22/20 18:56:31",
  "value" : {
    "bpm" : 100,
    "confidence" : 2
  }
},{
  "dateTime" : "06/22/20 18:56:36",
  "value" : {
    "bpm" : 99,
    "confidence" : 2
  }
},{
  "dateTime" : "06/22/20 18:56:46",
  "value" : {
    "bpm" : 96,
    "confidence" : 2
  }
},{
  "dateTime" : "06/22/20 18:56:56",
  "value" : {
    "bpm" : 97,
    "confidence" : 2
  }
},{
  "dateTime" : "06/22/20 18:57:01",
  "value" : {
    "bpm" : 101,
    "confidence" : 2
  }
},{
  "dateTime" : "06/22/20 18:57:07",
  "value" : {
    "bpm" : 101,
    "confidence" : 2
  }
},{
  "dateTime" : "06/22/20 18:57:12",
  "value" : {
    "bpm" : 100,
    "confidence" : 2
  }
},{
  "dateTime" : "06/22/20 18:57:22",
  "value" : {
    "bpm" : 99,
    "confidence" : 2
  }
},{
  "dateTime" : "06/22/20 18:57:32",
  "value" : {
    "bpm" : 98,
    "confidence" : 2
  }
},{
  "dateTime" : "06/22/20 18:57:42",
  "value" : {
    "bpm" : 96,
    "confidence" : 2
  }
},{
  "dateTime" : "06/22/20 18:57:47",
  "value" : {
    "bpm" : 98,
    "confidence" : 2
  }
},{
  "dateTime" : "06/22/20 18:57:52",
  "value" : {
    "bpm" : 101,
    "confidence" : 2
  }
},{
  "dateTime" : "06/22/20 18:57:57",
  "value" : {
    "bpm" : 102,
    "confidence" : 2
  }
},{
  "dateTime" : "06/22/20 18:58:02",
  "value" : {
    "bpm" : 103,
    "confidence" : 2
  }
},{
  "dateTime" : "06/22/20 18:58:07",
  "value" : {
    "bpm" : 105,
    "confidence" : 2
  }
},{
  "dateTime" : "06/22/20 18:58:12",
  "value" : {
    "bpm" : 106,
    "confidence" : 1
  }
},{
  "dateTime" : "06/22/20 18:58:17",
  "value" : {
    "bpm" : 112,
    "confidence" : 1
  }
},{
  "dateTime" : "06/22/20 18:58:22",
  "value" : {
    "bpm" : 110,
    "confidence" : 1
  }
},{
  "dateTime" : "06/22/20 18:58:27",
  "value" : {
    "bpm" : 109,
    "confidence" : 1
  }
},{
  "dateTime" : "06/22/20 18:58:32",
  "value" : {
    "bpm" : 112,
    "confidence" : 1
  }
},{
  "dateTime" : "06/22/20 18:58:37",
  "value" : {
    "bpm" : 113,
    "confidence" : 1
  }
},{
  "dateTime" : "06/22/20 18:58:42",
  "value" : {
    "bpm" : 112,
    "confidence" : 1
  }
},{
  "dateTime" : "06/22/20 18:58:52",
  "value" : {
    "bpm" : 110,
    "confidence" : 1
  }
},{
  "dateTime" : "06/22/20 18:58:57",
  "value" : {
    "bpm" : 108,
    "confidence" : 1
  }
},{
  "dateTime" : "06/22/20 18:59:02",
  "value" : {
    "bpm" : 109,
    "confidence" : 1
  }
},{
  "dateTime" : "06/22/20 18:59:12",
  "value" : {
    "bpm" : 110,
    "confidence" : 1
  }
},{
  "dateTime" : "06/22/20 18:59:17",
  "value" : {
    "bpm" : 111,
    "confidence" : 2
  }
},{
  "dateTime" : "06/22/20 18:59:27",
  "value" : {
    "bpm" : 111,
    "confidence" : 1
  }
},{
  "dateTime" : "06/22/20 18:59:32",
  "value" : {
    "bpm" : 113,
    "confidence" : 1
  }
},{
  "dateTime" : "06/22/20 18:59:47",
  "value" : {
    "bpm" : 117,
    "confidence" : 1
  }
},{
  "dateTime" : "06/22/20 18:59:52",
  "value" : {
    "bpm" : 120,
    "confidence" : 1
  }
},{
  "dateTime" : "06/22/20 18:59:57",
  "value" : {
    "bpm" : 118,
    "confidence" : 1
  }
},{
  "dateTime" : "06/22/20 19:00:02",
  "value" : {
    "bpm" : 111,
    "confidence" : 1
  }
},{
  "dateTime" : "06/22/20 19:00:07",
  "value" : {
    "bpm" : 109,
    "confidence" : 2
  }
},{
  "dateTime" : "06/22/20 19:00:12",
  "value" : {
    "bpm" : 102,
    "confidence" : 2
  }
},{
  "dateTime" : "06/22/20 19:00:17",
  "value" : {
    "bpm" : 99,
    "confidence" : 2
  }
},{
  "dateTime" : "06/22/20 19:00:22",
  "value" : {
    "bpm" : 99,
    "confidence" : 1
  }
},{
  "dateTime" : "06/22/20 19:00:27",
  "value" : {
    "bpm" : 101,
    "confidence" : 1
  }
},{
  "dateTime" : "06/22/20 19:00:32",
  "value" : {
    "bpm" : 103,
    "confidence" : 2
  }
},{
  "dateTime" : "06/22/20 19:00:37",
  "value" : {
    "bpm" : 107,
    "confidence" : 1
  }
},{
  "dateTime" : "06/22/20 19:00:42",
  "value" : {
    "bpm" : 111,
    "confidence" : 1
  }
},{
  "dateTime" : "06/22/20 19:00:47",
  "value" : {
    "bpm" : 113,
    "confidence" : 1
  }
},{
  "dateTime" : "06/22/20 19:00:52",
  "value" : {
    "bpm" : 115,
    "confidence" : 1
  }
},{
  "dateTime" : "06/22/20 19:00:57",
  "value" : {
    "bpm" : 114,
    "confidence" : 1
  }
},{
  "dateTime" : "06/22/20 19:01:02",
  "value" : {
    "bpm" : 113,
    "confidence" : 1
  }
},{
  "dateTime" : "06/22/20 19:01:07",
  "value" : {
    "bpm" : 115,
    "confidence" : 1
  }
},{
  "dateTime" : "06/22/20 19:01:12",
  "value" : {
    "bpm" : 120,
    "confidence" : 1
  }
},{
  "dateTime" : "06/22/20 19:01:17",
  "value" : {
    "bpm" : 119,
    "confidence" : 1
  }
},{
  "dateTime" : "06/22/20 19:01:22",
  "value" : {
    "bpm" : 114,
    "confidence" : 1
  }
},{
  "dateTime" : "06/22/20 19:01:27",
  "value" : {
    "bpm" : 116,
    "confidence" : 1
  }
},{
  "dateTime" : "06/22/20 19:01:32",
  "value" : {
    "bpm" : 111,
    "confidence" : 1
  }
},{
  "dateTime" : "06/22/20 19:01:37",
  "value" : {
    "bpm" : 106,
    "confidence" : 1
  }
},{
  "dateTime" : "06/22/20 19:01:42",
  "value" : {
    "bpm" : 105,
    "confidence" : 1
  }
},{
  "dateTime" : "06/22/20 19:01:47",
  "value" : {
    "bpm" : 106,
    "confidence" : 1
  }
},{
  "dateTime" : "06/22/20 19:01:52",
  "value" : {
    "bpm" : 105,
    "confidence" : 1
  }
},{
  "dateTime" : "06/22/20 19:01:57",
  "value" : {
    "bpm" : 101,
    "confidence" : 1
  }
},{
  "dateTime" : "06/22/20 19:02:02",
  "value" : {
    "bpm" : 100,
    "confidence" : 1
  }
},{
  "dateTime" : "06/22/20 19:02:07",
  "value" : {
    "bpm" : 106,
    "confidence" : 1
  }
},{
  "dateTime" : "06/22/20 19:02:12",
  "value" : {
    "bpm" : 111,
    "confidence" : 2
  }
},{
  "dateTime" : "06/22/20 19:02:17",
  "value" : {
    "bpm" : 109,
    "confidence" : 2
  }
},{
  "dateTime" : "06/22/20 19:02:22",
  "value" : {
    "bpm" : 106,
    "confidence" : 2
  }
},{
  "dateTime" : "06/22/20 19:02:27",
  "value" : {
    "bpm" : 104,
    "confidence" : 1
  }
},{
  "dateTime" : "06/22/20 19:02:32",
  "value" : {
    "bpm" : 103,
    "confidence" : 1
  }
},{
  "dateTime" : "06/22/20 19:02:37",
  "value" : {
    "bpm" : 103,
    "confidence" : 2
  }
},{
  "dateTime" : "06/22/20 19:02:42",
  "value" : {
    "bpm" : 104,
    "confidence" : 2
  }
},{
  "dateTime" : "06/22/20 19:02:57",
  "value" : {
    "bpm" : 105,
    "confidence" : 2
  }
},{
  "dateTime" : "06/22/20 19:03:02",
  "value" : {
    "bpm" : 107,
    "confidence" : 2
  }
},{
  "dateTime" : "06/22/20 19:03:17",
  "value" : {
    "bpm" : 111,
    "confidence" : 2
  }
},{
  "dateTime" : "06/22/20 19:03:22",
  "value" : {
    "bpm" : 114,
    "confidence" : 1
  }
},{
  "dateTime" : "06/22/20 19:03:27",
  "value" : {
    "bpm" : 109,
    "confidence" : 1
  }
},{
  "dateTime" : "06/22/20 19:03:32",
  "value" : {
    "bpm" : 106,
    "confidence" : 1
  }
},{
  "dateTime" : "06/22/20 19:03:37",
  "value" : {
    "bpm" : 107,
    "confidence" : 1
  }
},{
  "dateTime" : "06/22/20 19:03:47",
  "value" : {
    "bpm" : 110,
    "confidence" : 1
  }
},{
  "dateTime" : "06/22/20 19:03:52",
  "value" : {
    "bpm" : 111,
    "confidence" : 1
  }
},{
  "dateTime" : "06/22/20 19:03:57",
  "value" : {
    "bpm" : 113,
    "confidence" : 1
  }
},{
  "dateTime" : "06/22/20 19:04:02",
  "value" : {
    "bpm" : 108,
    "confidence" : 1
  }
},{
  "dateTime" : "06/22/20 19:04:07",
  "value" : {
    "bpm" : 106,
    "confidence" : 1
  }
},{
  "dateTime" : "06/22/20 19:04:12",
  "value" : {
    "bpm" : 104,
    "confidence" : 2
  }
},{
  "dateTime" : "06/22/20 19:04:22",
  "value" : {
    "bpm" : 103,
    "confidence" : 2
  }
},{
  "dateTime" : "06/22/20 19:04:37",
  "value" : {
    "bpm" : 102,
    "confidence" : 2
  }
},{
  "dateTime" : "06/22/20 19:04:42",
  "value" : {
    "bpm" : 103,
    "confidence" : 2
  }
},{
  "dateTime" : "06/22/20 19:04:57",
  "value" : {
    "bpm" : 103,
    "confidence" : 2
  }
},{
  "dateTime" : "06/22/20 19:05:07",
  "value" : {
    "bpm" : 102,
    "confidence" : 2
  }
},{
  "dateTime" : "06/22/20 19:05:22",
  "value" : {
    "bpm" : 102,
    "confidence" : 2
  }
},{
  "dateTime" : "06/22/20 19:05:32",
  "value" : {
    "bpm" : 104,
    "confidence" : 2
  }
},{
  "dateTime" : "06/22/20 19:05:37",
  "value" : {
    "bpm" : 105,
    "confidence" : 2
  }
},{
  "dateTime" : "06/22/20 19:05:42",
  "value" : {
    "bpm" : 105,
    "confidence" : 2
  }
},{
  "dateTime" : "06/22/20 19:05:52",
  "value" : {
    "bpm" : 106,
    "confidence" : 2
  }
},{
  "dateTime" : "06/22/20 19:06:02",
  "value" : {
    "bpm" : 107,
    "confidence" : 2
  }
},{
  "dateTime" : "06/22/20 19:06:07",
  "value" : {
    "bpm" : 108,
    "confidence" : 2
  }
},{
  "dateTime" : "06/22/20 19:06:12",
  "value" : {
    "bpm" : 110,
    "confidence" : 2
  }
},{
  "dateTime" : "06/22/20 19:06:17",
  "value" : {
    "bpm" : 108,
    "confidence" : 2
  }
},{
  "dateTime" : "06/22/20 19:06:22",
  "value" : {
    "bpm" : 103,
    "confidence" : 2
  }
},{
  "dateTime" : "06/22/20 19:06:37",
  "value" : {
    "bpm" : 102,
    "confidence" : 2
  }
},{
  "dateTime" : "06/22/20 19:06:42",
  "value" : {
    "bpm" : 101,
    "confidence" : 2
  }
},{
  "dateTime" : "06/22/20 19:06:47",
  "value" : {
    "bpm" : 102,
    "confidence" : 2
  }
},{
  "dateTime" : "06/22/20 19:06:57",
  "value" : {
    "bpm" : 102,
    "confidence" : 1
  }
},{
  "dateTime" : "06/22/20 19:07:02",
  "value" : {
    "bpm" : 103,
    "confidence" : 1
  }
},{
  "dateTime" : "06/22/20 19:07:17",
  "value" : {
    "bpm" : 105,
    "confidence" : 1
  }
},{
  "dateTime" : "06/22/20 19:07:22",
  "value" : {
    "bpm" : 107,
    "confidence" : 1
  }
},{
  "dateTime" : "06/22/20 19:07:27",
  "value" : {
    "bpm" : 109,
    "confidence" : 2
  }
},{
  "dateTime" : "06/22/20 19:07:37",
  "value" : {
    "bpm" : 111,
    "confidence" : 2
  }
},{
  "dateTime" : "06/22/20 19:07:42",
  "value" : {
    "bpm" : 109,
    "confidence" : 1
  }
},{
  "dateTime" : "06/22/20 19:07:47",
  "value" : {
    "bpm" : 108,
    "confidence" : 1
  }
},{
  "dateTime" : "06/22/20 19:07:52",
  "value" : {
    "bpm" : 109,
    "confidence" : 2
  }
},{
  "dateTime" : "06/22/20 19:07:57",
  "value" : {
    "bpm" : 111,
    "confidence" : 2
  }
},{
  "dateTime" : "06/22/20 19:08:07",
  "value" : {
    "bpm" : 110,
    "confidence" : 2
  }
},{
  "dateTime" : "06/22/20 19:08:12",
  "value" : {
    "bpm" : 114,
    "confidence" : 2
  }
},{
  "dateTime" : "06/22/20 19:08:17",
  "value" : {
    "bpm" : 116,
    "confidence" : 2
  }
},{
  "dateTime" : "06/22/20 19:08:22",
  "value" : {
    "bpm" : 113,
    "confidence" : 2
  }
},{
  "dateTime" : "06/22/20 19:08:27",
  "value" : {
    "bpm" : 110,
    "confidence" : 2
  }
},{
  "dateTime" : "06/22/20 19:08:37",
  "value" : {
    "bpm" : 108,
    "confidence" : 1
  }
},{
  "dateTime" : "06/22/20 19:08:42",
  "value" : {
    "bpm" : 110,
    "confidence" : 1
  }
},{
  "dateTime" : "06/22/20 19:08:47",
  "value" : {
    "bpm" : 107,
    "confidence" : 1
  }
},{
  "dateTime" : "06/22/20 19:08:57",
  "value" : {
    "bpm" : 106,
    "confidence" : 2
  }
},{
  "dateTime" : "06/22/20 19:09:02",
  "value" : {
    "bpm" : 104,
    "confidence" : 2
  }
},{
  "dateTime" : "06/22/20 19:09:17",
  "value" : {
    "bpm" : 106,
    "confidence" : 1
  }
},{
  "dateTime" : "06/22/20 19:09:27",
  "value" : {
    "bpm" : 105,
    "confidence" : 1
  }
},{
  "dateTime" : "06/22/20 19:09:42",
  "value" : {
    "bpm" : 107,
    "confidence" : 1
  }
},{
  "dateTime" : "06/22/20 19:09:47",
  "value" : {
    "bpm" : 108,
    "confidence" : 1
  }
},{
  "dateTime" : "06/22/20 19:09:52",
  "value" : {
    "bpm" : 112,
    "confidence" : 1
  }
},{
  "dateTime" : "06/22/20 19:10:02",
  "value" : {
    "bpm" : 111,
    "confidence" : 1
  }
},{
  "dateTime" : "06/22/20 19:10:17",
  "value" : {
    "bpm" : 111,
    "confidence" : 2
  }
},{
  "dateTime" : "06/22/20 19:10:22",
  "value" : {
    "bpm" : 110,
    "confidence" : 2
  }
},{
  "dateTime" : "06/22/20 19:10:27",
  "value" : {
    "bpm" : 109,
    "confidence" : 2
  }
},{
  "dateTime" : "06/22/20 19:10:37",
  "value" : {
    "bpm" : 111,
    "confidence" : 2
  }
},{
  "dateTime" : "06/22/20 19:10:42",
  "value" : {
    "bpm" : 108,
    "confidence" : 2
  }
},{
  "dateTime" : "06/22/20 19:10:47",
  "value" : {
    "bpm" : 105,
    "confidence" : 2
  }
},{
  "dateTime" : "06/22/20 19:10:52",
  "value" : {
    "bpm" : 106,
    "confidence" : 2
  }
},{
  "dateTime" : "06/22/20 19:11:02",
  "value" : {
    "bpm" : 105,
    "confidence" : 2
  }
},{
  "dateTime" : "06/22/20 19:11:17",
  "value" : {
    "bpm" : 106,
    "confidence" : 2
  }
},{
  "dateTime" : "06/22/20 19:11:22",
  "value" : {
    "bpm" : 107,
    "confidence" : 2
  }
},{
  "dateTime" : "06/22/20 19:11:27",
  "value" : {
    "bpm" : 109,
    "confidence" : 1
  }
},{
  "dateTime" : "06/22/20 19:11:32",
  "value" : {
    "bpm" : 114,
    "confidence" : 2
  }
},{
  "dateTime" : "06/22/20 19:11:37",
  "value" : {
    "bpm" : 113,
    "confidence" : 2
  }
},{
  "dateTime" : "06/22/20 19:11:42",
  "value" : {
    "bpm" : 114,
    "confidence" : 1
  }
},{
  "dateTime" : "06/22/20 19:11:47",
  "value" : {
    "bpm" : 112,
    "confidence" : 2
  }
},{
  "dateTime" : "06/22/20 19:11:52",
  "value" : {
    "bpm" : 113,
    "confidence" : 2
  }
},{
  "dateTime" : "06/22/20 19:11:57",
  "value" : {
    "bpm" : 116,
    "confidence" : 2
  }
},{
  "dateTime" : "06/22/20 19:12:02",
  "value" : {
    "bpm" : 118,
    "confidence" : 2
  }
},{
  "dateTime" : "06/22/20 19:12:07",
  "value" : {
    "bpm" : 118,
    "confidence" : 2
  }
},{
  "dateTime" : "06/22/20 19:12:12",
  "value" : {
    "bpm" : 117,
    "confidence" : 2
  }
},{
  "dateTime" : "06/22/20 19:12:27",
  "value" : {
    "bpm" : 117,
    "confidence" : 2
  }
},{
  "dateTime" : "06/22/20 19:12:42",
  "value" : {
    "bpm" : 116,
    "confidence" : 2
  }
},{
  "dateTime" : "06/22/20 19:12:52",
  "value" : {
    "bpm" : 113,
    "confidence" : 2
  }
},{
  "dateTime" : "06/22/20 19:12:57",
  "value" : {
    "bpm" : 112,
    "confidence" : 2
  }
},{
  "dateTime" : "06/22/20 19:13:02",
  "value" : {
    "bpm" : 110,
    "confidence" : 1
  }
},{
  "dateTime" : "06/22/20 19:13:12",
  "value" : {
    "bpm" : 112,
    "confidence" : 2
  }
},{
  "dateTime" : "06/22/20 19:13:22",
  "value" : {
    "bpm" : 111,
    "confidence" : 2
  }
},{
  "dateTime" : "06/22/20 19:13:32",
  "value" : {
    "bpm" : 110,
    "confidence" : 2
  }
},{
  "dateTime" : "06/22/20 19:13:42",
  "value" : {
    "bpm" : 109,
    "confidence" : 2
  }
},{
  "dateTime" : "06/22/20 19:13:47",
  "value" : {
    "bpm" : 110,
    "confidence" : 2
  }
},{
  "dateTime" : "06/22/20 19:13:52",
  "value" : {
    "bpm" : 111,
    "confidence" : 2
  }
},{
  "dateTime" : "06/22/20 19:14:02",
  "value" : {
    "bpm" : 109,
    "confidence" : 2
  }
},{
  "dateTime" : "06/22/20 19:14:07",
  "value" : {
    "bpm" : 108,
    "confidence" : 2
  }
},{
  "dateTime" : "06/22/20 19:14:17",
  "value" : {
    "bpm" : 106,
    "confidence" : 2
  }
},{
  "dateTime" : "06/22/20 19:14:22",
  "value" : {
    "bpm" : 105,
    "confidence" : 2
  }
},{
  "dateTime" : "06/22/20 19:14:27",
  "value" : {
    "bpm" : 103,
    "confidence" : 2
  }
},{
  "dateTime" : "06/22/20 19:14:37",
  "value" : {
    "bpm" : 104,
    "confidence" : 2
  }
},{
  "dateTime" : "06/22/20 19:14:42",
  "value" : {
    "bpm" : 101,
    "confidence" : 2
  }
},{
  "dateTime" : "06/22/20 19:14:52",
  "value" : {
    "bpm" : 103,
    "confidence" : 2
  }
},{
  "dateTime" : "06/22/20 19:14:57",
  "value" : {
    "bpm" : 105,
    "confidence" : 1
  }
},{
  "dateTime" : "06/22/20 19:15:02",
  "value" : {
    "bpm" : 107,
    "confidence" : 2
  }
},{
  "dateTime" : "06/22/20 19:15:07",
  "value" : {
    "bpm" : 112,
    "confidence" : 2
  }
},{
  "dateTime" : "06/22/20 19:15:12",
  "value" : {
    "bpm" : 113,
    "confidence" : 2
  }
},{
  "dateTime" : "06/22/20 19:15:17",
  "value" : {
    "bpm" : 116,
    "confidence" : 2
  }
},{
  "dateTime" : "06/22/20 19:15:22",
  "value" : {
    "bpm" : 118,
    "confidence" : 2
  }
},{
  "dateTime" : "06/22/20 19:15:28",
  "value" : {
    "bpm" : 120,
    "confidence" : 2
  }
},{
  "dateTime" : "06/22/20 19:15:33",
  "value" : {
    "bpm" : 121,
    "confidence" : 2
  }
},{
  "dateTime" : "06/22/20 19:15:48",
  "value" : {
    "bpm" : 121,
    "confidence" : 2
  }
},{
  "dateTime" : "06/22/20 19:16:03",
  "value" : {
    "bpm" : 121,
    "confidence" : 2
  }
},{
  "dateTime" : "06/22/20 19:16:08",
  "value" : {
    "bpm" : 119,
    "confidence" : 2
  }
},{
  "dateTime" : "06/22/20 19:16:13",
  "value" : {
    "bpm" : 117,
    "confidence" : 2
  }
},{
  "dateTime" : "06/22/20 19:16:18",
  "value" : {
    "bpm" : 116,
    "confidence" : 2
  }
},{
  "dateTime" : "06/22/20 19:16:33",
  "value" : {
    "bpm" : 116,
    "confidence" : 2
  }
},{
  "dateTime" : "06/22/20 19:16:38",
  "value" : {
    "bpm" : 114,
    "confidence" : 2
  }
},{
  "dateTime" : "06/22/20 19:16:43",
  "value" : {
    "bpm" : 108,
    "confidence" : 1
  }
},{
  "dateTime" : "06/22/20 19:16:48",
  "value" : {
    "bpm" : 103,
    "confidence" : 1
  }
},{
  "dateTime" : "06/22/20 19:16:58",
  "value" : {
    "bpm" : 102,
    "confidence" : 1
  }
},{
  "dateTime" : "06/22/20 19:17:03",
  "value" : {
    "bpm" : 100,
    "confidence" : 2
  }
},{
  "dateTime" : "06/22/20 19:17:08",
  "value" : {
    "bpm" : 98,
    "confidence" : 2
  }
},{
  "dateTime" : "06/22/20 19:17:13",
  "value" : {
    "bpm" : 96,
    "confidence" : 2
  }
},{
  "dateTime" : "06/22/20 19:17:18",
  "value" : {
    "bpm" : 95,
    "confidence" : 2
  }
},{
  "dateTime" : "06/22/20 19:17:28",
  "value" : {
    "bpm" : 97,
    "confidence" : 2
  }
},{
  "dateTime" : "06/22/20 19:17:33",
  "value" : {
    "bpm" : 100,
    "confidence" : 2
  }
},{
  "dateTime" : "06/22/20 19:17:43",
  "value" : {
    "bpm" : 99,
    "confidence" : 2
  }
},{
  "dateTime" : "06/22/20 19:17:53",
  "value" : {
    "bpm" : 98,
    "confidence" : 2
  }
},{
  "dateTime" : "06/22/20 19:17:58",
  "value" : {
    "bpm" : 97,
    "confidence" : 2
  }
},{
  "dateTime" : "06/22/20 19:18:03",
  "value" : {
    "bpm" : 98,
    "confidence" : 2
  }
},{
  "dateTime" : "06/22/20 19:18:08",
  "value" : {
    "bpm" : 97,
    "confidence" : 2
  }
},{
  "dateTime" : "06/22/20 19:18:13",
  "value" : {
    "bpm" : 94,
    "confidence" : 2
  }
},{
  "dateTime" : "06/22/20 19:18:18",
  "value" : {
    "bpm" : 93,
    "confidence" : 2
  }
},{
  "dateTime" : "06/22/20 19:18:23",
  "value" : {
    "bpm" : 94,
    "confidence" : 2
  }
},{
  "dateTime" : "06/22/20 19:18:28",
  "value" : {
    "bpm" : 95,
    "confidence" : 2
  }
},{
  "dateTime" : "06/22/20 19:18:33",
  "value" : {
    "bpm" : 94,
    "confidence" : 2
  }
},{
  "dateTime" : "06/22/20 19:18:38",
  "value" : {
    "bpm" : 95,
    "confidence" : 2
  }
},{
  "dateTime" : "06/22/20 19:18:43",
  "value" : {
    "bpm" : 101,
    "confidence" : 2
  }
},{
  "dateTime" : "06/22/20 19:18:48",
  "value" : {
    "bpm" : 99,
    "confidence" : 2
  }
},{
  "dateTime" : "06/22/20 19:18:53",
  "value" : {
    "bpm" : 97,
    "confidence" : 2
  }
},{
  "dateTime" : "06/22/20 19:19:03",
  "value" : {
    "bpm" : 99,
    "confidence" : 2
  }
},{
  "dateTime" : "06/22/20 19:19:08",
  "value" : {
    "bpm" : 104,
    "confidence" : 2
  }
},{
  "dateTime" : "06/22/20 19:19:13",
  "value" : {
    "bpm" : 103,
    "confidence" : 2
  }
},{
  "dateTime" : "06/22/20 19:19:18",
  "value" : {
    "bpm" : 98,
    "confidence" : 2
  }
},{
  "dateTime" : "06/22/20 19:19:28",
  "value" : {
    "bpm" : 97,
    "confidence" : 2
  }
},{
  "dateTime" : "06/22/20 19:19:33",
  "value" : {
    "bpm" : 98,
    "confidence" : 2
  }
},{
  "dateTime" : "06/22/20 19:19:43",
  "value" : {
    "bpm" : 99,
    "confidence" : 2
  }
},{
  "dateTime" : "06/22/20 19:19:48",
  "value" : {
    "bpm" : 101,
    "confidence" : 2
  }
},{
  "dateTime" : "06/22/20 19:19:58",
  "value" : {
    "bpm" : 100,
    "confidence" : 2
  }
},{
  "dateTime" : "06/22/20 19:20:03",
  "value" : {
    "bpm" : 99,
    "confidence" : 2
  }
},{
  "dateTime" : "06/22/20 19:20:08",
  "value" : {
    "bpm" : 100,
    "confidence" : 2
  }
},{
  "dateTime" : "06/22/20 20:14:53",
  "value" : {
    "bpm" : 70,
    "confidence" : 0
  }
}]