[{
  "dateTime" : "11/18/20 11:33:19",
  "value" : {
    "bpm" : 70,
    "confidence" : 0
  }
},{
  "dateTime" : "11/18/20 11:33:34",
  "value" : {
    "bpm" : 70,
    "confidence" : 1
  }
},{
  "dateTime" : "11/18/20 11:33:49",
  "value" : {
    "bpm" : 70,
    "confidence" : 1
  }
},{
  "dateTime" : "11/18/20 11:36:15",
  "value" : {
    "bpm" : 90,
    "confidence" : 2
  }
},{
  "dateTime" : "11/18/20 11:36:20",
  "value" : {
    "bpm" : 89,
    "confidence" : 2
  }
},{
  "dateTime" : "11/18/20 11:36:25",
  "value" : {
    "bpm" : 90,
    "confidence" : 2
  }
},{
  "dateTime" : "11/18/20 11:36:30",
  "value" : {
    "bpm" : 91,
    "confidence" : 2
  }
},{
  "dateTime" : "11/18/20 11:36:35",
  "value" : {
    "bpm" : 92,
    "confidence" : 2
  }
},{
  "dateTime" : "11/18/20 11:36:45",
  "value" : {
    "bpm" : 93,
    "confidence" : 2
  }
},{
  "dateTime" : "11/18/20 11:36:50",
  "value" : {
    "bpm" : 94,
    "confidence" : 2
  }
},{
  "dateTime" : "11/18/20 11:37:05",
  "value" : {
    "bpm" : 100,
    "confidence" : 2
  }
},{
  "dateTime" : "11/18/20 11:37:10",
  "value" : {
    "bpm" : 102,
    "confidence" : 2
  }
},{
  "dateTime" : "11/18/20 11:37:15",
  "value" : {
    "bpm" : 99,
    "confidence" : 2
  }
},{
  "dateTime" : "11/18/20 11:37:20",
  "value" : {
    "bpm" : 96,
    "confidence" : 2
  }
},{
  "dateTime" : "11/18/20 11:37:25",
  "value" : {
    "bpm" : 95,
    "confidence" : 2
  }
},{
  "dateTime" : "11/18/20 11:37:30",
  "value" : {
    "bpm" : 100,
    "confidence" : 2
  }
},{
  "dateTime" : "11/18/20 11:37:35",
  "value" : {
    "bpm" : 102,
    "confidence" : 2
  }
},{
  "dateTime" : "11/18/20 11:37:45",
  "value" : {
    "bpm" : 103,
    "confidence" : 2
  }
},{
  "dateTime" : "11/18/20 11:37:50",
  "value" : {
    "bpm" : 105,
    "confidence" : 2
  }
},{
  "dateTime" : "11/18/20 11:37:55",
  "value" : {
    "bpm" : 106,
    "confidence" : 2
  }
},{
  "dateTime" : "11/18/20 11:38:00",
  "value" : {
    "bpm" : 103,
    "confidence" : 2
  }
},{
  "dateTime" : "11/18/20 11:38:05",
  "value" : {
    "bpm" : 101,
    "confidence" : 2
  }
},{
  "dateTime" : "11/18/20 11:38:15",
  "value" : {
    "bpm" : 99,
    "confidence" : 2
  }
},{
  "dateTime" : "11/18/20 11:38:25",
  "value" : {
    "bpm" : 98,
    "confidence" : 2
  }
},{
  "dateTime" : "11/18/20 11:38:30",
  "value" : {
    "bpm" : 94,
    "confidence" : 2
  }
},{
  "dateTime" : "11/18/20 11:38:35",
  "value" : {
    "bpm" : 96,
    "confidence" : 2
  }
},{
  "dateTime" : "11/18/20 11:38:45",
  "value" : {
    "bpm" : 99,
    "confidence" : 2
  }
},{
  "dateTime" : "11/18/20 11:38:50",
  "value" : {
    "bpm" : 101,
    "confidence" : 2
  }
},{
  "dateTime" : "11/18/20 11:38:55",
  "value" : {
    "bpm" : 100,
    "confidence" : 2
  }
},{
  "dateTime" : "11/18/20 11:39:00",
  "value" : {
    "bpm" : 100,
    "confidence" : 1
  }
},{
  "dateTime" : "11/18/20 11:39:05",
  "value" : {
    "bpm" : 98,
    "confidence" : 1
  }
},{
  "dateTime" : "11/18/20 11:39:10",
  "value" : {
    "bpm" : 97,
    "confidence" : 1
  }
},{
  "dateTime" : "11/18/20 11:39:15",
  "value" : {
    "bpm" : 98,
    "confidence" : 1
  }
},{
  "dateTime" : "11/18/20 11:39:20",
  "value" : {
    "bpm" : 101,
    "confidence" : 1
  }
},{
  "dateTime" : "11/18/20 11:39:25",
  "value" : {
    "bpm" : 104,
    "confidence" : 1
  }
},{
  "dateTime" : "11/18/20 11:39:40",
  "value" : {
    "bpm" : 104,
    "confidence" : 1
  }
},{
  "dateTime" : "11/18/20 11:39:55",
  "value" : {
    "bpm" : 104,
    "confidence" : 1
  }
},{
  "dateTime" : "11/18/20 11:40:00",
  "value" : {
    "bpm" : 102,
    "confidence" : 2
  }
},{
  "dateTime" : "11/18/20 11:40:05",
  "value" : {
    "bpm" : 99,
    "confidence" : 2
  }
},{
  "dateTime" : "11/18/20 11:40:10",
  "value" : {
    "bpm" : 98,
    "confidence" : 2
  }
},{
  "dateTime" : "11/18/20 11:40:15",
  "value" : {
    "bpm" : 100,
    "confidence" : 2
  }
},{
  "dateTime" : "11/18/20 11:40:20",
  "value" : {
    "bpm" : 103,
    "confidence" : 2
  }
},{
  "dateTime" : "11/18/20 11:40:25",
  "value" : {
    "bpm" : 105,
    "confidence" : 2
  }
},{
  "dateTime" : "11/18/20 11:40:30",
  "value" : {
    "bpm" : 107,
    "confidence" : 2
  }
},{
  "dateTime" : "11/18/20 11:40:35",
  "value" : {
    "bpm" : 108,
    "confidence" : 2
  }
},{
  "dateTime" : "11/18/20 11:40:45",
  "value" : {
    "bpm" : 107,
    "confidence" : 2
  }
},{
  "dateTime" : "11/18/20 11:40:50",
  "value" : {
    "bpm" : 112,
    "confidence" : 2
  }
},{
  "dateTime" : "11/18/20 11:41:05",
  "value" : {
    "bpm" : 112,
    "confidence" : 2
  }
},{
  "dateTime" : "11/18/20 11:41:15",
  "value" : {
    "bpm" : 109,
    "confidence" : 2
  }
},{
  "dateTime" : "11/18/20 11:41:20",
  "value" : {
    "bpm" : 111,
    "confidence" : 2
  }
},{
  "dateTime" : "11/18/20 11:41:25",
  "value" : {
    "bpm" : 110,
    "confidence" : 2
  }
},{
  "dateTime" : "11/18/20 11:41:30",
  "value" : {
    "bpm" : 111,
    "confidence" : 2
  }
},{
  "dateTime" : "11/18/20 11:41:40",
  "value" : {
    "bpm" : 110,
    "confidence" : 2
  }
},{
  "dateTime" : "11/18/20 11:41:50",
  "value" : {
    "bpm" : 112,
    "confidence" : 2
  }
},{
  "dateTime" : "11/18/20 11:41:55",
  "value" : {
    "bpm" : 113,
    "confidence" : 2
  }
},{
  "dateTime" : "11/18/20 11:42:01",
  "value" : {
    "bpm" : 113,
    "confidence" : 2
  }
},{
  "dateTime" : "11/18/20 11:42:06",
  "value" : {
    "bpm" : 111,
    "confidence" : 2
  }
},{
  "dateTime" : "11/18/20 11:42:11",
  "value" : {
    "bpm" : 108,
    "confidence" : 2
  }
},{
  "dateTime" : "11/18/20 11:42:21",
  "value" : {
    "bpm" : 103,
    "confidence" : 2
  }
},{
  "dateTime" : "11/18/20 11:42:26",
  "value" : {
    "bpm" : 101,
    "confidence" : 2
  }
},{
  "dateTime" : "11/18/20 11:42:31",
  "value" : {
    "bpm" : 102,
    "confidence" : 2
  }
},{
  "dateTime" : "11/18/20 11:42:36",
  "value" : {
    "bpm" : 104,
    "confidence" : 2
  }
},{
  "dateTime" : "11/18/20 11:42:41",
  "value" : {
    "bpm" : 106,
    "confidence" : 2
  }
},{
  "dateTime" : "11/18/20 11:42:46",
  "value" : {
    "bpm" : 108,
    "confidence" : 2
  }
},{
  "dateTime" : "11/18/20 11:42:51",
  "value" : {
    "bpm" : 110,
    "confidence" : 1
  }
},{
  "dateTime" : "11/18/20 11:42:56",
  "value" : {
    "bpm" : 111,
    "confidence" : 1
  }
},{
  "dateTime" : "11/18/20 11:43:01",
  "value" : {
    "bpm" : 111,
    "confidence" : 2
  }
},{
  "dateTime" : "11/18/20 11:43:06",
  "value" : {
    "bpm" : 110,
    "confidence" : 2
  }
},{
  "dateTime" : "11/18/20 11:43:16",
  "value" : {
    "bpm" : 107,
    "confidence" : 1
  }
},{
  "dateTime" : "11/18/20 11:43:21",
  "value" : {
    "bpm" : 102,
    "confidence" : 1
  }
},{
  "dateTime" : "11/18/20 11:43:26",
  "value" : {
    "bpm" : 102,
    "confidence" : 2
  }
},{
  "dateTime" : "11/18/20 11:43:31",
  "value" : {
    "bpm" : 103,
    "confidence" : 2
  }
},{
  "dateTime" : "11/18/20 11:43:36",
  "value" : {
    "bpm" : 104,
    "confidence" : 2
  }
},{
  "dateTime" : "11/18/20 11:43:41",
  "value" : {
    "bpm" : 106,
    "confidence" : 1
  }
},{
  "dateTime" : "11/18/20 11:43:46",
  "value" : {
    "bpm" : 109,
    "confidence" : 1
  }
},{
  "dateTime" : "11/18/20 11:43:51",
  "value" : {
    "bpm" : 112,
    "confidence" : 1
  }
},{
  "dateTime" : "11/18/20 11:43:56",
  "value" : {
    "bpm" : 115,
    "confidence" : 1
  }
},{
  "dateTime" : "11/18/20 11:44:01",
  "value" : {
    "bpm" : 117,
    "confidence" : 1
  }
},{
  "dateTime" : "11/18/20 11:44:06",
  "value" : {
    "bpm" : 112,
    "confidence" : 1
  }
},{
  "dateTime" : "11/18/20 11:44:11",
  "value" : {
    "bpm" : 108,
    "confidence" : 1
  }
},{
  "dateTime" : "11/18/20 11:44:16",
  "value" : {
    "bpm" : 108,
    "confidence" : 2
  }
},{
  "dateTime" : "11/18/20 11:44:21",
  "value" : {
    "bpm" : 109,
    "confidence" : 1
  }
},{
  "dateTime" : "11/18/20 11:44:26",
  "value" : {
    "bpm" : 113,
    "confidence" : 1
  }
},{
  "dateTime" : "11/18/20 11:44:31",
  "value" : {
    "bpm" : 116,
    "confidence" : 1
  }
},{
  "dateTime" : "11/18/20 11:44:36",
  "value" : {
    "bpm" : 119,
    "confidence" : 1
  }
},{
  "dateTime" : "11/18/20 11:44:41",
  "value" : {
    "bpm" : 123,
    "confidence" : 1
  }
},{
  "dateTime" : "11/18/20 11:44:46",
  "value" : {
    "bpm" : 127,
    "confidence" : 1
  }
},{
  "dateTime" : "11/18/20 11:44:51",
  "value" : {
    "bpm" : 131,
    "confidence" : 1
  }
},{
  "dateTime" : "11/18/20 11:44:56",
  "value" : {
    "bpm" : 136,
    "confidence" : 1
  }
},{
  "dateTime" : "11/18/20 11:45:01",
  "value" : {
    "bpm" : 141,
    "confidence" : 0
  }
},{
  "dateTime" : "11/18/20 11:45:06",
  "value" : {
    "bpm" : 145,
    "confidence" : 0
  }
},{
  "dateTime" : "11/18/20 11:45:11",
  "value" : {
    "bpm" : 146,
    "confidence" : 0
  }
},{
  "dateTime" : "11/18/20 11:45:16",
  "value" : {
    "bpm" : 143,
    "confidence" : 0
  }
},{
  "dateTime" : "11/18/20 11:45:26",
  "value" : {
    "bpm" : 146,
    "confidence" : 0
  }
},{
  "dateTime" : "11/18/20 11:45:31",
  "value" : {
    "bpm" : 150,
    "confidence" : 0
  }
},{
  "dateTime" : "11/18/20 11:45:36",
  "value" : {
    "bpm" : 154,
    "confidence" : 0
  }
},{
  "dateTime" : "11/18/20 11:45:41",
  "value" : {
    "bpm" : 152,
    "confidence" : 0
  }
},{
  "dateTime" : "11/18/20 11:45:46",
  "value" : {
    "bpm" : 151,
    "confidence" : 0
  }
},{
  "dateTime" : "11/18/20 11:45:51",
  "value" : {
    "bpm" : 148,
    "confidence" : 0
  }
},{
  "dateTime" : "11/18/20 11:45:56",
  "value" : {
    "bpm" : 144,
    "confidence" : 0
  }
},{
  "dateTime" : "11/18/20 11:46:01",
  "value" : {
    "bpm" : 142,
    "confidence" : 0
  }
},{
  "dateTime" : "11/18/20 11:46:06",
  "value" : {
    "bpm" : 141,
    "confidence" : 0
  }
},{
  "dateTime" : "11/18/20 11:46:11",
  "value" : {
    "bpm" : 140,
    "confidence" : 1
  }
},{
  "dateTime" : "11/18/20 11:46:16",
  "value" : {
    "bpm" : 142,
    "confidence" : 1
  }
},{
  "dateTime" : "11/18/20 11:46:21",
  "value" : {
    "bpm" : 146,
    "confidence" : 1
  }
},{
  "dateTime" : "11/18/20 11:46:26",
  "value" : {
    "bpm" : 146,
    "confidence" : 0
  }
},{
  "dateTime" : "11/18/20 11:46:31",
  "value" : {
    "bpm" : 143,
    "confidence" : 0
  }
},{
  "dateTime" : "11/18/20 11:46:36",
  "value" : {
    "bpm" : 142,
    "confidence" : 0
  }
},{
  "dateTime" : "11/18/20 11:46:41",
  "value" : {
    "bpm" : 139,
    "confidence" : 0
  }
},{
  "dateTime" : "11/18/20 11:46:46",
  "value" : {
    "bpm" : 135,
    "confidence" : 0
  }
},{
  "dateTime" : "11/18/20 11:46:51",
  "value" : {
    "bpm" : 137,
    "confidence" : 0
  }
},{
  "dateTime" : "11/18/20 11:46:56",
  "value" : {
    "bpm" : 139,
    "confidence" : 0
  }
},{
  "dateTime" : "11/18/20 11:47:01",
  "value" : {
    "bpm" : 144,
    "confidence" : 0
  }
},{
  "dateTime" : "11/18/20 11:47:06",
  "value" : {
    "bpm" : 145,
    "confidence" : 0
  }
},{
  "dateTime" : "11/18/20 11:47:11",
  "value" : {
    "bpm" : 144,
    "confidence" : 0
  }
},{
  "dateTime" : "11/18/20 11:47:16",
  "value" : {
    "bpm" : 149,
    "confidence" : 0
  }
},{
  "dateTime" : "11/18/20 11:47:21",
  "value" : {
    "bpm" : 153,
    "confidence" : 0
  }
},{
  "dateTime" : "11/18/20 11:47:31",
  "value" : {
    "bpm" : 151,
    "confidence" : 0
  }
},{
  "dateTime" : "11/18/20 11:47:36",
  "value" : {
    "bpm" : 149,
    "confidence" : 0
  }
},{
  "dateTime" : "11/18/20 11:47:41",
  "value" : {
    "bpm" : 145,
    "confidence" : 0
  }
},{
  "dateTime" : "11/18/20 11:47:46",
  "value" : {
    "bpm" : 141,
    "confidence" : 0
  }
},{
  "dateTime" : "11/18/20 11:47:51",
  "value" : {
    "bpm" : 137,
    "confidence" : 0
  }
},{
  "dateTime" : "11/18/20 11:47:56",
  "value" : {
    "bpm" : 134,
    "confidence" : 1
  }
},{
  "dateTime" : "11/18/20 11:48:01",
  "value" : {
    "bpm" : 130,
    "confidence" : 0
  }
},{
  "dateTime" : "11/18/20 11:48:06",
  "value" : {
    "bpm" : 129,
    "confidence" : 0
  }
},{
  "dateTime" : "11/18/20 11:48:16",
  "value" : {
    "bpm" : 127,
    "confidence" : 0
  }
},{
  "dateTime" : "11/18/20 11:48:21",
  "value" : {
    "bpm" : 126,
    "confidence" : 0
  }
},{
  "dateTime" : "11/18/20 11:48:26",
  "value" : {
    "bpm" : 124,
    "confidence" : 1
  }
},{
  "dateTime" : "11/18/20 11:48:31",
  "value" : {
    "bpm" : 123,
    "confidence" : 1
  }
},{
  "dateTime" : "11/18/20 11:48:41",
  "value" : {
    "bpm" : 126,
    "confidence" : 1
  }
},{
  "dateTime" : "11/18/20 11:48:46",
  "value" : {
    "bpm" : 127,
    "confidence" : 1
  }
},{
  "dateTime" : "11/18/20 11:49:01",
  "value" : {
    "bpm" : 126,
    "confidence" : 0
  }
},{
  "dateTime" : "11/18/20 11:49:06",
  "value" : {
    "bpm" : 124,
    "confidence" : 0
  }
},{
  "dateTime" : "11/18/20 11:49:11",
  "value" : {
    "bpm" : 121,
    "confidence" : 0
  }
},{
  "dateTime" : "11/18/20 11:49:16",
  "value" : {
    "bpm" : 119,
    "confidence" : 0
  }
},{
  "dateTime" : "11/18/20 11:49:21",
  "value" : {
    "bpm" : 118,
    "confidence" : 0
  }
},{
  "dateTime" : "11/18/20 11:49:26",
  "value" : {
    "bpm" : 116,
    "confidence" : 0
  }
},{
  "dateTime" : "11/18/20 11:49:31",
  "value" : {
    "bpm" : 115,
    "confidence" : 0
  }
},{
  "dateTime" : "11/18/20 11:49:36",
  "value" : {
    "bpm" : 114,
    "confidence" : 0
  }
},{
  "dateTime" : "11/18/20 11:49:46",
  "value" : {
    "bpm" : 112,
    "confidence" : 0
  }
},{
  "dateTime" : "11/18/20 11:49:51",
  "value" : {
    "bpm" : 110,
    "confidence" : 0
  }
},{
  "dateTime" : "11/18/20 11:49:56",
  "value" : {
    "bpm" : 111,
    "confidence" : 1
  }
},{
  "dateTime" : "11/18/20 11:50:01",
  "value" : {
    "bpm" : 115,
    "confidence" : 1
  }
},{
  "dateTime" : "11/18/20 11:50:16",
  "value" : {
    "bpm" : 115,
    "confidence" : 1
  }
},{
  "dateTime" : "11/18/20 11:50:31",
  "value" : {
    "bpm" : 115,
    "confidence" : 1
  }
},{
  "dateTime" : "11/18/20 11:50:41",
  "value" : {
    "bpm" : 117,
    "confidence" : 1
  }
},{
  "dateTime" : "11/18/20 11:50:46",
  "value" : {
    "bpm" : 132,
    "confidence" : 1
  }
},{
  "dateTime" : "11/18/20 11:50:51",
  "value" : {
    "bpm" : 131,
    "confidence" : 1
  }
},{
  "dateTime" : "11/18/20 11:50:56",
  "value" : {
    "bpm" : 128,
    "confidence" : 1
  }
},{
  "dateTime" : "11/18/20 11:51:11",
  "value" : {
    "bpm" : 127,
    "confidence" : 1
  }
},{
  "dateTime" : "11/18/20 11:51:16",
  "value" : {
    "bpm" : 125,
    "confidence" : 1
  }
},{
  "dateTime" : "11/18/20 11:51:21",
  "value" : {
    "bpm" : 122,
    "confidence" : 1
  }
},{
  "dateTime" : "11/18/20 11:51:26",
  "value" : {
    "bpm" : 120,
    "confidence" : 1
  }
},{
  "dateTime" : "11/18/20 11:51:36",
  "value" : {
    "bpm" : 119,
    "confidence" : 1
  }
},{
  "dateTime" : "11/18/20 11:51:51",
  "value" : {
    "bpm" : 119,
    "confidence" : 1
  }
},{
  "dateTime" : "11/18/20 11:51:56",
  "value" : {
    "bpm" : 117,
    "confidence" : 1
  }
},{
  "dateTime" : "11/18/20 11:52:01",
  "value" : {
    "bpm" : 116,
    "confidence" : 1
  }
},{
  "dateTime" : "11/18/20 11:52:06",
  "value" : {
    "bpm" : 114,
    "confidence" : 1
  }
},{
  "dateTime" : "11/18/20 11:52:16",
  "value" : {
    "bpm" : 117,
    "confidence" : 1
  }
},{
  "dateTime" : "11/18/20 11:52:21",
  "value" : {
    "bpm" : 119,
    "confidence" : 1
  }
},{
  "dateTime" : "11/18/20 11:52:26",
  "value" : {
    "bpm" : 117,
    "confidence" : 1
  }
},{
  "dateTime" : "11/18/20 11:52:31",
  "value" : {
    "bpm" : 113,
    "confidence" : 1
  }
},{
  "dateTime" : "11/18/20 11:52:36",
  "value" : {
    "bpm" : 112,
    "confidence" : 2
  }
},{
  "dateTime" : "11/18/20 11:52:41",
  "value" : {
    "bpm" : 110,
    "confidence" : 2
  }
},{
  "dateTime" : "11/18/20 11:52:46",
  "value" : {
    "bpm" : 108,
    "confidence" : 2
  }
},{
  "dateTime" : "11/18/20 11:52:51",
  "value" : {
    "bpm" : 107,
    "confidence" : 2
  }
},{
  "dateTime" : "11/18/20 11:52:56",
  "value" : {
    "bpm" : 107,
    "confidence" : 1
  }
},{
  "dateTime" : "11/18/20 11:53:01",
  "value" : {
    "bpm" : 105,
    "confidence" : 1
  }
},{
  "dateTime" : "11/18/20 11:53:11",
  "value" : {
    "bpm" : 102,
    "confidence" : 1
  }
},{
  "dateTime" : "11/18/20 11:53:16",
  "value" : {
    "bpm" : 103,
    "confidence" : 2
  }
},{
  "dateTime" : "11/18/20 11:53:21",
  "value" : {
    "bpm" : 104,
    "confidence" : 2
  }
},{
  "dateTime" : "11/18/20 11:53:26",
  "value" : {
    "bpm" : 105,
    "confidence" : 2
  }
},{
  "dateTime" : "11/18/20 11:53:31",
  "value" : {
    "bpm" : 107,
    "confidence" : 2
  }
},{
  "dateTime" : "11/18/20 11:53:41",
  "value" : {
    "bpm" : 105,
    "confidence" : 2
  }
},{
  "dateTime" : "11/18/20 11:53:46",
  "value" : {
    "bpm" : 104,
    "confidence" : 2
  }
},{
  "dateTime" : "11/18/20 11:53:51",
  "value" : {
    "bpm" : 103,
    "confidence" : 2
  }
},{
  "dateTime" : "11/18/20 11:53:56",
  "value" : {
    "bpm" : 101,
    "confidence" : 2
  }
},{
  "dateTime" : "11/18/20 11:54:01",
  "value" : {
    "bpm" : 103,
    "confidence" : 2
  }
},{
  "dateTime" : "11/18/20 11:54:06",
  "value" : {
    "bpm" : 102,
    "confidence" : 2
  }
},{
  "dateTime" : "11/18/20 11:54:11",
  "value" : {
    "bpm" : 99,
    "confidence" : 2
  }
},{
  "dateTime" : "11/18/20 11:54:16",
  "value" : {
    "bpm" : 96,
    "confidence" : 2
  }
},{
  "dateTime" : "11/18/20 11:54:21",
  "value" : {
    "bpm" : 93,
    "confidence" : 2
  }
},{
  "dateTime" : "11/18/20 11:54:26",
  "value" : {
    "bpm" : 92,
    "confidence" : 2
  }
},{
  "dateTime" : "11/18/20 11:54:31",
  "value" : {
    "bpm" : 90,
    "confidence" : 2
  }
},{
  "dateTime" : "11/18/20 11:54:36",
  "value" : {
    "bpm" : 88,
    "confidence" : 2
  }
},{
  "dateTime" : "11/18/20 11:54:51",
  "value" : {
    "bpm" : 91,
    "confidence" : 2
  }
},{
  "dateTime" : "11/18/20 11:54:56",
  "value" : {
    "bpm" : 94,
    "confidence" : 2
  }
},{
  "dateTime" : "11/18/20 11:55:01",
  "value" : {
    "bpm" : 97,
    "confidence" : 2
  }
},{
  "dateTime" : "11/18/20 11:55:06",
  "value" : {
    "bpm" : 96,
    "confidence" : 2
  }
},{
  "dateTime" : "11/18/20 11:55:11",
  "value" : {
    "bpm" : 97,
    "confidence" : 2
  }
},{
  "dateTime" : "11/18/20 11:55:16",
  "value" : {
    "bpm" : 99,
    "confidence" : 2
  }
},{
  "dateTime" : "11/18/20 11:55:21",
  "value" : {
    "bpm" : 100,
    "confidence" : 2
  }
},{
  "dateTime" : "11/18/20 11:55:26",
  "value" : {
    "bpm" : 103,
    "confidence" : 2
  }
},{
  "dateTime" : "11/18/20 11:55:31",
  "value" : {
    "bpm" : 102,
    "confidence" : 2
  }
},{
  "dateTime" : "11/18/20 11:55:36",
  "value" : {
    "bpm" : 99,
    "confidence" : 2
  }
},{
  "dateTime" : "11/18/20 11:55:41",
  "value" : {
    "bpm" : 92,
    "confidence" : 3
  }
},{
  "dateTime" : "11/18/20 11:55:46",
  "value" : {
    "bpm" : 90,
    "confidence" : 3
  }
},{
  "dateTime" : "11/18/20 11:55:51",
  "value" : {
    "bpm" : 87,
    "confidence" : 3
  }
},{
  "dateTime" : "11/18/20 11:55:56",
  "value" : {
    "bpm" : 84,
    "confidence" : 3
  }
},{
  "dateTime" : "11/18/20 11:56:06",
  "value" : {
    "bpm" : 87,
    "confidence" : 3
  }
},{
  "dateTime" : "11/18/20 11:56:11",
  "value" : {
    "bpm" : 88,
    "confidence" : 3
  }
},{
  "dateTime" : "11/18/20 11:56:26",
  "value" : {
    "bpm" : 88,
    "confidence" : 3
  }
},{
  "dateTime" : "11/18/20 11:56:31",
  "value" : {
    "bpm" : 87,
    "confidence" : 3
  }
},{
  "dateTime" : "11/18/20 11:56:36",
  "value" : {
    "bpm" : 86,
    "confidence" : 3
  }
},{
  "dateTime" : "11/18/20 11:56:41",
  "value" : {
    "bpm" : 85,
    "confidence" : 2
  }
},{
  "dateTime" : "11/18/20 11:56:56",
  "value" : {
    "bpm" : 85,
    "confidence" : 2
  }
},{
  "dateTime" : "11/18/20 11:57:01",
  "value" : {
    "bpm" : 85,
    "confidence" : 2
  }
},{
  "dateTime" : "11/18/20 11:57:06",
  "value" : {
    "bpm" : 84,
    "confidence" : 2
  }
},{
  "dateTime" : "11/18/20 11:57:11",
  "value" : {
    "bpm" : 83,
    "confidence" : 2
  }
},{
  "dateTime" : "11/18/20 11:57:26",
  "value" : {
    "bpm" : 83,
    "confidence" : 2
  }
},{
  "dateTime" : "11/18/20 11:57:41",
  "value" : {
    "bpm" : 82,
    "confidence" : 2
  }
},{
  "dateTime" : "11/18/20 11:57:56",
  "value" : {
    "bpm" : 82,
    "confidence" : 2
  }
},{
  "dateTime" : "11/18/20 11:58:11",
  "value" : {
    "bpm" : 82,
    "confidence" : 2
  }
},{
  "dateTime" : "11/18/20 11:58:12",
  "value" : {
    "bpm" : 82,
    "confidence" : 1
  }
},{
  "dateTime" : "11/18/20 11:58:22",
  "value" : {
    "bpm" : 83,
    "confidence" : 1
  }
},{
  "dateTime" : "11/18/20 11:58:27",
  "value" : {
    "bpm" : 85,
    "confidence" : 1
  }
},{
  "dateTime" : "11/18/20 11:58:42",
  "value" : {
    "bpm" : 85,
    "confidence" : 1
  }
},{
  "dateTime" : "11/18/20 11:58:52",
  "value" : {
    "bpm" : 84,
    "confidence" : 1
  }
},{
  "dateTime" : "11/18/20 11:58:57",
  "value" : {
    "bpm" : 85,
    "confidence" : 2
  }
},{
  "dateTime" : "11/18/20 11:59:02",
  "value" : {
    "bpm" : 87,
    "confidence" : 2
  }
},{
  "dateTime" : "11/18/20 11:59:07",
  "value" : {
    "bpm" : 86,
    "confidence" : 2
  }
},{
  "dateTime" : "11/18/20 11:59:22",
  "value" : {
    "bpm" : 86,
    "confidence" : 2
  }
},{
  "dateTime" : "11/18/20 11:59:32",
  "value" : {
    "bpm" : 85,
    "confidence" : 2
  }
},{
  "dateTime" : "11/18/20 11:59:37",
  "value" : {
    "bpm" : 86,
    "confidence" : 2
  }
},{
  "dateTime" : "11/18/20 11:59:42",
  "value" : {
    "bpm" : 92,
    "confidence" : 2
  }
},{
  "dateTime" : "11/18/20 11:59:47",
  "value" : {
    "bpm" : 91,
    "confidence" : 2
  }
},{
  "dateTime" : "11/18/20 11:59:52",
  "value" : {
    "bpm" : 90,
    "confidence" : 2
  }
},{
  "dateTime" : "11/18/20 11:59:57",
  "value" : {
    "bpm" : 88,
    "confidence" : 3
  }
},{
  "dateTime" : "11/18/20 12:00:02",
  "value" : {
    "bpm" : 84,
    "confidence" : 3
  }
},{
  "dateTime" : "11/18/20 12:00:07",
  "value" : {
    "bpm" : 82,
    "confidence" : 3
  }
},{
  "dateTime" : "11/18/20 12:00:12",
  "value" : {
    "bpm" : 82,
    "confidence" : 2
  }
},{
  "dateTime" : "11/18/20 12:00:22",
  "value" : {
    "bpm" : 83,
    "confidence" : 2
  }
},{
  "dateTime" : "11/18/20 12:00:32",
  "value" : {
    "bpm" : 83,
    "confidence" : 1
  }
},{
  "dateTime" : "11/18/20 12:00:42",
  "value" : {
    "bpm" : 82,
    "confidence" : 1
  }
},{
  "dateTime" : "11/18/20 12:00:47",
  "value" : {
    "bpm" : 79,
    "confidence" : 3
  }
},{
  "dateTime" : "11/18/20 12:01:02",
  "value" : {
    "bpm" : 80,
    "confidence" : 3
  }
},{
  "dateTime" : "11/18/20 12:01:07",
  "value" : {
    "bpm" : 81,
    "confidence" : 3
  }
},{
  "dateTime" : "11/18/20 12:01:12",
  "value" : {
    "bpm" : 79,
    "confidence" : 2
  }
},{
  "dateTime" : "11/18/20 12:01:27",
  "value" : {
    "bpm" : 80,
    "confidence" : 2
  }
},{
  "dateTime" : "11/18/20 12:01:32",
  "value" : {
    "bpm" : 80,
    "confidence" : 3
  }
},{
  "dateTime" : "11/18/20 12:01:37",
  "value" : {
    "bpm" : 80,
    "confidence" : 3
  }
},{
  "dateTime" : "11/18/20 12:01:42",
  "value" : {
    "bpm" : 79,
    "confidence" : 2
  }
},{
  "dateTime" : "11/18/20 12:01:47",
  "value" : {
    "bpm" : 80,
    "confidence" : 3
  }
},{
  "dateTime" : "11/18/20 12:01:52",
  "value" : {
    "bpm" : 81,
    "confidence" : 2
  }
},{
  "dateTime" : "11/18/20 12:02:07",
  "value" : {
    "bpm" : 80,
    "confidence" : 2
  }
},{
  "dateTime" : "11/18/20 12:02:12",
  "value" : {
    "bpm" : 79,
    "confidence" : 3
  }
},{
  "dateTime" : "11/18/20 12:02:17",
  "value" : {
    "bpm" : 80,
    "confidence" : 2
  }
},{
  "dateTime" : "11/18/20 12:02:22",
  "value" : {
    "bpm" : 79,
    "confidence" : 2
  }
},{
  "dateTime" : "11/18/20 12:02:27",
  "value" : {
    "bpm" : 78,
    "confidence" : 3
  }
},{
  "dateTime" : "11/18/20 12:02:32",
  "value" : {
    "bpm" : 77,
    "confidence" : 3
  }
},{
  "dateTime" : "11/18/20 12:02:37",
  "value" : {
    "bpm" : 79,
    "confidence" : 3
  }
},{
  "dateTime" : "11/18/20 12:02:42",
  "value" : {
    "bpm" : 81,
    "confidence" : 3
  }
},{
  "dateTime" : "11/18/20 12:02:47",
  "value" : {
    "bpm" : 83,
    "confidence" : 2
  }
},{
  "dateTime" : "11/18/20 12:02:57",
  "value" : {
    "bpm" : 82,
    "confidence" : 3
  }
},{
  "dateTime" : "11/18/20 12:03:12",
  "value" : {
    "bpm" : 82,
    "confidence" : 3
  }
},{
  "dateTime" : "11/18/20 12:03:17",
  "value" : {
    "bpm" : 82,
    "confidence" : 2
  }
},{
  "dateTime" : "11/18/20 12:03:22",
  "value" : {
    "bpm" : 83,
    "confidence" : 3
  }
},{
  "dateTime" : "11/18/20 12:03:32",
  "value" : {
    "bpm" : 84,
    "confidence" : 3
  }
},{
  "dateTime" : "11/18/20 12:03:37",
  "value" : {
    "bpm" : 86,
    "confidence" : 3
  }
},{
  "dateTime" : "11/18/20 12:03:42",
  "value" : {
    "bpm" : 87,
    "confidence" : 3
  }
},{
  "dateTime" : "11/18/20 12:03:52",
  "value" : {
    "bpm" : 88,
    "confidence" : 3
  }
},{
  "dateTime" : "11/18/20 12:03:57",
  "value" : {
    "bpm" : 86,
    "confidence" : 3
  }
},{
  "dateTime" : "11/18/20 12:04:07",
  "value" : {
    "bpm" : 84,
    "confidence" : 3
  }
},{
  "dateTime" : "11/18/20 12:04:12",
  "value" : {
    "bpm" : 83,
    "confidence" : 3
  }
},{
  "dateTime" : "11/18/20 12:04:17",
  "value" : {
    "bpm" : 82,
    "confidence" : 3
  }
},{
  "dateTime" : "11/18/20 12:04:22",
  "value" : {
    "bpm" : 81,
    "confidence" : 3
  }
},{
  "dateTime" : "11/18/20 12:04:27",
  "value" : {
    "bpm" : 82,
    "confidence" : 3
  }
},{
  "dateTime" : "11/18/20 12:04:32",
  "value" : {
    "bpm" : 83,
    "confidence" : 3
  }
},{
  "dateTime" : "11/18/20 12:04:42",
  "value" : {
    "bpm" : 82,
    "confidence" : 3
  }
},{
  "dateTime" : "11/18/20 12:04:47",
  "value" : {
    "bpm" : 81,
    "confidence" : 3
  }
},{
  "dateTime" : "11/18/20 12:04:52",
  "value" : {
    "bpm" : 80,
    "confidence" : 3
  }
},{
  "dateTime" : "11/18/20 12:05:02",
  "value" : {
    "bpm" : 82,
    "confidence" : 3
  }
},{
  "dateTime" : "11/18/20 12:05:12",
  "value" : {
    "bpm" : 81,
    "confidence" : 3
  }
},{
  "dateTime" : "11/18/20 12:05:17",
  "value" : {
    "bpm" : 80,
    "confidence" : 3
  }
},{
  "dateTime" : "11/18/20 12:05:22",
  "value" : {
    "bpm" : 79,
    "confidence" : 3
  }
},{
  "dateTime" : "11/18/20 12:05:37",
  "value" : {
    "bpm" : 79,
    "confidence" : 3
  }
},{
  "dateTime" : "11/18/20 12:05:42",
  "value" : {
    "bpm" : 80,
    "confidence" : 3
  }
},{
  "dateTime" : "11/18/20 12:05:47",
  "value" : {
    "bpm" : 81,
    "confidence" : 3
  }
},{
  "dateTime" : "11/18/20 12:06:02",
  "value" : {
    "bpm" : 82,
    "confidence" : 3
  }
},{
  "dateTime" : "11/18/20 12:06:12",
  "value" : {
    "bpm" : 83,
    "confidence" : 3
  }
},{
  "dateTime" : "11/18/20 12:06:22",
  "value" : {
    "bpm" : 85,
    "confidence" : 3
  }
},{
  "dateTime" : "11/18/20 12:06:27",
  "value" : {
    "bpm" : 87,
    "confidence" : 2
  }
},{
  "dateTime" : "11/18/20 12:06:32",
  "value" : {
    "bpm" : 85,
    "confidence" : 3
  }
},{
  "dateTime" : "11/18/20 12:06:37",
  "value" : {
    "bpm" : 84,
    "confidence" : 3
  }
},{
  "dateTime" : "11/18/20 12:06:47",
  "value" : {
    "bpm" : 83,
    "confidence" : 3
  }
},{
  "dateTime" : "11/18/20 12:06:57",
  "value" : {
    "bpm" : 82,
    "confidence" : 3
  }
},{
  "dateTime" : "11/18/20 12:07:02",
  "value" : {
    "bpm" : 82,
    "confidence" : 2
  }
},{
  "dateTime" : "11/18/20 12:07:17",
  "value" : {
    "bpm" : 82,
    "confidence" : 2
  }
},{
  "dateTime" : "11/18/20 12:07:27",
  "value" : {
    "bpm" : 81,
    "confidence" : 2
  }
},{
  "dateTime" : "11/18/20 12:07:32",
  "value" : {
    "bpm" : 79,
    "confidence" : 3
  }
},{
  "dateTime" : "11/18/20 12:07:42",
  "value" : {
    "bpm" : 79,
    "confidence" : 2
  }
},{
  "dateTime" : "11/18/20 12:07:57",
  "value" : {
    "bpm" : 79,
    "confidence" : 2
  }
},{
  "dateTime" : "11/18/20 12:08:12",
  "value" : {
    "bpm" : 76,
    "confidence" : 2
  }
},{
  "dateTime" : "11/18/20 12:08:17",
  "value" : {
    "bpm" : 74,
    "confidence" : 3
  }
},{
  "dateTime" : "11/18/20 12:08:22",
  "value" : {
    "bpm" : 71,
    "confidence" : 3
  }
},{
  "dateTime" : "11/18/20 12:08:27",
  "value" : {
    "bpm" : 73,
    "confidence" : 3
  }
},{
  "dateTime" : "11/18/20 12:08:32",
  "value" : {
    "bpm" : 75,
    "confidence" : 3
  }
},{
  "dateTime" : "11/18/20 12:08:37",
  "value" : {
    "bpm" : 78,
    "confidence" : 2
  }
},{
  "dateTime" : "11/18/20 12:08:47",
  "value" : {
    "bpm" : 76,
    "confidence" : 3
  }
},{
  "dateTime" : "11/18/20 12:09:02",
  "value" : {
    "bpm" : 77,
    "confidence" : 3
  }
},{
  "dateTime" : "11/18/20 12:09:12",
  "value" : {
    "bpm" : 78,
    "confidence" : 3
  }
},{
  "dateTime" : "11/18/20 12:09:17",
  "value" : {
    "bpm" : 79,
    "confidence" : 3
  }
},{
  "dateTime" : "11/18/20 12:09:22",
  "value" : {
    "bpm" : 80,
    "confidence" : 3
  }
},{
  "dateTime" : "11/18/20 12:09:27",
  "value" : {
    "bpm" : 79,
    "confidence" : 3
  }
},{
  "dateTime" : "11/18/20 12:09:42",
  "value" : {
    "bpm" : 79,
    "confidence" : 3
  }
},{
  "dateTime" : "11/18/20 12:09:47",
  "value" : {
    "bpm" : 78,
    "confidence" : 3
  }
},{
  "dateTime" : "11/18/20 12:09:57",
  "value" : {
    "bpm" : 79,
    "confidence" : 3
  }
},{
  "dateTime" : "11/18/20 12:10:02",
  "value" : {
    "bpm" : 80,
    "confidence" : 3
  }
},{
  "dateTime" : "11/18/20 12:10:17",
  "value" : {
    "bpm" : 79,
    "confidence" : 3
  }
},{
  "dateTime" : "11/18/20 12:10:22",
  "value" : {
    "bpm" : 79,
    "confidence" : 2
  }
},{
  "dateTime" : "11/18/20 12:10:27",
  "value" : {
    "bpm" : 79,
    "confidence" : 3
  }
},{
  "dateTime" : "11/18/20 12:10:37",
  "value" : {
    "bpm" : 80,
    "confidence" : 3
  }
},{
  "dateTime" : "11/18/20 12:10:42",
  "value" : {
    "bpm" : 79,
    "confidence" : 3
  }
},{
  "dateTime" : "11/18/20 12:10:47",
  "value" : {
    "bpm" : 78,
    "confidence" : 3
  }
},{
  "dateTime" : "11/18/20 12:11:02",
  "value" : {
    "bpm" : 79,
    "confidence" : 3
  }
},{
  "dateTime" : "11/18/20 12:11:07",
  "value" : {
    "bpm" : 80,
    "confidence" : 3
  }
},{
  "dateTime" : "11/18/20 12:11:22",
  "value" : {
    "bpm" : 81,
    "confidence" : 3
  }
},{
  "dateTime" : "11/18/20 12:11:27",
  "value" : {
    "bpm" : 80,
    "confidence" : 3
  }
},{
  "dateTime" : "11/18/20 12:11:32",
  "value" : {
    "bpm" : 78,
    "confidence" : 3
  }
},{
  "dateTime" : "11/18/20 12:11:37",
  "value" : {
    "bpm" : 79,
    "confidence" : 3
  }
},{
  "dateTime" : "11/18/20 12:11:42",
  "value" : {
    "bpm" : 80,
    "confidence" : 3
  }
},{
  "dateTime" : "11/18/20 12:11:47",
  "value" : {
    "bpm" : 80,
    "confidence" : 3
  }
},{
  "dateTime" : "11/18/20 12:11:52",
  "value" : {
    "bpm" : 81,
    "confidence" : 3
  }
},{
  "dateTime" : "11/18/20 12:12:02",
  "value" : {
    "bpm" : 82,
    "confidence" : 3
  }
},{
  "dateTime" : "11/18/20 12:12:17",
  "value" : {
    "bpm" : 84,
    "confidence" : 3
  }
},{
  "dateTime" : "11/18/20 12:12:27",
  "value" : {
    "bpm" : 85,
    "confidence" : 2
  }
},{
  "dateTime" : "11/18/20 12:12:37",
  "value" : {
    "bpm" : 86,
    "confidence" : 3
  }
},{
  "dateTime" : "11/18/20 12:12:42",
  "value" : {
    "bpm" : 87,
    "confidence" : 3
  }
},{
  "dateTime" : "11/18/20 12:12:47",
  "value" : {
    "bpm" : 85,
    "confidence" : 3
  }
},{
  "dateTime" : "11/18/20 12:12:57",
  "value" : {
    "bpm" : 84,
    "confidence" : 3
  }
},{
  "dateTime" : "11/18/20 12:13:02",
  "value" : {
    "bpm" : 82,
    "confidence" : 3
  }
},{
  "dateTime" : "11/18/20 12:13:07",
  "value" : {
    "bpm" : 80,
    "confidence" : 3
  }
},{
  "dateTime" : "11/18/20 12:13:12",
  "value" : {
    "bpm" : 79,
    "confidence" : 3
  }
},{
  "dateTime" : "11/18/20 12:13:17",
  "value" : {
    "bpm" : 78,
    "confidence" : 3
  }
},{
  "dateTime" : "11/18/20 12:13:22",
  "value" : {
    "bpm" : 77,
    "confidence" : 3
  }
},{
  "dateTime" : "11/18/20 12:13:27",
  "value" : {
    "bpm" : 76,
    "confidence" : 3
  }
},{
  "dateTime" : "11/18/20 12:13:37",
  "value" : {
    "bpm" : 78,
    "confidence" : 2
  }
},{
  "dateTime" : "11/18/20 12:13:42",
  "value" : {
    "bpm" : 79,
    "confidence" : 2
  }
},{
  "dateTime" : "11/18/20 12:13:47",
  "value" : {
    "bpm" : 76,
    "confidence" : 3
  }
},{
  "dateTime" : "11/18/20 12:13:52",
  "value" : {
    "bpm" : 75,
    "confidence" : 3
  }
},{
  "dateTime" : "11/18/20 12:13:57",
  "value" : {
    "bpm" : 75,
    "confidence" : 2
  }
},{
  "dateTime" : "11/18/20 12:14:02",
  "value" : {
    "bpm" : 76,
    "confidence" : 2
  }
},{
  "dateTime" : "11/18/20 12:14:17",
  "value" : {
    "bpm" : 76,
    "confidence" : 2
  }
},{
  "dateTime" : "11/18/20 12:14:27",
  "value" : {
    "bpm" : 76,
    "confidence" : 3
  }
},{
  "dateTime" : "11/18/20 12:14:32",
  "value" : {
    "bpm" : 74,
    "confidence" : 3
  }
},{
  "dateTime" : "11/18/20 12:14:37",
  "value" : {
    "bpm" : 72,
    "confidence" : 3
  }
},{
  "dateTime" : "11/18/20 12:14:42",
  "value" : {
    "bpm" : 73,
    "confidence" : 3
  }
},{
  "dateTime" : "11/18/20 12:14:52",
  "value" : {
    "bpm" : 74,
    "confidence" : 3
  }
},{
  "dateTime" : "11/18/20 12:14:58",
  "value" : {
    "bpm" : 75,
    "confidence" : 3
  }
},{
  "dateTime" : "11/18/20 12:15:13",
  "value" : {
    "bpm" : 75,
    "confidence" : 3
  }
},{
  "dateTime" : "11/18/20 12:15:23",
  "value" : {
    "bpm" : 73,
    "confidence" : 3
  }
},{
  "dateTime" : "11/18/20 12:15:28",
  "value" : {
    "bpm" : 72,
    "confidence" : 3
  }
},{
  "dateTime" : "11/18/20 12:15:33",
  "value" : {
    "bpm" : 71,
    "confidence" : 3
  }
},{
  "dateTime" : "11/18/20 12:15:48",
  "value" : {
    "bpm" : 72,
    "confidence" : 3
  }
},{
  "dateTime" : "11/18/20 12:15:53",
  "value" : {
    "bpm" : 74,
    "confidence" : 3
  }
},{
  "dateTime" : "11/18/20 12:15:58",
  "value" : {
    "bpm" : 75,
    "confidence" : 3
  }
},{
  "dateTime" : "11/18/20 12:16:03",
  "value" : {
    "bpm" : 76,
    "confidence" : 3
  }
},{
  "dateTime" : "11/18/20 12:16:13",
  "value" : {
    "bpm" : 75,
    "confidence" : 3
  }
},{
  "dateTime" : "11/18/20 12:16:23",
  "value" : {
    "bpm" : 76,
    "confidence" : 3
  }
},{
  "dateTime" : "11/18/20 12:16:28",
  "value" : {
    "bpm" : 77,
    "confidence" : 3
  }
},{
  "dateTime" : "11/18/20 12:16:33",
  "value" : {
    "bpm" : 78,
    "confidence" : 3
  }
},{
  "dateTime" : "11/18/20 12:16:38",
  "value" : {
    "bpm" : 77,
    "confidence" : 3
  }
},{
  "dateTime" : "11/18/20 12:16:53",
  "value" : {
    "bpm" : 77,
    "confidence" : 3
  }
},{
  "dateTime" : "11/18/20 12:16:58",
  "value" : {
    "bpm" : 78,
    "confidence" : 3
  }
},{
  "dateTime" : "11/18/20 12:17:03",
  "value" : {
    "bpm" : 79,
    "confidence" : 3
  }
},{
  "dateTime" : "11/18/20 12:17:08",
  "value" : {
    "bpm" : 80,
    "confidence" : 3
  }
},{
  "dateTime" : "11/18/20 12:17:13",
  "value" : {
    "bpm" : 82,
    "confidence" : 3
  }
},{
  "dateTime" : "11/18/20 12:17:18",
  "value" : {
    "bpm" : 83,
    "confidence" : 3
  }
},{
  "dateTime" : "11/18/20 12:17:23",
  "value" : {
    "bpm" : 85,
    "confidence" : 3
  }
},{
  "dateTime" : "11/18/20 12:17:28",
  "value" : {
    "bpm" : 86,
    "confidence" : 3
  }
},{
  "dateTime" : "11/18/20 12:17:38",
  "value" : {
    "bpm" : 85,
    "confidence" : 3
  }
},{
  "dateTime" : "11/18/20 12:17:43",
  "value" : {
    "bpm" : 84,
    "confidence" : 3
  }
},{
  "dateTime" : "11/18/20 12:17:48",
  "value" : {
    "bpm" : 83,
    "confidence" : 2
  }
},{
  "dateTime" : "11/18/20 12:17:53",
  "value" : {
    "bpm" : 79,
    "confidence" : 3
  }
},{
  "dateTime" : "11/18/20 12:17:58",
  "value" : {
    "bpm" : 76,
    "confidence" : 3
  }
},{
  "dateTime" : "11/18/20 12:18:03",
  "value" : {
    "bpm" : 75,
    "confidence" : 3
  }
},{
  "dateTime" : "11/18/20 12:18:08",
  "value" : {
    "bpm" : 74,
    "confidence" : 2
  }
},{
  "dateTime" : "11/18/20 12:18:18",
  "value" : {
    "bpm" : 72,
    "confidence" : 2
  }
},{
  "dateTime" : "11/18/20 12:18:23",
  "value" : {
    "bpm" : 73,
    "confidence" : 2
  }
},{
  "dateTime" : "11/18/20 12:18:28",
  "value" : {
    "bpm" : 83,
    "confidence" : 2
  }
},{
  "dateTime" : "11/18/20 12:18:33",
  "value" : {
    "bpm" : 84,
    "confidence" : 2
  }
},{
  "dateTime" : "11/18/20 12:18:48",
  "value" : {
    "bpm" : 84,
    "confidence" : 2
  }
},{
  "dateTime" : "11/18/20 12:18:53",
  "value" : {
    "bpm" : 84,
    "confidence" : 1
  }
},{
  "dateTime" : "11/18/20 12:18:58",
  "value" : {
    "bpm" : 83,
    "confidence" : 1
  }
},{
  "dateTime" : "11/18/20 12:19:13",
  "value" : {
    "bpm" : 83,
    "confidence" : 1
  }
},{
  "dateTime" : "11/18/20 12:19:23",
  "value" : {
    "bpm" : 79,
    "confidence" : 3
  }
},{
  "dateTime" : "11/18/20 12:19:28",
  "value" : {
    "bpm" : 77,
    "confidence" : 3
  }
},{
  "dateTime" : "11/18/20 12:19:33",
  "value" : {
    "bpm" : 77,
    "confidence" : 2
  }
},{
  "dateTime" : "11/18/20 12:19:48",
  "value" : {
    "bpm" : 77,
    "confidence" : 2
  }
},{
  "dateTime" : "11/18/20 12:20:03",
  "value" : {
    "bpm" : 75,
    "confidence" : 3
  }
},{
  "dateTime" : "11/18/20 12:20:08",
  "value" : {
    "bpm" : 74,
    "confidence" : 3
  }
},{
  "dateTime" : "11/18/20 12:20:18",
  "value" : {
    "bpm" : 75,
    "confidence" : 3
  }
},{
  "dateTime" : "11/18/20 12:20:28",
  "value" : {
    "bpm" : 74,
    "confidence" : 3
  }
},{
  "dateTime" : "11/18/20 12:20:38",
  "value" : {
    "bpm" : 75,
    "confidence" : 3
  }
},{
  "dateTime" : "11/18/20 12:20:53",
  "value" : {
    "bpm" : 75,
    "confidence" : 3
  }
},{
  "dateTime" : "11/18/20 12:21:08",
  "value" : {
    "bpm" : 75,
    "confidence" : 3
  }
},{
  "dateTime" : "11/18/20 12:21:23",
  "value" : {
    "bpm" : 75,
    "confidence" : 3
  }
},{
  "dateTime" : "11/18/20 12:21:38",
  "value" : {
    "bpm" : 75,
    "confidence" : 3
  }
},{
  "dateTime" : "11/18/20 12:21:43",
  "value" : {
    "bpm" : 76,
    "confidence" : 2
  }
},{
  "dateTime" : "11/18/20 12:21:58",
  "value" : {
    "bpm" : 76,
    "confidence" : 2
  }
},{
  "dateTime" : "11/18/20 12:22:08",
  "value" : {
    "bpm" : 75,
    "confidence" : 3
  }
},{
  "dateTime" : "11/18/20 12:22:13",
  "value" : {
    "bpm" : 75,
    "confidence" : 3
  }
},{
  "dateTime" : "11/18/20 12:22:23",
  "value" : {
    "bpm" : 77,
    "confidence" : 3
  }
},{
  "dateTime" : "11/18/20 12:22:33",
  "value" : {
    "bpm" : 76,
    "confidence" : 3
  }
},{
  "dateTime" : "11/18/20 12:22:38",
  "value" : {
    "bpm" : 75,
    "confidence" : 3
  }
},{
  "dateTime" : "11/18/20 12:22:43",
  "value" : {
    "bpm" : 74,
    "confidence" : 3
  }
},{
  "dateTime" : "11/18/20 12:22:58",
  "value" : {
    "bpm" : 76,
    "confidence" : 3
  }
},{
  "dateTime" : "11/18/20 12:23:03",
  "value" : {
    "bpm" : 74,
    "confidence" : 3
  }
},{
  "dateTime" : "11/18/20 12:23:13",
  "value" : {
    "bpm" : 75,
    "confidence" : 3
  }
},{
  "dateTime" : "11/18/20 12:23:18",
  "value" : {
    "bpm" : 74,
    "confidence" : 3
  }
},{
  "dateTime" : "11/18/20 12:23:23",
  "value" : {
    "bpm" : 74,
    "confidence" : 2
  }
},{
  "dateTime" : "11/18/20 12:23:38",
  "value" : {
    "bpm" : 74,
    "confidence" : 2
  }
},{
  "dateTime" : "11/18/20 12:23:53",
  "value" : {
    "bpm" : 74,
    "confidence" : 2
  }
},{
  "dateTime" : "11/18/20 12:23:58",
  "value" : {
    "bpm" : 75,
    "confidence" : 2
  }
},{
  "dateTime" : "11/18/20 12:24:03",
  "value" : {
    "bpm" : 76,
    "confidence" : 2
  }
},{
  "dateTime" : "11/18/20 12:24:08",
  "value" : {
    "bpm" : 74,
    "confidence" : 2
  }
},{
  "dateTime" : "11/18/20 12:24:23",
  "value" : {
    "bpm" : 74,
    "confidence" : 2
  }
},{
  "dateTime" : "11/18/20 12:24:28",
  "value" : {
    "bpm" : 75,
    "confidence" : 2
  }
},{
  "dateTime" : "11/18/20 12:24:33",
  "value" : {
    "bpm" : 79,
    "confidence" : 2
  }
},{
  "dateTime" : "11/18/20 12:24:48",
  "value" : {
    "bpm" : 79,
    "confidence" : 2
  }
},{
  "dateTime" : "11/18/20 12:24:58",
  "value" : {
    "bpm" : 76,
    "confidence" : 3
  }
},{
  "dateTime" : "11/18/20 12:25:03",
  "value" : {
    "bpm" : 76,
    "confidence" : 2
  }
},{
  "dateTime" : "11/18/20 12:25:08",
  "value" : {
    "bpm" : 79,
    "confidence" : 3
  }
},{
  "dateTime" : "11/18/20 12:25:13",
  "value" : {
    "bpm" : 78,
    "confidence" : 2
  }
},{
  "dateTime" : "11/18/20 12:25:18",
  "value" : {
    "bpm" : 78,
    "confidence" : 3
  }
},{
  "dateTime" : "11/18/20 12:25:23",
  "value" : {
    "bpm" : 76,
    "confidence" : 3
  }
},{
  "dateTime" : "11/18/20 12:25:33",
  "value" : {
    "bpm" : 77,
    "confidence" : 3
  }
},{
  "dateTime" : "11/18/20 12:25:43",
  "value" : {
    "bpm" : 76,
    "confidence" : 3
  }
},{
  "dateTime" : "11/18/20 12:25:48",
  "value" : {
    "bpm" : 76,
    "confidence" : 3
  }
},{
  "dateTime" : "11/18/20 12:25:53",
  "value" : {
    "bpm" : 75,
    "confidence" : 3
  }
},{
  "dateTime" : "11/18/20 12:25:58",
  "value" : {
    "bpm" : 76,
    "confidence" : 3
  }
},{
  "dateTime" : "11/18/20 12:26:03",
  "value" : {
    "bpm" : 77,
    "confidence" : 3
  }
},{
  "dateTime" : "11/18/20 12:26:08",
  "value" : {
    "bpm" : 76,
    "confidence" : 3
  }
},{
  "dateTime" : "11/18/20 12:26:23",
  "value" : {
    "bpm" : 75,
    "confidence" : 3
  }
},{
  "dateTime" : "11/18/20 12:26:33",
  "value" : {
    "bpm" : 74,
    "confidence" : 3
  }
},{
  "dateTime" : "11/18/20 12:26:38",
  "value" : {
    "bpm" : 73,
    "confidence" : 3
  }
},{
  "dateTime" : "11/18/20 12:26:43",
  "value" : {
    "bpm" : 74,
    "confidence" : 3
  }
},{
  "dateTime" : "11/18/20 12:26:48",
  "value" : {
    "bpm" : 75,
    "confidence" : 3
  }
},{
  "dateTime" : "11/18/20 12:27:03",
  "value" : {
    "bpm" : 74,
    "confidence" : 3
  }
},{
  "dateTime" : "11/18/20 12:27:08",
  "value" : {
    "bpm" : 73,
    "confidence" : 3
  }
},{
  "dateTime" : "11/18/20 12:27:13",
  "value" : {
    "bpm" : 72,
    "confidence" : 3
  }
},{
  "dateTime" : "11/18/20 12:27:23",
  "value" : {
    "bpm" : 73,
    "confidence" : 2
  }
},{
  "dateTime" : "11/18/20 12:27:33",
  "value" : {
    "bpm" : 74,
    "confidence" : 2
  }
},{
  "dateTime" : "11/18/20 12:27:48",
  "value" : {
    "bpm" : 74,
    "confidence" : 2
  }
},{
  "dateTime" : "11/18/20 12:27:53",
  "value" : {
    "bpm" : 71,
    "confidence" : 3
  }
},{
  "dateTime" : "11/18/20 12:27:58",
  "value" : {
    "bpm" : 72,
    "confidence" : 3
  }
},{
  "dateTime" : "11/18/20 12:28:03",
  "value" : {
    "bpm" : 73,
    "confidence" : 3
  }
},{
  "dateTime" : "11/18/20 12:28:08",
  "value" : {
    "bpm" : 74,
    "confidence" : 3
  }
},{
  "dateTime" : "11/18/20 12:28:13",
  "value" : {
    "bpm" : 75,
    "confidence" : 3
  }
},{
  "dateTime" : "11/18/20 12:28:28",
  "value" : {
    "bpm" : 74,
    "confidence" : 3
  }
},{
  "dateTime" : "11/18/20 12:28:33",
  "value" : {
    "bpm" : 73,
    "confidence" : 3
  }
},{
  "dateTime" : "11/18/20 12:28:38",
  "value" : {
    "bpm" : 74,
    "confidence" : 3
  }
},{
  "dateTime" : "11/18/20 12:28:43",
  "value" : {
    "bpm" : 75,
    "confidence" : 3
  }
},{
  "dateTime" : "11/18/20 12:28:48",
  "value" : {
    "bpm" : 74,
    "confidence" : 3
  }
},{
  "dateTime" : "11/18/20 12:28:53",
  "value" : {
    "bpm" : 75,
    "confidence" : 3
  }
},{
  "dateTime" : "11/18/20 12:28:58",
  "value" : {
    "bpm" : 75,
    "confidence" : 3
  }
},{
  "dateTime" : "11/18/20 12:29:13",
  "value" : {
    "bpm" : 75,
    "confidence" : 3
  }
},{
  "dateTime" : "11/18/20 12:29:23",
  "value" : {
    "bpm" : 74,
    "confidence" : 3
  }
},{
  "dateTime" : "11/18/20 12:29:28",
  "value" : {
    "bpm" : 73,
    "confidence" : 3
  }
},{
  "dateTime" : "11/18/20 12:29:33",
  "value" : {
    "bpm" : 72,
    "confidence" : 3
  }
},{
  "dateTime" : "11/18/20 12:29:43",
  "value" : {
    "bpm" : 73,
    "confidence" : 3
  }
},{
  "dateTime" : "11/18/20 12:29:58",
  "value" : {
    "bpm" : 73,
    "confidence" : 3
  }
},{
  "dateTime" : "11/18/20 12:30:13",
  "value" : {
    "bpm" : 74,
    "confidence" : 3
  }
},{
  "dateTime" : "11/18/20 12:30:18",
  "value" : {
    "bpm" : 75,
    "confidence" : 2
  }
},{
  "dateTime" : "11/18/20 12:30:23",
  "value" : {
    "bpm" : 76,
    "confidence" : 2
  }
},{
  "dateTime" : "11/18/20 12:30:33",
  "value" : {
    "bpm" : 77,
    "confidence" : 2
  }
},{
  "dateTime" : "11/18/20 12:30:48",
  "value" : {
    "bpm" : 77,
    "confidence" : 2
  }
},{
  "dateTime" : "11/18/20 12:31:03",
  "value" : {
    "bpm" : 77,
    "confidence" : 2
  }
},{
  "dateTime" : "11/18/20 12:31:13",
  "value" : {
    "bpm" : 78,
    "confidence" : 2
  }
},{
  "dateTime" : "11/18/20 12:31:28",
  "value" : {
    "bpm" : 78,
    "confidence" : 2
  }
},{
  "dateTime" : "11/18/20 12:31:38",
  "value" : {
    "bpm" : 79,
    "confidence" : 2
  }
},{
  "dateTime" : "11/18/20 12:31:53",
  "value" : {
    "bpm" : 79,
    "confidence" : 2
  }
},{
  "dateTime" : "11/18/20 12:31:58",
  "value" : {
    "bpm" : 80,
    "confidence" : 1
  }
},{
  "dateTime" : "11/18/20 12:32:03",
  "value" : {
    "bpm" : 81,
    "confidence" : 1
  }
},{
  "dateTime" : "11/18/20 12:32:18",
  "value" : {
    "bpm" : 81,
    "confidence" : 1
  }
},{
  "dateTime" : "11/18/20 12:32:33",
  "value" : {
    "bpm" : 81,
    "confidence" : 1
  }
},{
  "dateTime" : "11/18/20 12:32:38",
  "value" : {
    "bpm" : 81,
    "confidence" : 1
  }
},{
  "dateTime" : "11/18/20 12:32:43",
  "value" : {
    "bpm" : 82,
    "confidence" : 1
  }
},{
  "dateTime" : "11/18/20 12:32:58",
  "value" : {
    "bpm" : 82,
    "confidence" : 1
  }
},{
  "dateTime" : "11/18/20 12:33:13",
  "value" : {
    "bpm" : 82,
    "confidence" : 1
  }
},{
  "dateTime" : "11/18/20 12:33:14",
  "value" : {
    "bpm" : 82,
    "confidence" : 1
  }
},{
  "dateTime" : "11/18/20 12:33:29",
  "value" : {
    "bpm" : 82,
    "confidence" : 0
  }
},{
  "dateTime" : "11/18/20 12:33:34",
  "value" : {
    "bpm" : 82,
    "confidence" : 1
  }
},{
  "dateTime" : "11/18/20 12:33:39",
  "value" : {
    "bpm" : 83,
    "confidence" : 1
  }
},{
  "dateTime" : "11/18/20 12:33:49",
  "value" : {
    "bpm" : 84,
    "confidence" : 1
  }
},{
  "dateTime" : "11/18/20 12:33:59",
  "value" : {
    "bpm" : 83,
    "confidence" : 1
  }
},{
  "dateTime" : "11/18/20 12:34:04",
  "value" : {
    "bpm" : 82,
    "confidence" : 1
  }
},{
  "dateTime" : "11/18/20 12:34:09",
  "value" : {
    "bpm" : 77,
    "confidence" : 1
  }
},{
  "dateTime" : "11/18/20 12:34:14",
  "value" : {
    "bpm" : 73,
    "confidence" : 1
  }
},{
  "dateTime" : "11/18/20 12:34:19",
  "value" : {
    "bpm" : 74,
    "confidence" : 1
  }
},{
  "dateTime" : "11/18/20 12:34:24",
  "value" : {
    "bpm" : 75,
    "confidence" : 1
  }
},{
  "dateTime" : "11/18/20 12:34:29",
  "value" : {
    "bpm" : 77,
    "confidence" : 1
  }
},{
  "dateTime" : "11/18/20 12:34:34",
  "value" : {
    "bpm" : 78,
    "confidence" : 1
  }
},{
  "dateTime" : "11/18/20 12:34:44",
  "value" : {
    "bpm" : 79,
    "confidence" : 1
  }
},{
  "dateTime" : "11/18/20 12:34:59",
  "value" : {
    "bpm" : 80,
    "confidence" : 1
  }
},{
  "dateTime" : "11/18/20 12:35:14",
  "value" : {
    "bpm" : 80,
    "confidence" : 1
  }
},{
  "dateTime" : "11/18/20 12:35:29",
  "value" : {
    "bpm" : 80,
    "confidence" : 1
  }
},{
  "dateTime" : "11/18/20 12:35:34",
  "value" : {
    "bpm" : 81,
    "confidence" : 1
  }
},{
  "dateTime" : "11/18/20 12:35:39",
  "value" : {
    "bpm" : 82,
    "confidence" : 1
  }
},{
  "dateTime" : "11/18/20 12:35:44",
  "value" : {
    "bpm" : 86,
    "confidence" : 1
  }
},{
  "dateTime" : "11/18/20 12:35:49",
  "value" : {
    "bpm" : 89,
    "confidence" : 1
  }
},{
  "dateTime" : "11/18/20 12:35:54",
  "value" : {
    "bpm" : 91,
    "confidence" : 2
  }
},{
  "dateTime" : "11/18/20 12:35:59",
  "value" : {
    "bpm" : 90,
    "confidence" : 2
  }
},{
  "dateTime" : "11/18/20 12:36:04",
  "value" : {
    "bpm" : 92,
    "confidence" : 2
  }
},{
  "dateTime" : "11/18/20 12:36:09",
  "value" : {
    "bpm" : 93,
    "confidence" : 2
  }
},{
  "dateTime" : "11/18/20 12:36:14",
  "value" : {
    "bpm" : 97,
    "confidence" : 2
  }
},{
  "dateTime" : "11/18/20 12:36:19",
  "value" : {
    "bpm" : 99,
    "confidence" : 1
  }
},{
  "dateTime" : "11/18/20 12:36:24",
  "value" : {
    "bpm" : 95,
    "confidence" : 1
  }
},{
  "dateTime" : "11/18/20 12:36:29",
  "value" : {
    "bpm" : 94,
    "confidence" : 1
  }
},{
  "dateTime" : "11/18/20 12:36:34",
  "value" : {
    "bpm" : 96,
    "confidence" : 1
  }
},{
  "dateTime" : "11/18/20 12:36:39",
  "value" : {
    "bpm" : 98,
    "confidence" : 1
  }
},{
  "dateTime" : "11/18/20 12:36:49",
  "value" : {
    "bpm" : 101,
    "confidence" : 1
  }
},{
  "dateTime" : "11/18/20 12:36:54",
  "value" : {
    "bpm" : 108,
    "confidence" : 2
  }
},{
  "dateTime" : "11/18/20 12:36:59",
  "value" : {
    "bpm" : 107,
    "confidence" : 2
  }
},{
  "dateTime" : "11/18/20 12:37:14",
  "value" : {
    "bpm" : 105,
    "confidence" : 2
  }
},{
  "dateTime" : "11/18/20 12:37:19",
  "value" : {
    "bpm" : 102,
    "confidence" : 2
  }
},{
  "dateTime" : "11/18/20 12:37:24",
  "value" : {
    "bpm" : 99,
    "confidence" : 1
  }
},{
  "dateTime" : "11/18/20 12:37:29",
  "value" : {
    "bpm" : 100,
    "confidence" : 1
  }
},{
  "dateTime" : "11/18/20 12:37:34",
  "value" : {
    "bpm" : 102,
    "confidence" : 1
  }
},{
  "dateTime" : "11/18/20 12:37:39",
  "value" : {
    "bpm" : 105,
    "confidence" : 2
  }
},{
  "dateTime" : "11/18/20 12:37:44",
  "value" : {
    "bpm" : 108,
    "confidence" : 2
  }
},{
  "dateTime" : "11/18/20 12:37:54",
  "value" : {
    "bpm" : 109,
    "confidence" : 2
  }
},{
  "dateTime" : "11/18/20 12:37:59",
  "value" : {
    "bpm" : 110,
    "confidence" : 2
  }
},{
  "dateTime" : "11/18/20 12:38:14",
  "value" : {
    "bpm" : 110,
    "confidence" : 1
  }
},{
  "dateTime" : "11/18/20 12:38:19",
  "value" : {
    "bpm" : 111,
    "confidence" : 1
  }
},{
  "dateTime" : "11/18/20 12:38:24",
  "value" : {
    "bpm" : 109,
    "confidence" : 1
  }
},{
  "dateTime" : "11/18/20 12:38:29",
  "value" : {
    "bpm" : 107,
    "confidence" : 1
  }
},{
  "dateTime" : "11/18/20 12:38:34",
  "value" : {
    "bpm" : 108,
    "confidence" : 1
  }
},{
  "dateTime" : "11/18/20 12:38:49",
  "value" : {
    "bpm" : 109,
    "confidence" : 1
  }
},{
  "dateTime" : "11/18/20 12:39:04",
  "value" : {
    "bpm" : 109,
    "confidence" : 1
  }
},{
  "dateTime" : "11/18/20 12:39:19",
  "value" : {
    "bpm" : 110,
    "confidence" : 1
  }
},{
  "dateTime" : "11/18/20 12:39:24",
  "value" : {
    "bpm" : 111,
    "confidence" : 1
  }
},{
  "dateTime" : "11/18/20 12:39:39",
  "value" : {
    "bpm" : 110,
    "confidence" : 1
  }
},{
  "dateTime" : "11/18/20 12:39:54",
  "value" : {
    "bpm" : 111,
    "confidence" : 0
  }
},{
  "dateTime" : "11/18/20 12:39:59",
  "value" : {
    "bpm" : 113,
    "confidence" : 1
  }
},{
  "dateTime" : "11/18/20 12:40:04",
  "value" : {
    "bpm" : 114,
    "confidence" : 1
  }
},{
  "dateTime" : "11/18/20 12:40:09",
  "value" : {
    "bpm" : 112,
    "confidence" : 0
  }
},{
  "dateTime" : "11/18/20 12:40:14",
  "value" : {
    "bpm" : 110,
    "confidence" : 0
  }
},{
  "dateTime" : "11/18/20 12:40:19",
  "value" : {
    "bpm" : 113,
    "confidence" : 1
  }
},{
  "dateTime" : "11/18/20 12:40:24",
  "value" : {
    "bpm" : 112,
    "confidence" : 1
  }
},{
  "dateTime" : "11/18/20 12:40:29",
  "value" : {
    "bpm" : 113,
    "confidence" : 0
  }
},{
  "dateTime" : "11/18/20 12:40:34",
  "value" : {
    "bpm" : 113,
    "confidence" : 1
  }
},{
  "dateTime" : "11/18/20 12:40:49",
  "value" : {
    "bpm" : 112,
    "confidence" : 1
  }
},{
  "dateTime" : "11/18/20 12:40:54",
  "value" : {
    "bpm" : 110,
    "confidence" : 1
  }
},{
  "dateTime" : "11/18/20 12:40:59",
  "value" : {
    "bpm" : 109,
    "confidence" : 1
  }
},{
  "dateTime" : "11/18/20 12:41:04",
  "value" : {
    "bpm" : 110,
    "confidence" : 1
  }
},{
  "dateTime" : "11/18/20 12:41:09",
  "value" : {
    "bpm" : 113,
    "confidence" : 0
  }
},{
  "dateTime" : "11/18/20 12:41:14",
  "value" : {
    "bpm" : 115,
    "confidence" : 1
  }
},{
  "dateTime" : "11/18/20 12:41:19",
  "value" : {
    "bpm" : 117,
    "confidence" : 2
  }
},{
  "dateTime" : "11/18/20 12:41:29",
  "value" : {
    "bpm" : 116,
    "confidence" : 2
  }
},{
  "dateTime" : "11/18/20 12:41:34",
  "value" : {
    "bpm" : 115,
    "confidence" : 2
  }
},{
  "dateTime" : "11/18/20 12:41:39",
  "value" : {
    "bpm" : 113,
    "confidence" : 1
  }
},{
  "dateTime" : "11/18/20 12:41:44",
  "value" : {
    "bpm" : 112,
    "confidence" : 1
  }
},{
  "dateTime" : "11/18/20 12:41:49",
  "value" : {
    "bpm" : 111,
    "confidence" : 1
  }
},{
  "dateTime" : "11/18/20 12:41:54",
  "value" : {
    "bpm" : 113,
    "confidence" : 1
  }
},{
  "dateTime" : "11/18/20 12:42:09",
  "value" : {
    "bpm" : 112,
    "confidence" : 1
  }
},{
  "dateTime" : "11/18/20 12:42:24",
  "value" : {
    "bpm" : 111,
    "confidence" : 1
  }
},{
  "dateTime" : "11/18/20 12:42:34",
  "value" : {
    "bpm" : 112,
    "confidence" : 1
  }
},{
  "dateTime" : "11/18/20 12:42:39",
  "value" : {
    "bpm" : 114,
    "confidence" : 1
  }
},{
  "dateTime" : "11/18/20 12:42:49",
  "value" : {
    "bpm" : 113,
    "confidence" : 2
  }
},{
  "dateTime" : "11/18/20 12:43:04",
  "value" : {
    "bpm" : 110,
    "confidence" : 2
  }
},{
  "dateTime" : "11/18/20 12:43:09",
  "value" : {
    "bpm" : 111,
    "confidence" : 2
  }
},{
  "dateTime" : "11/18/20 12:43:14",
  "value" : {
    "bpm" : 110,
    "confidence" : 2
  }
},{
  "dateTime" : "11/18/20 12:43:19",
  "value" : {
    "bpm" : 111,
    "confidence" : 1
  }
},{
  "dateTime" : "11/18/20 12:43:34",
  "value" : {
    "bpm" : 111,
    "confidence" : 1
  }
},{
  "dateTime" : "11/18/20 12:43:49",
  "value" : {
    "bpm" : 112,
    "confidence" : 1
  }
},{
  "dateTime" : "11/18/20 12:43:59",
  "value" : {
    "bpm" : 114,
    "confidence" : 1
  }
},{
  "dateTime" : "11/18/20 12:44:04",
  "value" : {
    "bpm" : 113,
    "confidence" : 1
  }
},{
  "dateTime" : "11/18/20 12:44:09",
  "value" : {
    "bpm" : 111,
    "confidence" : 1
  }
},{
  "dateTime" : "11/18/20 12:44:14",
  "value" : {
    "bpm" : 110,
    "confidence" : 1
  }
},{
  "dateTime" : "11/18/20 12:44:19",
  "value" : {
    "bpm" : 108,
    "confidence" : 1
  }
},{
  "dateTime" : "11/18/20 12:44:29",
  "value" : {
    "bpm" : 109,
    "confidence" : 2
  }
},{
  "dateTime" : "11/18/20 12:44:34",
  "value" : {
    "bpm" : 110,
    "confidence" : 2
  }
},{
  "dateTime" : "11/18/20 12:44:44",
  "value" : {
    "bpm" : 110,
    "confidence" : 1
  }
},{
  "dateTime" : "11/18/20 12:44:49",
  "value" : {
    "bpm" : 109,
    "confidence" : 1
  }
},{
  "dateTime" : "11/18/20 12:44:54",
  "value" : {
    "bpm" : 107,
    "confidence" : 1
  }
},{
  "dateTime" : "11/18/20 12:44:59",
  "value" : {
    "bpm" : 108,
    "confidence" : 1
  }
},{
  "dateTime" : "11/18/20 12:45:04",
  "value" : {
    "bpm" : 109,
    "confidence" : 1
  }
},{
  "dateTime" : "11/18/20 12:45:09",
  "value" : {
    "bpm" : 104,
    "confidence" : 1
  }
},{
  "dateTime" : "11/18/20 12:45:14",
  "value" : {
    "bpm" : 102,
    "confidence" : 1
  }
},{
  "dateTime" : "11/18/20 12:45:19",
  "value" : {
    "bpm" : 100,
    "confidence" : 1
  }
},{
  "dateTime" : "11/18/20 12:45:24",
  "value" : {
    "bpm" : 97,
    "confidence" : 1
  }
},{
  "dateTime" : "11/18/20 12:45:29",
  "value" : {
    "bpm" : 99,
    "confidence" : 1
  }
},{
  "dateTime" : "11/18/20 12:45:34",
  "value" : {
    "bpm" : 100,
    "confidence" : 1
  }
},{
  "dateTime" : "11/18/20 12:45:39",
  "value" : {
    "bpm" : 101,
    "confidence" : 2
  }
},{
  "dateTime" : "11/18/20 12:45:54",
  "value" : {
    "bpm" : 101,
    "confidence" : 1
  }
},{
  "dateTime" : "11/18/20 12:46:04",
  "value" : {
    "bpm" : 101,
    "confidence" : 2
  }
},{
  "dateTime" : "11/18/20 12:46:09",
  "value" : {
    "bpm" : 101,
    "confidence" : 1
  }
},{
  "dateTime" : "11/18/20 12:46:14",
  "value" : {
    "bpm" : 101,
    "confidence" : 1
  }
},{
  "dateTime" : "11/18/20 12:46:19",
  "value" : {
    "bpm" : 101,
    "confidence" : 2
  }
},{
  "dateTime" : "11/18/20 12:46:34",
  "value" : {
    "bpm" : 102,
    "confidence" : 1
  }
},{
  "dateTime" : "11/18/20 12:46:39",
  "value" : {
    "bpm" : 104,
    "confidence" : 2
  }
},{
  "dateTime" : "11/18/20 12:46:44",
  "value" : {
    "bpm" : 105,
    "confidence" : 2
  }
},{
  "dateTime" : "11/18/20 12:46:49",
  "value" : {
    "bpm" : 108,
    "confidence" : 2
  }
},{
  "dateTime" : "11/18/20 12:46:54",
  "value" : {
    "bpm" : 109,
    "confidence" : 2
  }
},{
  "dateTime" : "11/18/20 12:46:59",
  "value" : {
    "bpm" : 108,
    "confidence" : 2
  }
},{
  "dateTime" : "11/18/20 12:47:04",
  "value" : {
    "bpm" : 107,
    "confidence" : 2
  }
},{
  "dateTime" : "11/18/20 12:47:19",
  "value" : {
    "bpm" : 107,
    "confidence" : 2
  }
},{
  "dateTime" : "11/18/20 12:47:24",
  "value" : {
    "bpm" : 108,
    "confidence" : 2
  }
},{
  "dateTime" : "11/18/20 12:47:29",
  "value" : {
    "bpm" : 111,
    "confidence" : 1
  }
},{
  "dateTime" : "11/18/20 12:47:34",
  "value" : {
    "bpm" : 115,
    "confidence" : 1
  }
},{
  "dateTime" : "11/18/20 12:47:44",
  "value" : {
    "bpm" : 116,
    "confidence" : 1
  }
},{
  "dateTime" : "11/18/20 12:47:49",
  "value" : {
    "bpm" : 117,
    "confidence" : 1
  }
},{
  "dateTime" : "11/18/20 12:47:54",
  "value" : {
    "bpm" : 119,
    "confidence" : 1
  }
},{
  "dateTime" : "11/18/20 12:47:59",
  "value" : {
    "bpm" : 122,
    "confidence" : 1
  }
},{
  "dateTime" : "11/18/20 12:48:04",
  "value" : {
    "bpm" : 124,
    "confidence" : 1
  }
},{
  "dateTime" : "11/18/20 12:48:09",
  "value" : {
    "bpm" : 125,
    "confidence" : 1
  }
},{
  "dateTime" : "11/18/20 12:48:19",
  "value" : {
    "bpm" : 128,
    "confidence" : 1
  }
},{
  "dateTime" : "11/18/20 12:48:24",
  "value" : {
    "bpm" : 129,
    "confidence" : 1
  }
},{
  "dateTime" : "11/18/20 12:48:29",
  "value" : {
    "bpm" : 133,
    "confidence" : 1
  }
},{
  "dateTime" : "11/18/20 12:48:34",
  "value" : {
    "bpm" : 139,
    "confidence" : 0
  }
},{
  "dateTime" : "11/18/20 12:48:39",
  "value" : {
    "bpm" : 142,
    "confidence" : 0
  }
},{
  "dateTime" : "11/18/20 12:48:49",
  "value" : {
    "bpm" : 141,
    "confidence" : 0
  }
},{
  "dateTime" : "11/18/20 12:48:54",
  "value" : {
    "bpm" : 137,
    "confidence" : 0
  }
},{
  "dateTime" : "11/18/20 12:48:59",
  "value" : {
    "bpm" : 134,
    "confidence" : 0
  }
},{
  "dateTime" : "11/18/20 12:49:05",
  "value" : {
    "bpm" : 131,
    "confidence" : 0
  }
},{
  "dateTime" : "11/18/20 12:49:10",
  "value" : {
    "bpm" : 125,
    "confidence" : 0
  }
},{
  "dateTime" : "11/18/20 12:49:25",
  "value" : {
    "bpm" : 123,
    "confidence" : 0
  }
},{
  "dateTime" : "11/18/20 12:49:30",
  "value" : {
    "bpm" : 119,
    "confidence" : 0
  }
},{
  "dateTime" : "11/18/20 12:49:35",
  "value" : {
    "bpm" : 117,
    "confidence" : 1
  }
},{
  "dateTime" : "11/18/20 12:49:40",
  "value" : {
    "bpm" : 115,
    "confidence" : 1
  }
},{
  "dateTime" : "11/18/20 12:49:50",
  "value" : {
    "bpm" : 116,
    "confidence" : 1
  }
},{
  "dateTime" : "11/18/20 12:49:55",
  "value" : {
    "bpm" : 114,
    "confidence" : 1
  }
},{
  "dateTime" : "11/18/20 12:50:00",
  "value" : {
    "bpm" : 113,
    "confidence" : 1
  }
},{
  "dateTime" : "11/18/20 12:50:05",
  "value" : {
    "bpm" : 115,
    "confidence" : 1
  }
},{
  "dateTime" : "11/18/20 12:50:15",
  "value" : {
    "bpm" : 114,
    "confidence" : 1
  }
},{
  "dateTime" : "11/18/20 12:50:30",
  "value" : {
    "bpm" : 114,
    "confidence" : 1
  }
},{
  "dateTime" : "11/18/20 12:50:35",
  "value" : {
    "bpm" : 117,
    "confidence" : 1
  }
},{
  "dateTime" : "11/18/20 12:50:40",
  "value" : {
    "bpm" : 118,
    "confidence" : 1
  }
},{
  "dateTime" : "11/18/20 12:50:45",
  "value" : {
    "bpm" : 116,
    "confidence" : 1
  }
},{
  "dateTime" : "11/18/20 12:50:50",
  "value" : {
    "bpm" : 114,
    "confidence" : 1
  }
},{
  "dateTime" : "11/18/20 12:50:55",
  "value" : {
    "bpm" : 112,
    "confidence" : 1
  }
},{
  "dateTime" : "11/18/20 12:51:05",
  "value" : {
    "bpm" : 111,
    "confidence" : 1
  }
},{
  "dateTime" : "11/18/20 12:51:10",
  "value" : {
    "bpm" : 110,
    "confidence" : 2
  }
},{
  "dateTime" : "11/18/20 12:51:15",
  "value" : {
    "bpm" : 115,
    "confidence" : 2
  }
},{
  "dateTime" : "11/18/20 12:51:20",
  "value" : {
    "bpm" : 114,
    "confidence" : 2
  }
},{
  "dateTime" : "11/18/20 12:51:25",
  "value" : {
    "bpm" : 112,
    "confidence" : 2
  }
},{
  "dateTime" : "11/18/20 12:51:30",
  "value" : {
    "bpm" : 111,
    "confidence" : 2
  }
},{
  "dateTime" : "11/18/20 12:51:35",
  "value" : {
    "bpm" : 109,
    "confidence" : 2
  }
},{
  "dateTime" : "11/18/20 12:51:40",
  "value" : {
    "bpm" : 105,
    "confidence" : 2
  }
},{
  "dateTime" : "11/18/20 12:51:55",
  "value" : {
    "bpm" : 101,
    "confidence" : 2
  }
},{
  "dateTime" : "11/18/20 12:52:00",
  "value" : {
    "bpm" : 101,
    "confidence" : 2
  }
},{
  "dateTime" : "11/18/20 12:52:15",
  "value" : {
    "bpm" : 102,
    "confidence" : 1
  }
},{
  "dateTime" : "11/18/20 12:52:20",
  "value" : {
    "bpm" : 104,
    "confidence" : 1
  }
},{
  "dateTime" : "11/18/20 12:52:25",
  "value" : {
    "bpm" : 102,
    "confidence" : 1
  }
},{
  "dateTime" : "11/18/20 12:52:30",
  "value" : {
    "bpm" : 104,
    "confidence" : 1
  }
},{
  "dateTime" : "11/18/20 12:52:35",
  "value" : {
    "bpm" : 103,
    "confidence" : 1
  }
},{
  "dateTime" : "11/18/20 12:52:40",
  "value" : {
    "bpm" : 104,
    "confidence" : 1
  }
},{
  "dateTime" : "11/18/20 12:52:45",
  "value" : {
    "bpm" : 105,
    "confidence" : 1
  }
},{
  "dateTime" : "11/18/20 13:46:47",
  "value" : {
    "bpm" : 70,
    "confidence" : 0
  }
}]