[{
  "dateTime" : "08/14/20 17:49:29",
  "value" : {
    "bpm" : 70,
    "confidence" : 0
  }
},{
  "dateTime" : "08/14/20 18:27:48",
  "value" : {
    "bpm" : 70,
    "confidence" : 0
  }
},{
  "dateTime" : "08/14/20 18:28:03",
  "value" : {
    "bpm" : 70,
    "confidence" : 0
  }
},{
  "dateTime" : "08/14/20 18:28:18",
  "value" : {
    "bpm" : 70,
    "confidence" : 0
  }
},{
  "dateTime" : "08/14/20 18:28:33",
  "value" : {
    "bpm" : 73,
    "confidence" : 0
  }
},{
  "dateTime" : "08/14/20 18:28:38",
  "value" : {
    "bpm" : 89,
    "confidence" : 0
  }
},{
  "dateTime" : "08/14/20 19:23:12",
  "value" : {
    "bpm" : 70,
    "confidence" : 0
  }
},{
  "dateTime" : "08/14/20 20:17:49",
  "value" : {
    "bpm" : 70,
    "confidence" : 0
  }
}]