[{
  "dateTime" : "12/07/20 16:39:46",
  "value" : {
    "bpm" : 70,
    "confidence" : 0
  }
},{
  "dateTime" : "12/07/20 16:40:01",
  "value" : {
    "bpm" : 72,
    "confidence" : 1
  }
},{
  "dateTime" : "12/07/20 16:40:06",
  "value" : {
    "bpm" : 83,
    "confidence" : 1
  }
},{
  "dateTime" : "12/07/20 16:40:16",
  "value" : {
    "bpm" : 82,
    "confidence" : 1
  }
},{
  "dateTime" : "12/07/20 16:40:21",
  "value" : {
    "bpm" : 88,
    "confidence" : 1
  }
},{
  "dateTime" : "12/07/20 16:40:26",
  "value" : {
    "bpm" : 90,
    "confidence" : 1
  }
},{
  "dateTime" : "12/07/20 17:34:24",
  "value" : {
    "bpm" : 70,
    "confidence" : 0
  }
},{
  "dateTime" : "12/07/20 18:29:00",
  "value" : {
    "bpm" : 70,
    "confidence" : 0
  }
}]