[{
  "dateTime" : "09/09/20 09:24:49",
  "value" : {
    "bpm" : 70,
    "confidence" : 0
  }
},{
  "dateTime" : "09/09/20 09:29:21",
  "value" : {
    "bpm" : 70,
    "confidence" : 0
  }
},{
  "dateTime" : "09/09/20 09:29:31",
  "value" : {
    "bpm" : 78,
    "confidence" : 0
  }
},{
  "dateTime" : "09/09/20 09:29:36",
  "value" : {
    "bpm" : 79,
    "confidence" : 0
  }
},{
  "dateTime" : "09/09/20 10:25:20",
  "value" : {
    "bpm" : 70,
    "confidence" : 0
  }
},{
  "dateTime" : "09/09/20 10:25:35",
  "value" : {
    "bpm" : 70,
    "confidence" : 0
  }
},{
  "dateTime" : "09/09/20 10:25:45",
  "value" : {
    "bpm" : 88,
    "confidence" : 0
  }
},{
  "dateTime" : "09/09/20 10:25:50",
  "value" : {
    "bpm" : 90,
    "confidence" : 1
  }
},{
  "dateTime" : "09/09/20 10:26:05",
  "value" : {
    "bpm" : 90,
    "confidence" : 1
  }
},{
  "dateTime" : "09/09/20 10:26:10",
  "value" : {
    "bpm" : 92,
    "confidence" : 1
  }
},{
  "dateTime" : "09/09/20 10:26:15",
  "value" : {
    "bpm" : 93,
    "confidence" : 1
  }
},{
  "dateTime" : "09/09/20 10:26:20",
  "value" : {
    "bpm" : 92,
    "confidence" : 2
  }
},{
  "dateTime" : "09/09/20 10:26:35",
  "value" : {
    "bpm" : 92,
    "confidence" : 2
  }
},{
  "dateTime" : "09/09/20 10:26:50",
  "value" : {
    "bpm" : 92,
    "confidence" : 2
  }
},{
  "dateTime" : "09/09/20 10:27:05",
  "value" : {
    "bpm" : 92,
    "confidence" : 2
  }
},{
  "dateTime" : "09/09/20 10:27:10",
  "value" : {
    "bpm" : 94,
    "confidence" : 2
  }
},{
  "dateTime" : "09/09/20 10:27:15",
  "value" : {
    "bpm" : 93,
    "confidence" : 2
  }
},{
  "dateTime" : "09/09/20 10:27:20",
  "value" : {
    "bpm" : 94,
    "confidence" : 2
  }
},{
  "dateTime" : "09/09/20 10:27:30",
  "value" : {
    "bpm" : 96,
    "confidence" : 2
  }
},{
  "dateTime" : "09/09/20 10:27:40",
  "value" : {
    "bpm" : 95,
    "confidence" : 2
  }
},{
  "dateTime" : "09/09/20 10:27:50",
  "value" : {
    "bpm" : 94,
    "confidence" : 2
  }
},{
  "dateTime" : "09/09/20 10:27:55",
  "value" : {
    "bpm" : 94,
    "confidence" : 1
  }
},{
  "dateTime" : "09/09/20 10:28:00",
  "value" : {
    "bpm" : 95,
    "confidence" : 1
  }
},{
  "dateTime" : "09/09/20 10:28:10",
  "value" : {
    "bpm" : 93,
    "confidence" : 1
  }
},{
  "dateTime" : "09/09/20 10:28:15",
  "value" : {
    "bpm" : 92,
    "confidence" : 1
  }
},{
  "dateTime" : "09/09/20 10:28:20",
  "value" : {
    "bpm" : 93,
    "confidence" : 1
  }
},{
  "dateTime" : "09/09/20 10:28:35",
  "value" : {
    "bpm" : 93,
    "confidence" : 1
  }
},{
  "dateTime" : "09/09/20 10:28:40",
  "value" : {
    "bpm" : 94,
    "confidence" : 1
  }
},{
  "dateTime" : "09/09/20 10:28:45",
  "value" : {
    "bpm" : 93,
    "confidence" : 1
  }
},{
  "dateTime" : "09/09/20 10:28:50",
  "value" : {
    "bpm" : 92,
    "confidence" : 2
  }
},{
  "dateTime" : "09/09/20 10:29:05",
  "value" : {
    "bpm" : 92,
    "confidence" : 2
  }
},{
  "dateTime" : "09/09/20 10:29:10",
  "value" : {
    "bpm" : 93,
    "confidence" : 2
  }
},{
  "dateTime" : "09/09/20 10:29:15",
  "value" : {
    "bpm" : 92,
    "confidence" : 2
  }
},{
  "dateTime" : "09/09/20 10:29:25",
  "value" : {
    "bpm" : 91,
    "confidence" : 2
  }
},{
  "dateTime" : "09/09/20 10:29:30",
  "value" : {
    "bpm" : 89,
    "confidence" : 2
  }
},{
  "dateTime" : "09/09/20 10:29:35",
  "value" : {
    "bpm" : 88,
    "confidence" : 2
  }
},{
  "dateTime" : "09/09/20 10:29:40",
  "value" : {
    "bpm" : 89,
    "confidence" : 2
  }
},{
  "dateTime" : "09/09/20 10:29:50",
  "value" : {
    "bpm" : 90,
    "confidence" : 2
  }
},{
  "dateTime" : "09/09/20 10:30:00",
  "value" : {
    "bpm" : 92,
    "confidence" : 2
  }
},{
  "dateTime" : "09/09/20 10:30:05",
  "value" : {
    "bpm" : 93,
    "confidence" : 2
  }
},{
  "dateTime" : "09/09/20 10:30:15",
  "value" : {
    "bpm" : 95,
    "confidence" : 2
  }
},{
  "dateTime" : "09/09/20 10:30:25",
  "value" : {
    "bpm" : 96,
    "confidence" : 1
  }
},{
  "dateTime" : "09/09/20 10:30:30",
  "value" : {
    "bpm" : 98,
    "confidence" : 1
  }
},{
  "dateTime" : "09/09/20 10:30:35",
  "value" : {
    "bpm" : 101,
    "confidence" : 1
  }
},{
  "dateTime" : "09/09/20 10:30:40",
  "value" : {
    "bpm" : 105,
    "confidence" : 1
  }
},{
  "dateTime" : "09/09/20 10:30:45",
  "value" : {
    "bpm" : 106,
    "confidence" : 1
  }
},{
  "dateTime" : "09/09/20 10:30:50",
  "value" : {
    "bpm" : 108,
    "confidence" : 2
  }
},{
  "dateTime" : "09/09/20 10:30:55",
  "value" : {
    "bpm" : 109,
    "confidence" : 2
  }
},{
  "dateTime" : "09/09/20 10:31:00",
  "value" : {
    "bpm" : 108,
    "confidence" : 1
  }
},{
  "dateTime" : "09/09/20 10:31:05",
  "value" : {
    "bpm" : 105,
    "confidence" : 1
  }
},{
  "dateTime" : "09/09/20 10:31:15",
  "value" : {
    "bpm" : 104,
    "confidence" : 1
  }
},{
  "dateTime" : "09/09/20 10:31:20",
  "value" : {
    "bpm" : 106,
    "confidence" : 1
  }
},{
  "dateTime" : "09/09/20 10:31:25",
  "value" : {
    "bpm" : 108,
    "confidence" : 1
  }
},{
  "dateTime" : "09/09/20 10:31:35",
  "value" : {
    "bpm" : 105,
    "confidence" : 1
  }
},{
  "dateTime" : "09/09/20 10:31:40",
  "value" : {
    "bpm" : 102,
    "confidence" : 2
  }
},{
  "dateTime" : "09/09/20 10:31:45",
  "value" : {
    "bpm" : 100,
    "confidence" : 2
  }
},{
  "dateTime" : "09/09/20 10:31:50",
  "value" : {
    "bpm" : 101,
    "confidence" : 2
  }
},{
  "dateTime" : "09/09/20 10:31:55",
  "value" : {
    "bpm" : 103,
    "confidence" : 2
  }
},{
  "dateTime" : "09/09/20 10:32:00",
  "value" : {
    "bpm" : 105,
    "confidence" : 2
  }
},{
  "dateTime" : "09/09/20 10:32:05",
  "value" : {
    "bpm" : 108,
    "confidence" : 2
  }
},{
  "dateTime" : "09/09/20 10:32:15",
  "value" : {
    "bpm" : 109,
    "confidence" : 2
  }
},{
  "dateTime" : "09/09/20 10:32:20",
  "value" : {
    "bpm" : 110,
    "confidence" : 2
  }
},{
  "dateTime" : "09/09/20 10:32:30",
  "value" : {
    "bpm" : 109,
    "confidence" : 2
  }
},{
  "dateTime" : "09/09/20 10:32:35",
  "value" : {
    "bpm" : 110,
    "confidence" : 2
  }
},{
  "dateTime" : "09/09/20 10:32:45",
  "value" : {
    "bpm" : 109,
    "confidence" : 2
  }
},{
  "dateTime" : "09/09/20 10:32:50",
  "value" : {
    "bpm" : 108,
    "confidence" : 2
  }
},{
  "dateTime" : "09/09/20 10:32:55",
  "value" : {
    "bpm" : 104,
    "confidence" : 2
  }
},{
  "dateTime" : "09/09/20 10:33:00",
  "value" : {
    "bpm" : 100,
    "confidence" : 1
  }
},{
  "dateTime" : "09/09/20 10:33:05",
  "value" : {
    "bpm" : 97,
    "confidence" : 1
  }
},{
  "dateTime" : "09/09/20 10:33:10",
  "value" : {
    "bpm" : 98,
    "confidence" : 1
  }
},{
  "dateTime" : "09/09/20 10:33:15",
  "value" : {
    "bpm" : 99,
    "confidence" : 1
  }
},{
  "dateTime" : "09/09/20 10:33:20",
  "value" : {
    "bpm" : 101,
    "confidence" : 1
  }
},{
  "dateTime" : "09/09/20 10:33:25",
  "value" : {
    "bpm" : 103,
    "confidence" : 1
  }
},{
  "dateTime" : "09/09/20 10:33:30",
  "value" : {
    "bpm" : 106,
    "confidence" : 2
  }
},{
  "dateTime" : "09/09/20 10:33:35",
  "value" : {
    "bpm" : 106,
    "confidence" : 1
  }
},{
  "dateTime" : "09/09/20 10:33:45",
  "value" : {
    "bpm" : 108,
    "confidence" : 1
  }
},{
  "dateTime" : "09/09/20 10:33:50",
  "value" : {
    "bpm" : 106,
    "confidence" : 2
  }
},{
  "dateTime" : "09/09/20 10:33:55",
  "value" : {
    "bpm" : 108,
    "confidence" : 2
  }
},{
  "dateTime" : "09/09/20 10:34:00",
  "value" : {
    "bpm" : 110,
    "confidence" : 2
  }
},{
  "dateTime" : "09/09/20 10:34:05",
  "value" : {
    "bpm" : 111,
    "confidence" : 2
  }
},{
  "dateTime" : "09/09/20 10:34:10",
  "value" : {
    "bpm" : 112,
    "confidence" : 2
  }
},{
  "dateTime" : "09/09/20 10:34:15",
  "value" : {
    "bpm" : 114,
    "confidence" : 2
  }
},{
  "dateTime" : "09/09/20 10:34:20",
  "value" : {
    "bpm" : 113,
    "confidence" : 2
  }
},{
  "dateTime" : "09/09/20 10:34:26",
  "value" : {
    "bpm" : 111,
    "confidence" : 2
  }
},{
  "dateTime" : "09/09/20 10:34:31",
  "value" : {
    "bpm" : 112,
    "confidence" : 2
  }
},{
  "dateTime" : "09/09/20 10:34:36",
  "value" : {
    "bpm" : 111,
    "confidence" : 2
  }
},{
  "dateTime" : "09/09/20 10:34:41",
  "value" : {
    "bpm" : 110,
    "confidence" : 2
  }
},{
  "dateTime" : "09/09/20 10:34:46",
  "value" : {
    "bpm" : 112,
    "confidence" : 2
  }
},{
  "dateTime" : "09/09/20 10:34:51",
  "value" : {
    "bpm" : 111,
    "confidence" : 2
  }
},{
  "dateTime" : "09/09/20 10:35:06",
  "value" : {
    "bpm" : 109,
    "confidence" : 2
  }
},{
  "dateTime" : "09/09/20 10:35:16",
  "value" : {
    "bpm" : 108,
    "confidence" : 2
  }
},{
  "dateTime" : "09/09/20 10:35:21",
  "value" : {
    "bpm" : 109,
    "confidence" : 2
  }
},{
  "dateTime" : "09/09/20 10:35:26",
  "value" : {
    "bpm" : 108,
    "confidence" : 2
  }
},{
  "dateTime" : "09/09/20 10:35:31",
  "value" : {
    "bpm" : 109,
    "confidence" : 2
  }
},{
  "dateTime" : "09/09/20 10:35:46",
  "value" : {
    "bpm" : 108,
    "confidence" : 2
  }
},{
  "dateTime" : "09/09/20 10:35:51",
  "value" : {
    "bpm" : 107,
    "confidence" : 2
  }
},{
  "dateTime" : "09/09/20 10:35:56",
  "value" : {
    "bpm" : 108,
    "confidence" : 2
  }
},{
  "dateTime" : "09/09/20 10:36:01",
  "value" : {
    "bpm" : 109,
    "confidence" : 2
  }
},{
  "dateTime" : "09/09/20 10:36:11",
  "value" : {
    "bpm" : 108,
    "confidence" : 2
  }
},{
  "dateTime" : "09/09/20 10:36:16",
  "value" : {
    "bpm" : 107,
    "confidence" : 2
  }
},{
  "dateTime" : "09/09/20 10:36:26",
  "value" : {
    "bpm" : 107,
    "confidence" : 1
  }
},{
  "dateTime" : "09/09/20 10:36:31",
  "value" : {
    "bpm" : 103,
    "confidence" : 1
  }
},{
  "dateTime" : "09/09/20 10:36:36",
  "value" : {
    "bpm" : 102,
    "confidence" : 2
  }
},{
  "dateTime" : "09/09/20 10:36:41",
  "value" : {
    "bpm" : 98,
    "confidence" : 1
  }
},{
  "dateTime" : "09/09/20 10:36:46",
  "value" : {
    "bpm" : 94,
    "confidence" : 1
  }
},{
  "dateTime" : "09/09/20 10:36:51",
  "value" : {
    "bpm" : 93,
    "confidence" : 1
  }
},{
  "dateTime" : "09/09/20 10:37:01",
  "value" : {
    "bpm" : 90,
    "confidence" : 1
  }
},{
  "dateTime" : "09/09/20 10:37:06",
  "value" : {
    "bpm" : 88,
    "confidence" : 1
  }
},{
  "dateTime" : "09/09/20 10:37:11",
  "value" : {
    "bpm" : 89,
    "confidence" : 1
  }
},{
  "dateTime" : "09/09/20 10:37:21",
  "value" : {
    "bpm" : 88,
    "confidence" : 1
  }
},{
  "dateTime" : "09/09/20 10:37:26",
  "value" : {
    "bpm" : 86,
    "confidence" : 2
  }
},{
  "dateTime" : "09/09/20 10:37:31",
  "value" : {
    "bpm" : 85,
    "confidence" : 2
  }
},{
  "dateTime" : "09/09/20 10:37:46",
  "value" : {
    "bpm" : 92,
    "confidence" : 2
  }
},{
  "dateTime" : "09/09/20 10:37:51",
  "value" : {
    "bpm" : 98,
    "confidence" : 2
  }
},{
  "dateTime" : "09/09/20 10:37:56",
  "value" : {
    "bpm" : 97,
    "confidence" : 2
  }
},{
  "dateTime" : "09/09/20 10:38:01",
  "value" : {
    "bpm" : 97,
    "confidence" : 1
  }
},{
  "dateTime" : "09/09/20 10:38:06",
  "value" : {
    "bpm" : 99,
    "confidence" : 1
  }
},{
  "dateTime" : "09/09/20 10:38:11",
  "value" : {
    "bpm" : 101,
    "confidence" : 1
  }
},{
  "dateTime" : "09/09/20 10:38:16",
  "value" : {
    "bpm" : 106,
    "confidence" : 1
  }
},{
  "dateTime" : "09/09/20 10:38:26",
  "value" : {
    "bpm" : 105,
    "confidence" : 2
  }
},{
  "dateTime" : "09/09/20 10:38:31",
  "value" : {
    "bpm" : 104,
    "confidence" : 2
  }
},{
  "dateTime" : "09/09/20 10:38:41",
  "value" : {
    "bpm" : 101,
    "confidence" : 1
  }
},{
  "dateTime" : "09/09/20 10:38:46",
  "value" : {
    "bpm" : 98,
    "confidence" : 1
  }
},{
  "dateTime" : "09/09/20 10:38:51",
  "value" : {
    "bpm" : 97,
    "confidence" : 1
  }
},{
  "dateTime" : "09/09/20 10:38:56",
  "value" : {
    "bpm" : 96,
    "confidence" : 1
  }
},{
  "dateTime" : "09/09/20 10:39:01",
  "value" : {
    "bpm" : 99,
    "confidence" : 1
  }
},{
  "dateTime" : "09/09/20 10:39:06",
  "value" : {
    "bpm" : 106,
    "confidence" : 1
  }
},{
  "dateTime" : "09/09/20 10:39:11",
  "value" : {
    "bpm" : 109,
    "confidence" : 1
  }
},{
  "dateTime" : "09/09/20 10:39:16",
  "value" : {
    "bpm" : 110,
    "confidence" : 1
  }
},{
  "dateTime" : "09/09/20 10:39:31",
  "value" : {
    "bpm" : 109,
    "confidence" : 2
  }
},{
  "dateTime" : "09/09/20 10:39:36",
  "value" : {
    "bpm" : 108,
    "confidence" : 2
  }
},{
  "dateTime" : "09/09/20 10:39:51",
  "value" : {
    "bpm" : 107,
    "confidence" : 2
  }
},{
  "dateTime" : "09/09/20 10:40:06",
  "value" : {
    "bpm" : 108,
    "confidence" : 2
  }
},{
  "dateTime" : "09/09/20 10:40:11",
  "value" : {
    "bpm" : 106,
    "confidence" : 1
  }
},{
  "dateTime" : "09/09/20 10:40:21",
  "value" : {
    "bpm" : 108,
    "confidence" : 1
  }
},{
  "dateTime" : "09/09/20 10:40:26",
  "value" : {
    "bpm" : 112,
    "confidence" : 2
  }
},{
  "dateTime" : "09/09/20 10:40:31",
  "value" : {
    "bpm" : 113,
    "confidence" : 2
  }
},{
  "dateTime" : "09/09/20 10:40:36",
  "value" : {
    "bpm" : 113,
    "confidence" : 2
  }
},{
  "dateTime" : "09/09/20 10:40:46",
  "value" : {
    "bpm" : 111,
    "confidence" : 2
  }
},{
  "dateTime" : "09/09/20 10:40:51",
  "value" : {
    "bpm" : 109,
    "confidence" : 2
  }
},{
  "dateTime" : "09/09/20 10:41:01",
  "value" : {
    "bpm" : 110,
    "confidence" : 2
  }
},{
  "dateTime" : "09/09/20 10:41:06",
  "value" : {
    "bpm" : 112,
    "confidence" : 1
  }
},{
  "dateTime" : "09/09/20 10:41:11",
  "value" : {
    "bpm" : 110,
    "confidence" : 1
  }
},{
  "dateTime" : "09/09/20 10:41:16",
  "value" : {
    "bpm" : 109,
    "confidence" : 1
  }
},{
  "dateTime" : "09/09/20 10:41:21",
  "value" : {
    "bpm" : 108,
    "confidence" : 1
  }
},{
  "dateTime" : "09/09/20 10:41:26",
  "value" : {
    "bpm" : 109,
    "confidence" : 1
  }
},{
  "dateTime" : "09/09/20 10:41:36",
  "value" : {
    "bpm" : 106,
    "confidence" : 1
  }
},{
  "dateTime" : "09/09/20 10:41:41",
  "value" : {
    "bpm" : 103,
    "confidence" : 1
  }
},{
  "dateTime" : "09/09/20 10:41:51",
  "value" : {
    "bpm" : 102,
    "confidence" : 1
  }
},{
  "dateTime" : "09/09/20 10:42:01",
  "value" : {
    "bpm" : 103,
    "confidence" : 1
  }
},{
  "dateTime" : "09/09/20 10:42:06",
  "value" : {
    "bpm" : 104,
    "confidence" : 1
  }
},{
  "dateTime" : "09/09/20 10:42:11",
  "value" : {
    "bpm" : 105,
    "confidence" : 1
  }
},{
  "dateTime" : "09/09/20 10:42:16",
  "value" : {
    "bpm" : 105,
    "confidence" : 2
  }
},{
  "dateTime" : "09/09/20 10:42:21",
  "value" : {
    "bpm" : 107,
    "confidence" : 2
  }
},{
  "dateTime" : "09/09/20 10:42:26",
  "value" : {
    "bpm" : 108,
    "confidence" : 2
  }
},{
  "dateTime" : "09/09/20 10:42:36",
  "value" : {
    "bpm" : 107,
    "confidence" : 2
  }
},{
  "dateTime" : "09/09/20 10:42:41",
  "value" : {
    "bpm" : 109,
    "confidence" : 2
  }
},{
  "dateTime" : "09/09/20 10:42:46",
  "value" : {
    "bpm" : 110,
    "confidence" : 2
  }
},{
  "dateTime" : "09/09/20 10:42:51",
  "value" : {
    "bpm" : 106,
    "confidence" : 2
  }
},{
  "dateTime" : "09/09/20 10:43:01",
  "value" : {
    "bpm" : 105,
    "confidence" : 2
  }
},{
  "dateTime" : "09/09/20 10:43:06",
  "value" : {
    "bpm" : 102,
    "confidence" : 2
  }
},{
  "dateTime" : "09/09/20 10:43:11",
  "value" : {
    "bpm" : 98,
    "confidence" : 2
  }
},{
  "dateTime" : "09/09/20 10:43:16",
  "value" : {
    "bpm" : 95,
    "confidence" : 2
  }
},{
  "dateTime" : "09/09/20 10:43:21",
  "value" : {
    "bpm" : 98,
    "confidence" : 2
  }
},{
  "dateTime" : "09/09/20 10:43:26",
  "value" : {
    "bpm" : 98,
    "confidence" : 2
  }
},{
  "dateTime" : "09/09/20 10:43:31",
  "value" : {
    "bpm" : 96,
    "confidence" : 2
  }
},{
  "dateTime" : "09/09/20 10:43:46",
  "value" : {
    "bpm" : 96,
    "confidence" : 2
  }
},{
  "dateTime" : "09/09/20 10:44:01",
  "value" : {
    "bpm" : 96,
    "confidence" : 2
  }
},{
  "dateTime" : "09/09/20 10:44:11",
  "value" : {
    "bpm" : 97,
    "confidence" : 2
  }
},{
  "dateTime" : "09/09/20 10:44:16",
  "value" : {
    "bpm" : 98,
    "confidence" : 2
  }
},{
  "dateTime" : "09/09/20 10:44:21",
  "value" : {
    "bpm" : 99,
    "confidence" : 2
  }
},{
  "dateTime" : "09/09/20 10:44:26",
  "value" : {
    "bpm" : 100,
    "confidence" : 2
  }
},{
  "dateTime" : "09/09/20 10:44:31",
  "value" : {
    "bpm" : 101,
    "confidence" : 2
  }
},{
  "dateTime" : "09/09/20 10:44:36",
  "value" : {
    "bpm" : 103,
    "confidence" : 2
  }
},{
  "dateTime" : "09/09/20 10:44:51",
  "value" : {
    "bpm" : 103,
    "confidence" : 2
  }
},{
  "dateTime" : "09/09/20 10:44:56",
  "value" : {
    "bpm" : 101,
    "confidence" : 2
  }
},{
  "dateTime" : "09/09/20 10:45:01",
  "value" : {
    "bpm" : 100,
    "confidence" : 2
  }
},{
  "dateTime" : "09/09/20 10:45:06",
  "value" : {
    "bpm" : 98,
    "confidence" : 2
  }
},{
  "dateTime" : "09/09/20 10:45:11",
  "value" : {
    "bpm" : 97,
    "confidence" : 2
  }
},{
  "dateTime" : "09/09/20 10:45:16",
  "value" : {
    "bpm" : 94,
    "confidence" : 2
  }
},{
  "dateTime" : "09/09/20 10:45:21",
  "value" : {
    "bpm" : 98,
    "confidence" : 1
  }
},{
  "dateTime" : "09/09/20 10:45:26",
  "value" : {
    "bpm" : 97,
    "confidence" : 1
  }
},{
  "dateTime" : "09/09/20 10:45:31",
  "value" : {
    "bpm" : 99,
    "confidence" : 1
  }
},{
  "dateTime" : "09/09/20 10:45:36",
  "value" : {
    "bpm" : 101,
    "confidence" : 1
  }
},{
  "dateTime" : "09/09/20 10:45:51",
  "value" : {
    "bpm" : 102,
    "confidence" : 1
  }
},{
  "dateTime" : "09/09/20 10:45:56",
  "value" : {
    "bpm" : 98,
    "confidence" : 1
  }
},{
  "dateTime" : "09/09/20 10:46:01",
  "value" : {
    "bpm" : 97,
    "confidence" : 1
  }
},{
  "dateTime" : "09/09/20 10:46:16",
  "value" : {
    "bpm" : 97,
    "confidence" : 2
  }
},{
  "dateTime" : "09/09/20 10:46:21",
  "value" : {
    "bpm" : 94,
    "confidence" : 2
  }
},{
  "dateTime" : "09/09/20 10:46:26",
  "value" : {
    "bpm" : 93,
    "confidence" : 2
  }
},{
  "dateTime" : "09/09/20 10:46:31",
  "value" : {
    "bpm" : 92,
    "confidence" : 2
  }
},{
  "dateTime" : "09/09/20 10:46:36",
  "value" : {
    "bpm" : 91,
    "confidence" : 2
  }
},{
  "dateTime" : "09/09/20 10:46:41",
  "value" : {
    "bpm" : 90,
    "confidence" : 2
  }
},{
  "dateTime" : "09/09/20 10:46:51",
  "value" : {
    "bpm" : 93,
    "confidence" : 2
  }
},{
  "dateTime" : "09/09/20 10:47:01",
  "value" : {
    "bpm" : 91,
    "confidence" : 2
  }
},{
  "dateTime" : "09/09/20 10:47:06",
  "value" : {
    "bpm" : 88,
    "confidence" : 2
  }
},{
  "dateTime" : "09/09/20 10:47:11",
  "value" : {
    "bpm" : 89,
    "confidence" : 2
  }
},{
  "dateTime" : "09/09/20 10:47:16",
  "value" : {
    "bpm" : 92,
    "confidence" : 2
  }
},{
  "dateTime" : "09/09/20 10:47:21",
  "value" : {
    "bpm" : 91,
    "confidence" : 2
  }
},{
  "dateTime" : "09/09/20 10:47:26",
  "value" : {
    "bpm" : 93,
    "confidence" : 2
  }
},{
  "dateTime" : "09/09/20 10:47:31",
  "value" : {
    "bpm" : 95,
    "confidence" : 2
  }
},{
  "dateTime" : "09/09/20 10:47:36",
  "value" : {
    "bpm" : 93,
    "confidence" : 2
  }
},{
  "dateTime" : "09/09/20 10:47:51",
  "value" : {
    "bpm" : 92,
    "confidence" : 2
  }
},{
  "dateTime" : "09/09/20 10:48:01",
  "value" : {
    "bpm" : 93,
    "confidence" : 2
  }
},{
  "dateTime" : "09/09/20 10:48:06",
  "value" : {
    "bpm" : 92,
    "confidence" : 2
  }
},{
  "dateTime" : "09/09/20 10:48:11",
  "value" : {
    "bpm" : 88,
    "confidence" : 2
  }
},{
  "dateTime" : "09/09/20 10:48:16",
  "value" : {
    "bpm" : 85,
    "confidence" : 3
  }
},{
  "dateTime" : "09/09/20 10:48:21",
  "value" : {
    "bpm" : 90,
    "confidence" : 2
  }
},{
  "dateTime" : "09/09/20 10:48:26",
  "value" : {
    "bpm" : 86,
    "confidence" : 3
  }
},{
  "dateTime" : "09/09/20 10:48:31",
  "value" : {
    "bpm" : 85,
    "confidence" : 2
  }
},{
  "dateTime" : "09/09/20 10:48:36",
  "value" : {
    "bpm" : 86,
    "confidence" : 2
  }
},{
  "dateTime" : "09/09/20 10:48:51",
  "value" : {
    "bpm" : 87,
    "confidence" : 3
  }
},{
  "dateTime" : "09/09/20 10:48:56",
  "value" : {
    "bpm" : 86,
    "confidence" : 2
  }
},{
  "dateTime" : "09/09/20 10:49:01",
  "value" : {
    "bpm" : 87,
    "confidence" : 2
  }
},{
  "dateTime" : "09/09/20 10:49:11",
  "value" : {
    "bpm" : 87,
    "confidence" : 3
  }
},{
  "dateTime" : "09/09/20 10:49:16",
  "value" : {
    "bpm" : 87,
    "confidence" : 2
  }
},{
  "dateTime" : "09/09/20 10:49:21",
  "value" : {
    "bpm" : 86,
    "confidence" : 2
  }
},{
  "dateTime" : "09/09/20 10:49:36",
  "value" : {
    "bpm" : 86,
    "confidence" : 2
  }
},{
  "dateTime" : "09/09/20 10:49:41",
  "value" : {
    "bpm" : 86,
    "confidence" : 2
  }
},{
  "dateTime" : "09/09/20 10:49:46",
  "value" : {
    "bpm" : 88,
    "confidence" : 3
  }
},{
  "dateTime" : "09/09/20 10:49:51",
  "value" : {
    "bpm" : 88,
    "confidence" : 2
  }
},{
  "dateTime" : "09/09/20 10:49:56",
  "value" : {
    "bpm" : 87,
    "confidence" : 2
  }
},{
  "dateTime" : "09/09/20 10:50:06",
  "value" : {
    "bpm" : 83,
    "confidence" : 2
  }
},{
  "dateTime" : "09/09/20 10:50:21",
  "value" : {
    "bpm" : 83,
    "confidence" : 2
  }
},{
  "dateTime" : "09/09/20 10:50:26",
  "value" : {
    "bpm" : 83,
    "confidence" : 2
  }
},{
  "dateTime" : "09/09/20 10:50:41",
  "value" : {
    "bpm" : 83,
    "confidence" : 2
  }
},{
  "dateTime" : "09/09/20 10:50:56",
  "value" : {
    "bpm" : 83,
    "confidence" : 2
  }
},{
  "dateTime" : "09/09/20 10:51:01",
  "value" : {
    "bpm" : 85,
    "confidence" : 2
  }
},{
  "dateTime" : "09/09/20 11:48:01",
  "value" : {
    "bpm" : 70,
    "confidence" : 0
  }
},{
  "dateTime" : "09/09/20 11:48:16",
  "value" : {
    "bpm" : 70,
    "confidence" : 0
  }
},{
  "dateTime" : "09/09/20 11:48:21",
  "value" : {
    "bpm" : 82,
    "confidence" : 0
  }
},{
  "dateTime" : "09/09/20 11:48:26",
  "value" : {
    "bpm" : 87,
    "confidence" : 1
  }
},{
  "dateTime" : "09/09/20 11:48:31",
  "value" : {
    "bpm" : 86,
    "confidence" : 1
  }
},{
  "dateTime" : "09/09/20 11:48:36",
  "value" : {
    "bpm" : 89,
    "confidence" : 1
  }
},{
  "dateTime" : "09/09/20 11:48:41",
  "value" : {
    "bpm" : 89,
    "confidence" : 2
  }
},{
  "dateTime" : "09/09/20 11:48:46",
  "value" : {
    "bpm" : 87,
    "confidence" : 2
  }
},{
  "dateTime" : "09/09/20 11:48:51",
  "value" : {
    "bpm" : 86,
    "confidence" : 2
  }
},{
  "dateTime" : "09/09/20 11:49:06",
  "value" : {
    "bpm" : 87,
    "confidence" : 2
  }
},{
  "dateTime" : "09/09/20 11:49:11",
  "value" : {
    "bpm" : 89,
    "confidence" : 2
  }
},{
  "dateTime" : "09/09/20 11:49:21",
  "value" : {
    "bpm" : 90,
    "confidence" : 2
  }
},{
  "dateTime" : "09/09/20 11:49:26",
  "value" : {
    "bpm" : 91,
    "confidence" : 2
  }
},{
  "dateTime" : "09/09/20 11:49:36",
  "value" : {
    "bpm" : 92,
    "confidence" : 2
  }
},{
  "dateTime" : "09/09/20 11:49:46",
  "value" : {
    "bpm" : 93,
    "confidence" : 2
  }
},{
  "dateTime" : "09/09/20 11:49:51",
  "value" : {
    "bpm" : 94,
    "confidence" : 2
  }
},{
  "dateTime" : "09/09/20 11:50:06",
  "value" : {
    "bpm" : 96,
    "confidence" : 2
  }
},{
  "dateTime" : "09/09/20 11:50:11",
  "value" : {
    "bpm" : 97,
    "confidence" : 2
  }
},{
  "dateTime" : "09/09/20 11:50:16",
  "value" : {
    "bpm" : 96,
    "confidence" : 2
  }
},{
  "dateTime" : "09/09/20 11:50:21",
  "value" : {
    "bpm" : 94,
    "confidence" : 2
  }
},{
  "dateTime" : "09/09/20 11:50:26",
  "value" : {
    "bpm" : 92,
    "confidence" : 2
  }
},{
  "dateTime" : "09/09/20 11:50:31",
  "value" : {
    "bpm" : 91,
    "confidence" : 2
  }
},{
  "dateTime" : "09/09/20 11:50:36",
  "value" : {
    "bpm" : 90,
    "confidence" : 2
  }
},{
  "dateTime" : "09/09/20 11:50:46",
  "value" : {
    "bpm" : 90,
    "confidence" : 1
  }
},{
  "dateTime" : "09/09/20 11:51:01",
  "value" : {
    "bpm" : 89,
    "confidence" : 1
  }
},{
  "dateTime" : "09/09/20 11:51:06",
  "value" : {
    "bpm" : 88,
    "confidence" : 2
  }
},{
  "dateTime" : "09/09/20 11:51:11",
  "value" : {
    "bpm" : 89,
    "confidence" : 2
  }
},{
  "dateTime" : "09/09/20 11:51:26",
  "value" : {
    "bpm" : 89,
    "confidence" : 2
  }
},{
  "dateTime" : "09/09/20 11:51:31",
  "value" : {
    "bpm" : 90,
    "confidence" : 2
  }
},{
  "dateTime" : "09/09/20 11:51:36",
  "value" : {
    "bpm" : 91,
    "confidence" : 2
  }
},{
  "dateTime" : "09/09/20 11:51:51",
  "value" : {
    "bpm" : 92,
    "confidence" : 2
  }
},{
  "dateTime" : "09/09/20 11:52:06",
  "value" : {
    "bpm" : 95,
    "confidence" : 2
  }
},{
  "dateTime" : "09/09/20 11:52:16",
  "value" : {
    "bpm" : 94,
    "confidence" : 2
  }
},{
  "dateTime" : "09/09/20 11:52:26",
  "value" : {
    "bpm" : 95,
    "confidence" : 2
  }
},{
  "dateTime" : "09/09/20 11:52:41",
  "value" : {
    "bpm" : 95,
    "confidence" : 2
  }
},{
  "dateTime" : "09/09/20 11:52:46",
  "value" : {
    "bpm" : 96,
    "confidence" : 2
  }
},{
  "dateTime" : "09/09/20 11:52:51",
  "value" : {
    "bpm" : 98,
    "confidence" : 2
  }
},{
  "dateTime" : "09/09/20 11:52:56",
  "value" : {
    "bpm" : 101,
    "confidence" : 1
  }
},{
  "dateTime" : "09/09/20 11:53:01",
  "value" : {
    "bpm" : 98,
    "confidence" : 1
  }
},{
  "dateTime" : "09/09/20 11:53:06",
  "value" : {
    "bpm" : 94,
    "confidence" : 1
  }
},{
  "dateTime" : "09/09/20 11:53:11",
  "value" : {
    "bpm" : 96,
    "confidence" : 1
  }
},{
  "dateTime" : "09/09/20 11:53:16",
  "value" : {
    "bpm" : 96,
    "confidence" : 2
  }
},{
  "dateTime" : "09/09/20 11:53:31",
  "value" : {
    "bpm" : 95,
    "confidence" : 2
  }
},{
  "dateTime" : "09/09/20 11:53:46",
  "value" : {
    "bpm" : 94,
    "confidence" : 2
  }
},{
  "dateTime" : "09/09/20 11:53:51",
  "value" : {
    "bpm" : 93,
    "confidence" : 2
  }
},{
  "dateTime" : "09/09/20 11:54:06",
  "value" : {
    "bpm" : 94,
    "confidence" : 1
  }
},{
  "dateTime" : "09/09/20 11:54:11",
  "value" : {
    "bpm" : 97,
    "confidence" : 1
  }
},{
  "dateTime" : "09/09/20 11:54:16",
  "value" : {
    "bpm" : 96,
    "confidence" : 1
  }
},{
  "dateTime" : "09/09/20 11:54:21",
  "value" : {
    "bpm" : 95,
    "confidence" : 1
  }
},{
  "dateTime" : "09/09/20 11:54:26",
  "value" : {
    "bpm" : 94,
    "confidence" : 1
  }
},{
  "dateTime" : "09/09/20 11:54:31",
  "value" : {
    "bpm" : 93,
    "confidence" : 1
  }
},{
  "dateTime" : "09/09/20 11:54:36",
  "value" : {
    "bpm" : 94,
    "confidence" : 2
  }
},{
  "dateTime" : "09/09/20 11:54:46",
  "value" : {
    "bpm" : 95,
    "confidence" : 2
  }
},{
  "dateTime" : "09/09/20 11:54:51",
  "value" : {
    "bpm" : 93,
    "confidence" : 2
  }
},{
  "dateTime" : "09/09/20 11:54:56",
  "value" : {
    "bpm" : 92,
    "confidence" : 2
  }
},{
  "dateTime" : "09/09/20 11:55:01",
  "value" : {
    "bpm" : 93,
    "confidence" : 2
  }
},{
  "dateTime" : "09/09/20 11:55:06",
  "value" : {
    "bpm" : 95,
    "confidence" : 2
  }
},{
  "dateTime" : "09/09/20 11:55:11",
  "value" : {
    "bpm" : 97,
    "confidence" : 2
  }
},{
  "dateTime" : "09/09/20 11:55:16",
  "value" : {
    "bpm" : 100,
    "confidence" : 1
  }
},{
  "dateTime" : "09/09/20 11:55:21",
  "value" : {
    "bpm" : 102,
    "confidence" : 2
  }
},{
  "dateTime" : "09/09/20 11:55:26",
  "value" : {
    "bpm" : 104,
    "confidence" : 1
  }
},{
  "dateTime" : "09/09/20 11:55:31",
  "value" : {
    "bpm" : 104,
    "confidence" : 2
  }
},{
  "dateTime" : "09/09/20 11:55:36",
  "value" : {
    "bpm" : 109,
    "confidence" : 2
  }
},{
  "dateTime" : "09/09/20 11:55:41",
  "value" : {
    "bpm" : 114,
    "confidence" : 2
  }
},{
  "dateTime" : "09/09/20 11:55:56",
  "value" : {
    "bpm" : 114,
    "confidence" : 2
  }
},{
  "dateTime" : "09/09/20 11:56:01",
  "value" : {
    "bpm" : 112,
    "confidence" : 2
  }
},{
  "dateTime" : "09/09/20 11:56:06",
  "value" : {
    "bpm" : 113,
    "confidence" : 2
  }
},{
  "dateTime" : "09/09/20 11:56:11",
  "value" : {
    "bpm" : 114,
    "confidence" : 2
  }
},{
  "dateTime" : "09/09/20 11:56:16",
  "value" : {
    "bpm" : 111,
    "confidence" : 1
  }
},{
  "dateTime" : "09/09/20 11:56:26",
  "value" : {
    "bpm" : 115,
    "confidence" : 1
  }
},{
  "dateTime" : "09/09/20 11:56:31",
  "value" : {
    "bpm" : 119,
    "confidence" : 1
  }
},{
  "dateTime" : "09/09/20 11:56:36",
  "value" : {
    "bpm" : 116,
    "confidence" : 1
  }
},{
  "dateTime" : "09/09/20 11:56:41",
  "value" : {
    "bpm" : 113,
    "confidence" : 1
  }
},{
  "dateTime" : "09/09/20 11:56:46",
  "value" : {
    "bpm" : 115,
    "confidence" : 1
  }
},{
  "dateTime" : "09/09/20 11:56:51",
  "value" : {
    "bpm" : 110,
    "confidence" : 1
  }
},{
  "dateTime" : "09/09/20 11:56:56",
  "value" : {
    "bpm" : 106,
    "confidence" : 1
  }
},{
  "dateTime" : "09/09/20 11:57:06",
  "value" : {
    "bpm" : 105,
    "confidence" : 1
  }
},{
  "dateTime" : "09/09/20 11:57:11",
  "value" : {
    "bpm" : 106,
    "confidence" : 1
  }
},{
  "dateTime" : "09/09/20 11:57:16",
  "value" : {
    "bpm" : 109,
    "confidence" : 1
  }
},{
  "dateTime" : "09/09/20 11:57:22",
  "value" : {
    "bpm" : 110,
    "confidence" : 1
  }
},{
  "dateTime" : "09/09/20 11:57:27",
  "value" : {
    "bpm" : 107,
    "confidence" : 1
  }
},{
  "dateTime" : "09/09/20 11:57:32",
  "value" : {
    "bpm" : 108,
    "confidence" : 1
  }
},{
  "dateTime" : "09/09/20 11:57:47",
  "value" : {
    "bpm" : 110,
    "confidence" : 1
  }
},{
  "dateTime" : "09/09/20 11:57:52",
  "value" : {
    "bpm" : 113,
    "confidence" : 1
  }
},{
  "dateTime" : "09/09/20 11:57:57",
  "value" : {
    "bpm" : 112,
    "confidence" : 1
  }
},{
  "dateTime" : "09/09/20 11:58:02",
  "value" : {
    "bpm" : 111,
    "confidence" : 1
  }
},{
  "dateTime" : "09/09/20 11:58:07",
  "value" : {
    "bpm" : 112,
    "confidence" : 1
  }
},{
  "dateTime" : "09/09/20 11:58:12",
  "value" : {
    "bpm" : 113,
    "confidence" : 1
  }
},{
  "dateTime" : "09/09/20 11:58:17",
  "value" : {
    "bpm" : 112,
    "confidence" : 1
  }
},{
  "dateTime" : "09/09/20 11:58:22",
  "value" : {
    "bpm" : 113,
    "confidence" : 1
  }
},{
  "dateTime" : "09/09/20 11:58:27",
  "value" : {
    "bpm" : 115,
    "confidence" : 1
  }
},{
  "dateTime" : "09/09/20 11:58:32",
  "value" : {
    "bpm" : 116,
    "confidence" : 1
  }
},{
  "dateTime" : "09/09/20 11:58:47",
  "value" : {
    "bpm" : 116,
    "confidence" : 1
  }
},{
  "dateTime" : "09/09/20 11:58:52",
  "value" : {
    "bpm" : 115,
    "confidence" : 1
  }
},{
  "dateTime" : "09/09/20 11:59:02",
  "value" : {
    "bpm" : 112,
    "confidence" : 1
  }
},{
  "dateTime" : "09/09/20 11:59:07",
  "value" : {
    "bpm" : 110,
    "confidence" : 1
  }
},{
  "dateTime" : "09/09/20 11:59:12",
  "value" : {
    "bpm" : 109,
    "confidence" : 1
  }
},{
  "dateTime" : "09/09/20 11:59:17",
  "value" : {
    "bpm" : 108,
    "confidence" : 1
  }
},{
  "dateTime" : "09/09/20 11:59:22",
  "value" : {
    "bpm" : 107,
    "confidence" : 1
  }
},{
  "dateTime" : "09/09/20 11:59:27",
  "value" : {
    "bpm" : 105,
    "confidence" : 1
  }
},{
  "dateTime" : "09/09/20 11:59:37",
  "value" : {
    "bpm" : 106,
    "confidence" : 1
  }
},{
  "dateTime" : "09/09/20 11:59:42",
  "value" : {
    "bpm" : 107,
    "confidence" : 1
  }
},{
  "dateTime" : "09/09/20 11:59:47",
  "value" : {
    "bpm" : 108,
    "confidence" : 1
  }
},{
  "dateTime" : "09/09/20 11:59:52",
  "value" : {
    "bpm" : 109,
    "confidence" : 1
  }
},{
  "dateTime" : "09/09/20 11:59:57",
  "value" : {
    "bpm" : 112,
    "confidence" : 1
  }
},{
  "dateTime" : "09/09/20 12:00:07",
  "value" : {
    "bpm" : 113,
    "confidence" : 1
  }
},{
  "dateTime" : "09/09/20 12:00:12",
  "value" : {
    "bpm" : 112,
    "confidence" : 1
  }
},{
  "dateTime" : "09/09/20 12:00:17",
  "value" : {
    "bpm" : 109,
    "confidence" : 1
  }
},{
  "dateTime" : "09/09/20 12:00:22",
  "value" : {
    "bpm" : 107,
    "confidence" : 1
  }
},{
  "dateTime" : "09/09/20 12:00:27",
  "value" : {
    "bpm" : 109,
    "confidence" : 1
  }
},{
  "dateTime" : "09/09/20 12:00:32",
  "value" : {
    "bpm" : 110,
    "confidence" : 1
  }
},{
  "dateTime" : "09/09/20 12:00:42",
  "value" : {
    "bpm" : 108,
    "confidence" : 1
  }
},{
  "dateTime" : "09/09/20 12:00:47",
  "value" : {
    "bpm" : 107,
    "confidence" : 1
  }
},{
  "dateTime" : "09/09/20 12:01:02",
  "value" : {
    "bpm" : 106,
    "confidence" : 1
  }
},{
  "dateTime" : "09/09/20 12:01:07",
  "value" : {
    "bpm" : 106,
    "confidence" : 2
  }
},{
  "dateTime" : "09/09/20 12:01:12",
  "value" : {
    "bpm" : 105,
    "confidence" : 2
  }
},{
  "dateTime" : "09/09/20 12:01:17",
  "value" : {
    "bpm" : 104,
    "confidence" : 2
  }
},{
  "dateTime" : "09/09/20 12:01:27",
  "value" : {
    "bpm" : 107,
    "confidence" : 2
  }
},{
  "dateTime" : "09/09/20 12:01:32",
  "value" : {
    "bpm" : 108,
    "confidence" : 2
  }
},{
  "dateTime" : "09/09/20 12:01:42",
  "value" : {
    "bpm" : 107,
    "confidence" : 2
  }
},{
  "dateTime" : "09/09/20 12:01:47",
  "value" : {
    "bpm" : 106,
    "confidence" : 2
  }
},{
  "dateTime" : "09/09/20 12:01:57",
  "value" : {
    "bpm" : 107,
    "confidence" : 2
  }
},{
  "dateTime" : "09/09/20 12:02:02",
  "value" : {
    "bpm" : 104,
    "confidence" : 2
  }
},{
  "dateTime" : "09/09/20 12:02:17",
  "value" : {
    "bpm" : 103,
    "confidence" : 2
  }
},{
  "dateTime" : "09/09/20 12:02:22",
  "value" : {
    "bpm" : 102,
    "confidence" : 2
  }
},{
  "dateTime" : "09/09/20 12:02:27",
  "value" : {
    "bpm" : 103,
    "confidence" : 2
  }
},{
  "dateTime" : "09/09/20 12:02:32",
  "value" : {
    "bpm" : 102,
    "confidence" : 2
  }
},{
  "dateTime" : "09/09/20 12:02:47",
  "value" : {
    "bpm" : 102,
    "confidence" : 2
  }
},{
  "dateTime" : "09/09/20 12:02:52",
  "value" : {
    "bpm" : 102,
    "confidence" : 1
  }
},{
  "dateTime" : "09/09/20 12:02:57",
  "value" : {
    "bpm" : 103,
    "confidence" : 1
  }
},{
  "dateTime" : "09/09/20 12:03:07",
  "value" : {
    "bpm" : 102,
    "confidence" : 1
  }
},{
  "dateTime" : "09/09/20 12:03:12",
  "value" : {
    "bpm" : 101,
    "confidence" : 2
  }
},{
  "dateTime" : "09/09/20 12:03:27",
  "value" : {
    "bpm" : 101,
    "confidence" : 2
  }
},{
  "dateTime" : "09/09/20 12:03:32",
  "value" : {
    "bpm" : 99,
    "confidence" : 2
  }
},{
  "dateTime" : "09/09/20 12:03:37",
  "value" : {
    "bpm" : 100,
    "confidence" : 2
  }
},{
  "dateTime" : "09/09/20 12:03:42",
  "value" : {
    "bpm" : 98,
    "confidence" : 2
  }
},{
  "dateTime" : "09/09/20 12:03:47",
  "value" : {
    "bpm" : 96,
    "confidence" : 2
  }
},{
  "dateTime" : "09/09/20 12:03:52",
  "value" : {
    "bpm" : 95,
    "confidence" : 2
  }
},{
  "dateTime" : "09/09/20 12:04:02",
  "value" : {
    "bpm" : 97,
    "confidence" : 2
  }
},{
  "dateTime" : "09/09/20 12:04:12",
  "value" : {
    "bpm" : 98,
    "confidence" : 2
  }
},{
  "dateTime" : "09/09/20 12:04:22",
  "value" : {
    "bpm" : 100,
    "confidence" : 2
  }
},{
  "dateTime" : "09/09/20 12:04:27",
  "value" : {
    "bpm" : 102,
    "confidence" : 2
  }
},{
  "dateTime" : "09/09/20 12:04:37",
  "value" : {
    "bpm" : 100,
    "confidence" : 2
  }
},{
  "dateTime" : "09/09/20 12:04:42",
  "value" : {
    "bpm" : 97,
    "confidence" : 1
  }
},{
  "dateTime" : "09/09/20 12:04:52",
  "value" : {
    "bpm" : 96,
    "confidence" : 2
  }
},{
  "dateTime" : "09/09/20 12:04:57",
  "value" : {
    "bpm" : 97,
    "confidence" : 2
  }
},{
  "dateTime" : "09/09/20 12:05:02",
  "value" : {
    "bpm" : 96,
    "confidence" : 2
  }
},{
  "dateTime" : "09/09/20 12:05:12",
  "value" : {
    "bpm" : 97,
    "confidence" : 2
  }
},{
  "dateTime" : "09/09/20 12:05:22",
  "value" : {
    "bpm" : 96,
    "confidence" : 2
  }
},{
  "dateTime" : "09/09/20 12:05:27",
  "value" : {
    "bpm" : 99,
    "confidence" : 2
  }
},{
  "dateTime" : "09/09/20 12:05:32",
  "value" : {
    "bpm" : 102,
    "confidence" : 1
  }
},{
  "dateTime" : "09/09/20 12:05:37",
  "value" : {
    "bpm" : 100,
    "confidence" : 1
  }
},{
  "dateTime" : "09/09/20 12:05:42",
  "value" : {
    "bpm" : 99,
    "confidence" : 2
  }
},{
  "dateTime" : "09/09/20 12:05:52",
  "value" : {
    "bpm" : 100,
    "confidence" : 2
  }
},{
  "dateTime" : "09/09/20 12:05:57",
  "value" : {
    "bpm" : 102,
    "confidence" : 2
  }
},{
  "dateTime" : "09/09/20 12:06:07",
  "value" : {
    "bpm" : 100,
    "confidence" : 2
  }
},{
  "dateTime" : "09/09/20 12:06:12",
  "value" : {
    "bpm" : 97,
    "confidence" : 2
  }
},{
  "dateTime" : "09/09/20 12:06:17",
  "value" : {
    "bpm" : 96,
    "confidence" : 2
  }
},{
  "dateTime" : "09/09/20 12:06:22",
  "value" : {
    "bpm" : 92,
    "confidence" : 2
  }
},{
  "dateTime" : "09/09/20 12:06:27",
  "value" : {
    "bpm" : 89,
    "confidence" : 3
  }
},{
  "dateTime" : "09/09/20 12:06:34",
  "value" : {
    "bpm" : 90,
    "confidence" : 2
  }
},{
  "dateTime" : "09/09/20 12:06:39",
  "value" : {
    "bpm" : 91,
    "confidence" : 2
  }
},{
  "dateTime" : "09/09/20 12:06:44",
  "value" : {
    "bpm" : 90,
    "confidence" : 2
  }
},{
  "dateTime" : "09/09/20 12:06:49",
  "value" : {
    "bpm" : 91,
    "confidence" : 2
  }
},{
  "dateTime" : "09/09/20 12:07:04",
  "value" : {
    "bpm" : 91,
    "confidence" : 2
  }
},{
  "dateTime" : "09/09/20 12:07:09",
  "value" : {
    "bpm" : 90,
    "confidence" : 2
  }
},{
  "dateTime" : "09/09/20 12:07:14",
  "value" : {
    "bpm" : 89,
    "confidence" : 2
  }
},{
  "dateTime" : "09/09/20 12:07:19",
  "value" : {
    "bpm" : 88,
    "confidence" : 2
  }
},{
  "dateTime" : "09/09/20 12:07:24",
  "value" : {
    "bpm" : 87,
    "confidence" : 2
  }
},{
  "dateTime" : "09/09/20 12:07:29",
  "value" : {
    "bpm" : 86,
    "confidence" : 2
  }
},{
  "dateTime" : "09/09/20 12:07:39",
  "value" : {
    "bpm" : 87,
    "confidence" : 2
  }
},{
  "dateTime" : "09/09/20 12:07:54",
  "value" : {
    "bpm" : 87,
    "confidence" : 2
  }
},{
  "dateTime" : "09/09/20 12:07:59",
  "value" : {
    "bpm" : 86,
    "confidence" : 2
  }
},{
  "dateTime" : "09/09/20 12:08:04",
  "value" : {
    "bpm" : 85,
    "confidence" : 2
  }
},{
  "dateTime" : "09/09/20 12:08:09",
  "value" : {
    "bpm" : 86,
    "confidence" : 2
  }
},{
  "dateTime" : "09/09/20 12:08:24",
  "value" : {
    "bpm" : 86,
    "confidence" : 2
  }
},{
  "dateTime" : "09/09/20 12:08:34",
  "value" : {
    "bpm" : 87,
    "confidence" : 2
  }
},{
  "dateTime" : "09/09/20 12:08:39",
  "value" : {
    "bpm" : 89,
    "confidence" : 2
  }
},{
  "dateTime" : "09/09/20 12:08:44",
  "value" : {
    "bpm" : 90,
    "confidence" : 2
  }
},{
  "dateTime" : "09/09/20 12:08:49",
  "value" : {
    "bpm" : 89,
    "confidence" : 2
  }
},{
  "dateTime" : "09/09/20 12:09:04",
  "value" : {
    "bpm" : 90,
    "confidence" : 2
  }
},{
  "dateTime" : "09/09/20 12:09:19",
  "value" : {
    "bpm" : 91,
    "confidence" : 2
  }
},{
  "dateTime" : "09/09/20 12:09:24",
  "value" : {
    "bpm" : 93,
    "confidence" : 2
  }
},{
  "dateTime" : "09/09/20 12:09:29",
  "value" : {
    "bpm" : 95,
    "confidence" : 2
  }
},{
  "dateTime" : "09/09/20 12:09:34",
  "value" : {
    "bpm" : 97,
    "confidence" : 2
  }
},{
  "dateTime" : "09/09/20 12:09:39",
  "value" : {
    "bpm" : 96,
    "confidence" : 2
  }
},{
  "dateTime" : "09/09/20 12:09:44",
  "value" : {
    "bpm" : 94,
    "confidence" : 2
  }
},{
  "dateTime" : "09/09/20 12:09:49",
  "value" : {
    "bpm" : 94,
    "confidence" : 2
  }
},{
  "dateTime" : "09/09/20 12:09:54",
  "value" : {
    "bpm" : 93,
    "confidence" : 2
  }
},{
  "dateTime" : "09/09/20 12:10:04",
  "value" : {
    "bpm" : 96,
    "confidence" : 2
  }
},{
  "dateTime" : "09/09/20 12:10:09",
  "value" : {
    "bpm" : 97,
    "confidence" : 2
  }
},{
  "dateTime" : "09/09/20 12:10:14",
  "value" : {
    "bpm" : 96,
    "confidence" : 2
  }
},{
  "dateTime" : "09/09/20 12:10:19",
  "value" : {
    "bpm" : 95,
    "confidence" : 2
  }
},{
  "dateTime" : "09/09/20 12:10:24",
  "value" : {
    "bpm" : 93,
    "confidence" : 2
  }
},{
  "dateTime" : "09/09/20 12:10:29",
  "value" : {
    "bpm" : 90,
    "confidence" : 2
  }
},{
  "dateTime" : "09/09/20 12:10:44",
  "value" : {
    "bpm" : 90,
    "confidence" : 2
  }
},{
  "dateTime" : "09/09/20 12:10:59",
  "value" : {
    "bpm" : 91,
    "confidence" : 2
  }
},{
  "dateTime" : "09/09/20 12:11:09",
  "value" : {
    "bpm" : 90,
    "confidence" : 2
  }
},{
  "dateTime" : "09/09/20 12:11:24",
  "value" : {
    "bpm" : 90,
    "confidence" : 2
  }
},{
  "dateTime" : "09/09/20 12:11:39",
  "value" : {
    "bpm" : 90,
    "confidence" : 2
  }
},{
  "dateTime" : "09/09/20 12:11:54",
  "value" : {
    "bpm" : 90,
    "confidence" : 2
  }
},{
  "dateTime" : "09/09/20 12:11:59",
  "value" : {
    "bpm" : 89,
    "confidence" : 2
  }
},{
  "dateTime" : "09/09/20 12:12:04",
  "value" : {
    "bpm" : 88,
    "confidence" : 2
  }
},{
  "dateTime" : "09/09/20 12:12:09",
  "value" : {
    "bpm" : 89,
    "confidence" : 2
  }
},{
  "dateTime" : "09/09/20 12:12:14",
  "value" : {
    "bpm" : 90,
    "confidence" : 2
  }
},{
  "dateTime" : "09/09/20 12:12:19",
  "value" : {
    "bpm" : 91,
    "confidence" : 2
  }
},{
  "dateTime" : "09/09/20 12:12:34",
  "value" : {
    "bpm" : 91,
    "confidence" : 2
  }
},{
  "dateTime" : "09/09/20 12:12:44",
  "value" : {
    "bpm" : 91,
    "confidence" : 1
  }
},{
  "dateTime" : "09/09/20 12:12:59",
  "value" : {
    "bpm" : 91,
    "confidence" : 1
  }
},{
  "dateTime" : "09/09/20 12:13:14",
  "value" : {
    "bpm" : 91,
    "confidence" : 1
  }
},{
  "dateTime" : "09/09/20 12:13:19",
  "value" : {
    "bpm" : 90,
    "confidence" : 2
  }
},{
  "dateTime" : "09/09/20 12:13:24",
  "value" : {
    "bpm" : 89,
    "confidence" : 2
  }
},{
  "dateTime" : "09/09/20 12:13:39",
  "value" : {
    "bpm" : 89,
    "confidence" : 2
  }
},{
  "dateTime" : "09/09/20 12:13:40",
  "value" : {
    "bpm" : 88,
    "confidence" : 2
  }
},{
  "dateTime" : "09/09/20 12:13:50",
  "value" : {
    "bpm" : 87,
    "confidence" : 2
  }
},{
  "dateTime" : "09/09/20 12:14:00",
  "value" : {
    "bpm" : 87,
    "confidence" : 1
  }
},{
  "dateTime" : "09/09/20 12:14:10",
  "value" : {
    "bpm" : 86,
    "confidence" : 2
  }
},{
  "dateTime" : "09/09/20 12:14:15",
  "value" : {
    "bpm" : 87,
    "confidence" : 2
  }
},{
  "dateTime" : "09/09/20 12:14:30",
  "value" : {
    "bpm" : 88,
    "confidence" : 2
  }
},{
  "dateTime" : "09/09/20 12:14:40",
  "value" : {
    "bpm" : 90,
    "confidence" : 2
  }
},{
  "dateTime" : "09/09/20 12:14:45",
  "value" : {
    "bpm" : 92,
    "confidence" : 2
  }
},{
  "dateTime" : "09/09/20 12:15:00",
  "value" : {
    "bpm" : 94,
    "confidence" : 2
  }
},{
  "dateTime" : "09/09/20 12:15:10",
  "value" : {
    "bpm" : 93,
    "confidence" : 2
  }
},{
  "dateTime" : "09/09/20 12:15:25",
  "value" : {
    "bpm" : 94,
    "confidence" : 2
  }
},{
  "dateTime" : "09/09/20 12:15:30",
  "value" : {
    "bpm" : 95,
    "confidence" : 2
  }
},{
  "dateTime" : "09/09/20 12:15:35",
  "value" : {
    "bpm" : 96,
    "confidence" : 2
  }
},{
  "dateTime" : "09/09/20 12:15:40",
  "value" : {
    "bpm" : 95,
    "confidence" : 2
  }
},{
  "dateTime" : "09/09/20 12:15:45",
  "value" : {
    "bpm" : 94,
    "confidence" : 2
  }
},{
  "dateTime" : "09/09/20 12:15:50",
  "value" : {
    "bpm" : 95,
    "confidence" : 2
  }
},{
  "dateTime" : "09/09/20 12:15:55",
  "value" : {
    "bpm" : 97,
    "confidence" : 2
  }
},{
  "dateTime" : "09/09/20 12:16:00",
  "value" : {
    "bpm" : 99,
    "confidence" : 2
  }
},{
  "dateTime" : "09/09/20 12:16:05",
  "value" : {
    "bpm" : 100,
    "confidence" : 2
  }
},{
  "dateTime" : "09/09/20 12:16:10",
  "value" : {
    "bpm" : 101,
    "confidence" : 2
  }
},{
  "dateTime" : "09/09/20 12:16:15",
  "value" : {
    "bpm" : 100,
    "confidence" : 1
  }
},{
  "dateTime" : "09/09/20 12:16:25",
  "value" : {
    "bpm" : 99,
    "confidence" : 2
  }
},{
  "dateTime" : "09/09/20 12:16:30",
  "value" : {
    "bpm" : 99,
    "confidence" : 1
  }
},{
  "dateTime" : "09/09/20 12:16:40",
  "value" : {
    "bpm" : 98,
    "confidence" : 2
  }
},{
  "dateTime" : "09/09/20 12:16:45",
  "value" : {
    "bpm" : 99,
    "confidence" : 2
  }
},{
  "dateTime" : "09/09/20 12:16:50",
  "value" : {
    "bpm" : 101,
    "confidence" : 2
  }
},{
  "dateTime" : "09/09/20 12:16:55",
  "value" : {
    "bpm" : 104,
    "confidence" : 2
  }
},{
  "dateTime" : "09/09/20 12:17:00",
  "value" : {
    "bpm" : 101,
    "confidence" : 2
  }
},{
  "dateTime" : "09/09/20 12:17:10",
  "value" : {
    "bpm" : 102,
    "confidence" : 2
  }
},{
  "dateTime" : "09/09/20 12:17:15",
  "value" : {
    "bpm" : 99,
    "confidence" : 2
  }
},{
  "dateTime" : "09/09/20 12:17:20",
  "value" : {
    "bpm" : 96,
    "confidence" : 3
  }
},{
  "dateTime" : "09/09/20 12:17:25",
  "value" : {
    "bpm" : 95,
    "confidence" : 3
  }
},{
  "dateTime" : "09/09/20 12:17:35",
  "value" : {
    "bpm" : 96,
    "confidence" : 3
  }
},{
  "dateTime" : "09/09/20 12:17:40",
  "value" : {
    "bpm" : 95,
    "confidence" : 3
  }
},{
  "dateTime" : "09/09/20 12:17:45",
  "value" : {
    "bpm" : 93,
    "confidence" : 3
  }
},{
  "dateTime" : "09/09/20 12:17:50",
  "value" : {
    "bpm" : 92,
    "confidence" : 3
  }
},{
  "dateTime" : "09/09/20 12:17:55",
  "value" : {
    "bpm" : 91,
    "confidence" : 3
  }
},{
  "dateTime" : "09/09/20 12:18:00",
  "value" : {
    "bpm" : 89,
    "confidence" : 3
  }
},{
  "dateTime" : "09/09/20 12:18:15",
  "value" : {
    "bpm" : 88,
    "confidence" : 3
  }
},{
  "dateTime" : "09/09/20 12:18:20",
  "value" : {
    "bpm" : 87,
    "confidence" : 3
  }
},{
  "dateTime" : "09/09/20 12:18:25",
  "value" : {
    "bpm" : 90,
    "confidence" : 3
  }
},{
  "dateTime" : "09/09/20 12:18:30",
  "value" : {
    "bpm" : 91,
    "confidence" : 3
  }
},{
  "dateTime" : "09/09/20 12:18:35",
  "value" : {
    "bpm" : 89,
    "confidence" : 3
  }
},{
  "dateTime" : "09/09/20 12:18:40",
  "value" : {
    "bpm" : 87,
    "confidence" : 2
  }
},{
  "dateTime" : "09/09/20 12:18:45",
  "value" : {
    "bpm" : 88,
    "confidence" : 2
  }
},{
  "dateTime" : "09/09/20 12:18:50",
  "value" : {
    "bpm" : 90,
    "confidence" : 3
  }
},{
  "dateTime" : "09/09/20 12:18:55",
  "value" : {
    "bpm" : 87,
    "confidence" : 3
  }
},{
  "dateTime" : "09/09/20 12:19:00",
  "value" : {
    "bpm" : 86,
    "confidence" : 3
  }
},{
  "dateTime" : "09/09/20 12:19:10",
  "value" : {
    "bpm" : 88,
    "confidence" : 3
  }
},{
  "dateTime" : "09/09/20 12:19:15",
  "value" : {
    "bpm" : 87,
    "confidence" : 3
  }
},{
  "dateTime" : "09/09/20 12:19:25",
  "value" : {
    "bpm" : 88,
    "confidence" : 3
  }
},{
  "dateTime" : "09/09/20 12:19:35",
  "value" : {
    "bpm" : 90,
    "confidence" : 3
  }
},{
  "dateTime" : "09/09/20 12:19:40",
  "value" : {
    "bpm" : 91,
    "confidence" : 2
  }
},{
  "dateTime" : "09/09/20 12:19:45",
  "value" : {
    "bpm" : 92,
    "confidence" : 2
  }
},{
  "dateTime" : "09/09/20 12:19:50",
  "value" : {
    "bpm" : 92,
    "confidence" : 2
  }
},{
  "dateTime" : "09/09/20 12:20:05",
  "value" : {
    "bpm" : 89,
    "confidence" : 2
  }
},{
  "dateTime" : "09/09/20 12:20:10",
  "value" : {
    "bpm" : 85,
    "confidence" : 3
  }
},{
  "dateTime" : "09/09/20 12:20:25",
  "value" : {
    "bpm" : 85,
    "confidence" : 3
  }
},{
  "dateTime" : "09/09/20 12:20:30",
  "value" : {
    "bpm" : 85,
    "confidence" : 2
  }
},{
  "dateTime" : "09/09/20 12:20:45",
  "value" : {
    "bpm" : 86,
    "confidence" : 2
  }
},{
  "dateTime" : "09/09/20 12:20:50",
  "value" : {
    "bpm" : 87,
    "confidence" : 2
  }
},{
  "dateTime" : "09/09/20 12:20:55",
  "value" : {
    "bpm" : 88,
    "confidence" : 2
  }
},{
  "dateTime" : "09/09/20 12:21:10",
  "value" : {
    "bpm" : 89,
    "confidence" : 2
  }
},{
  "dateTime" : "09/09/20 12:21:15",
  "value" : {
    "bpm" : 91,
    "confidence" : 2
  }
},{
  "dateTime" : "09/09/20 12:21:25",
  "value" : {
    "bpm" : 92,
    "confidence" : 2
  }
},{
  "dateTime" : "09/09/20 12:21:30",
  "value" : {
    "bpm" : 87,
    "confidence" : 2
  }
},{
  "dateTime" : "09/09/20 12:21:35",
  "value" : {
    "bpm" : 85,
    "confidence" : 2
  }
},{
  "dateTime" : "09/09/20 12:21:40",
  "value" : {
    "bpm" : 83,
    "confidence" : 3
  }
},{
  "dateTime" : "09/09/20 12:21:50",
  "value" : {
    "bpm" : 83,
    "confidence" : 2
  }
},{
  "dateTime" : "09/09/20 12:22:00",
  "value" : {
    "bpm" : 80,
    "confidence" : 2
  }
},{
  "dateTime" : "09/09/20 12:22:05",
  "value" : {
    "bpm" : 78,
    "confidence" : 3
  }
},{
  "dateTime" : "09/09/20 12:22:10",
  "value" : {
    "bpm" : 81,
    "confidence" : 2
  }
},{
  "dateTime" : "09/09/20 12:22:15",
  "value" : {
    "bpm" : 85,
    "confidence" : 2
  }
},{
  "dateTime" : "09/09/20 12:22:25",
  "value" : {
    "bpm" : 84,
    "confidence" : 3
  }
},{
  "dateTime" : "09/09/20 12:22:30",
  "value" : {
    "bpm" : 83,
    "confidence" : 3
  }
},{
  "dateTime" : "09/09/20 12:22:35",
  "value" : {
    "bpm" : 82,
    "confidence" : 3
  }
},{
  "dateTime" : "09/09/20 12:22:50",
  "value" : {
    "bpm" : 82,
    "confidence" : 3
  }
},{
  "dateTime" : "09/09/20 12:23:05",
  "value" : {
    "bpm" : 82,
    "confidence" : 2
  }
},{
  "dateTime" : "09/09/20 12:23:10",
  "value" : {
    "bpm" : 81,
    "confidence" : 3
  }
},{
  "dateTime" : "09/09/20 12:23:15",
  "value" : {
    "bpm" : 79,
    "confidence" : 3
  }
},{
  "dateTime" : "09/09/20 12:23:25",
  "value" : {
    "bpm" : 78,
    "confidence" : 3
  }
},{
  "dateTime" : "09/09/20 12:23:30",
  "value" : {
    "bpm" : 77,
    "confidence" : 3
  }
},{
  "dateTime" : "09/09/20 12:23:35",
  "value" : {
    "bpm" : 76,
    "confidence" : 3
  }
},{
  "dateTime" : "09/09/20 12:23:40",
  "value" : {
    "bpm" : 78,
    "confidence" : 2
  }
},{
  "dateTime" : "09/09/20 12:23:45",
  "value" : {
    "bpm" : 79,
    "confidence" : 2
  }
},{
  "dateTime" : "09/09/20 12:23:55",
  "value" : {
    "bpm" : 81,
    "confidence" : 2
  }
},{
  "dateTime" : "09/09/20 12:24:10",
  "value" : {
    "bpm" : 83,
    "confidence" : 3
  }
},{
  "dateTime" : "09/09/20 12:24:15",
  "value" : {
    "bpm" : 82,
    "confidence" : 2
  }
},{
  "dateTime" : "09/09/20 12:24:30",
  "value" : {
    "bpm" : 81,
    "confidence" : 2
  }
},{
  "dateTime" : "09/09/20 12:24:35",
  "value" : {
    "bpm" : 80,
    "confidence" : 3
  }
},{
  "dateTime" : "09/09/20 12:24:40",
  "value" : {
    "bpm" : 81,
    "confidence" : 3
  }
},{
  "dateTime" : "09/09/20 12:24:45",
  "value" : {
    "bpm" : 83,
    "confidence" : 3
  }
},{
  "dateTime" : "09/09/20 12:24:50",
  "value" : {
    "bpm" : 83,
    "confidence" : 2
  }
},{
  "dateTime" : "09/09/20 12:25:05",
  "value" : {
    "bpm" : 82,
    "confidence" : 2
  }
},{
  "dateTime" : "09/09/20 12:25:10",
  "value" : {
    "bpm" : 80,
    "confidence" : 3
  }
},{
  "dateTime" : "09/09/20 12:25:20",
  "value" : {
    "bpm" : 81,
    "confidence" : 2
  }
},{
  "dateTime" : "09/09/20 12:25:30",
  "value" : {
    "bpm" : 82,
    "confidence" : 2
  }
},{
  "dateTime" : "09/09/20 12:25:45",
  "value" : {
    "bpm" : 84,
    "confidence" : 2
  }
},{
  "dateTime" : "09/09/20 12:26:00",
  "value" : {
    "bpm" : 84,
    "confidence" : 2
  }
},{
  "dateTime" : "09/09/20 12:26:05",
  "value" : {
    "bpm" : 84,
    "confidence" : 1
  }
},{
  "dateTime" : "09/09/20 12:26:10",
  "value" : {
    "bpm" : 88,
    "confidence" : 2
  }
},{
  "dateTime" : "09/09/20 12:26:15",
  "value" : {
    "bpm" : 90,
    "confidence" : 2
  }
},{
  "dateTime" : "09/09/20 12:26:20",
  "value" : {
    "bpm" : 88,
    "confidence" : 3
  }
},{
  "dateTime" : "09/09/20 12:26:25",
  "value" : {
    "bpm" : 87,
    "confidence" : 3
  }
},{
  "dateTime" : "09/09/20 12:26:30",
  "value" : {
    "bpm" : 86,
    "confidence" : 2
  }
},{
  "dateTime" : "09/09/20 12:26:35",
  "value" : {
    "bpm" : 87,
    "confidence" : 3
  }
},{
  "dateTime" : "09/09/20 12:26:40",
  "value" : {
    "bpm" : 88,
    "confidence" : 2
  }
},{
  "dateTime" : "09/09/20 12:26:55",
  "value" : {
    "bpm" : 88,
    "confidence" : 2
  }
},{
  "dateTime" : "09/09/20 12:27:00",
  "value" : {
    "bpm" : 87,
    "confidence" : 2
  }
},{
  "dateTime" : "09/09/20 12:27:05",
  "value" : {
    "bpm" : 86,
    "confidence" : 3
  }
},{
  "dateTime" : "09/09/20 12:27:10",
  "value" : {
    "bpm" : 85,
    "confidence" : 3
  }
},{
  "dateTime" : "09/09/20 12:27:20",
  "value" : {
    "bpm" : 86,
    "confidence" : 3
  }
},{
  "dateTime" : "09/09/20 12:27:25",
  "value" : {
    "bpm" : 85,
    "confidence" : 3
  }
},{
  "dateTime" : "09/09/20 12:27:30",
  "value" : {
    "bpm" : 84,
    "confidence" : 3
  }
},{
  "dateTime" : "09/09/20 12:27:40",
  "value" : {
    "bpm" : 85,
    "confidence" : 3
  }
},{
  "dateTime" : "09/09/20 12:27:50",
  "value" : {
    "bpm" : 85,
    "confidence" : 2
  }
},{
  "dateTime" : "09/09/20 12:28:05",
  "value" : {
    "bpm" : 85,
    "confidence" : 2
  }
},{
  "dateTime" : "09/09/20 12:28:10",
  "value" : {
    "bpm" : 84,
    "confidence" : 2
  }
},{
  "dateTime" : "09/09/20 12:28:20",
  "value" : {
    "bpm" : 87,
    "confidence" : 3
  }
},{
  "dateTime" : "09/09/20 12:28:25",
  "value" : {
    "bpm" : 88,
    "confidence" : 2
  }
},{
  "dateTime" : "09/09/20 12:28:30",
  "value" : {
    "bpm" : 86,
    "confidence" : 3
  }
},{
  "dateTime" : "09/09/20 12:28:35",
  "value" : {
    "bpm" : 86,
    "confidence" : 2
  }
},{
  "dateTime" : "09/09/20 12:28:50",
  "value" : {
    "bpm" : 86,
    "confidence" : 2
  }
},{
  "dateTime" : "09/09/20 12:28:55",
  "value" : {
    "bpm" : 88,
    "confidence" : 2
  }
},{
  "dateTime" : "09/09/20 12:29:00",
  "value" : {
    "bpm" : 92,
    "confidence" : 3
  }
},{
  "dateTime" : "09/09/20 12:29:05",
  "value" : {
    "bpm" : 88,
    "confidence" : 3
  }
},{
  "dateTime" : "09/09/20 12:29:10",
  "value" : {
    "bpm" : 83,
    "confidence" : 3
  }
},{
  "dateTime" : "09/09/20 12:29:15",
  "value" : {
    "bpm" : 81,
    "confidence" : 3
  }
},{
  "dateTime" : "09/09/20 12:29:25",
  "value" : {
    "bpm" : 80,
    "confidence" : 3
  }
},{
  "dateTime" : "09/09/20 12:29:30",
  "value" : {
    "bpm" : 81,
    "confidence" : 3
  }
},{
  "dateTime" : "09/09/20 12:29:35",
  "value" : {
    "bpm" : 80,
    "confidence" : 3
  }
},{
  "dateTime" : "09/09/20 12:29:45",
  "value" : {
    "bpm" : 81,
    "confidence" : 3
  }
},{
  "dateTime" : "09/09/20 12:29:50",
  "value" : {
    "bpm" : 80,
    "confidence" : 3
  }
},{
  "dateTime" : "09/09/20 12:29:55",
  "value" : {
    "bpm" : 79,
    "confidence" : 3
  }
},{
  "dateTime" : "09/09/20 12:30:01",
  "value" : {
    "bpm" : 79,
    "confidence" : 3
  }
},{
  "dateTime" : "09/09/20 12:30:06",
  "value" : {
    "bpm" : 81,
    "confidence" : 3
  }
},{
  "dateTime" : "09/09/20 12:30:11",
  "value" : {
    "bpm" : 80,
    "confidence" : 2
  }
},{
  "dateTime" : "09/09/20 12:30:16",
  "value" : {
    "bpm" : 79,
    "confidence" : 2
  }
},{
  "dateTime" : "09/09/20 12:30:21",
  "value" : {
    "bpm" : 74,
    "confidence" : 3
  }
},{
  "dateTime" : "09/09/20 12:30:31",
  "value" : {
    "bpm" : 79,
    "confidence" : 3
  }
},{
  "dateTime" : "09/09/20 12:30:36",
  "value" : {
    "bpm" : 82,
    "confidence" : 3
  }
},{
  "dateTime" : "09/09/20 12:30:41",
  "value" : {
    "bpm" : 81,
    "confidence" : 3
  }
},{
  "dateTime" : "09/09/20 12:30:46",
  "value" : {
    "bpm" : 82,
    "confidence" : 3
  }
},{
  "dateTime" : "09/09/20 12:30:51",
  "value" : {
    "bpm" : 81,
    "confidence" : 3
  }
},{
  "dateTime" : "09/09/20 12:30:56",
  "value" : {
    "bpm" : 79,
    "confidence" : 3
  }
},{
  "dateTime" : "09/09/20 12:31:01",
  "value" : {
    "bpm" : 80,
    "confidence" : 3
  }
},{
  "dateTime" : "09/09/20 12:31:06",
  "value" : {
    "bpm" : 82,
    "confidence" : 3
  }
},{
  "dateTime" : "09/09/20 12:31:11",
  "value" : {
    "bpm" : 80,
    "confidence" : 3
  }
},{
  "dateTime" : "09/09/20 12:31:16",
  "value" : {
    "bpm" : 78,
    "confidence" : 3
  }
},{
  "dateTime" : "09/09/20 12:31:21",
  "value" : {
    "bpm" : 77,
    "confidence" : 3
  }
},{
  "dateTime" : "09/09/20 12:31:26",
  "value" : {
    "bpm" : 76,
    "confidence" : 3
  }
},{
  "dateTime" : "09/09/20 12:31:41",
  "value" : {
    "bpm" : 76,
    "confidence" : 3
  }
},{
  "dateTime" : "09/09/20 12:31:56",
  "value" : {
    "bpm" : 76,
    "confidence" : 3
  }
},{
  "dateTime" : "09/09/20 12:32:11",
  "value" : {
    "bpm" : 77,
    "confidence" : 3
  }
},{
  "dateTime" : "09/09/20 12:32:26",
  "value" : {
    "bpm" : 78,
    "confidence" : 3
  }
},{
  "dateTime" : "09/09/20 12:32:31",
  "value" : {
    "bpm" : 79,
    "confidence" : 3
  }
},{
  "dateTime" : "09/09/20 12:32:46",
  "value" : {
    "bpm" : 79,
    "confidence" : 3
  }
},{
  "dateTime" : "09/09/20 12:32:51",
  "value" : {
    "bpm" : 80,
    "confidence" : 3
  }
},{
  "dateTime" : "09/09/20 12:32:56",
  "value" : {
    "bpm" : 82,
    "confidence" : 3
  }
},{
  "dateTime" : "09/09/20 12:33:01",
  "value" : {
    "bpm" : 81,
    "confidence" : 3
  }
},{
  "dateTime" : "09/09/20 12:33:11",
  "value" : {
    "bpm" : 80,
    "confidence" : 3
  }
},{
  "dateTime" : "09/09/20 12:33:16",
  "value" : {
    "bpm" : 79,
    "confidence" : 3
  }
},{
  "dateTime" : "09/09/20 12:33:21",
  "value" : {
    "bpm" : 77,
    "confidence" : 3
  }
},{
  "dateTime" : "09/09/20 12:33:26",
  "value" : {
    "bpm" : 76,
    "confidence" : 3
  }
},{
  "dateTime" : "09/09/20 12:33:36",
  "value" : {
    "bpm" : 77,
    "confidence" : 3
  }
},{
  "dateTime" : "09/09/20 12:33:41",
  "value" : {
    "bpm" : 81,
    "confidence" : 3
  }
},{
  "dateTime" : "09/09/20 12:33:46",
  "value" : {
    "bpm" : 80,
    "confidence" : 3
  }
},{
  "dateTime" : "09/09/20 12:33:51",
  "value" : {
    "bpm" : 78,
    "confidence" : 3
  }
},{
  "dateTime" : "09/09/20 12:34:06",
  "value" : {
    "bpm" : 79,
    "confidence" : 3
  }
},{
  "dateTime" : "09/09/20 12:34:11",
  "value" : {
    "bpm" : 78,
    "confidence" : 3
  }
},{
  "dateTime" : "09/09/20 12:34:16",
  "value" : {
    "bpm" : 77,
    "confidence" : 3
  }
},{
  "dateTime" : "09/09/20 12:34:26",
  "value" : {
    "bpm" : 76,
    "confidence" : 3
  }
},{
  "dateTime" : "09/09/20 12:34:31",
  "value" : {
    "bpm" : 75,
    "confidence" : 3
  }
},{
  "dateTime" : "09/09/20 12:34:36",
  "value" : {
    "bpm" : 74,
    "confidence" : 3
  }
},{
  "dateTime" : "09/09/20 12:34:41",
  "value" : {
    "bpm" : 73,
    "confidence" : 3
  }
},{
  "dateTime" : "09/09/20 12:34:56",
  "value" : {
    "bpm" : 74,
    "confidence" : 3
  }
},{
  "dateTime" : "09/09/20 12:35:01",
  "value" : {
    "bpm" : 75,
    "confidence" : 3
  }
},{
  "dateTime" : "09/09/20 12:35:06",
  "value" : {
    "bpm" : 74,
    "confidence" : 3
  }
},{
  "dateTime" : "09/09/20 12:35:16",
  "value" : {
    "bpm" : 73,
    "confidence" : 3
  }
},{
  "dateTime" : "09/09/20 12:35:31",
  "value" : {
    "bpm" : 74,
    "confidence" : 3
  }
},{
  "dateTime" : "09/09/20 12:35:36",
  "value" : {
    "bpm" : 76,
    "confidence" : 3
  }
},{
  "dateTime" : "09/09/20 12:35:41",
  "value" : {
    "bpm" : 77,
    "confidence" : 3
  }
},{
  "dateTime" : "09/09/20 12:35:46",
  "value" : {
    "bpm" : 78,
    "confidence" : 3
  }
},{
  "dateTime" : "09/09/20 12:36:01",
  "value" : {
    "bpm" : 79,
    "confidence" : 3
  }
},{
  "dateTime" : "09/09/20 12:36:06",
  "value" : {
    "bpm" : 78,
    "confidence" : 3
  }
},{
  "dateTime" : "09/09/20 12:36:11",
  "value" : {
    "bpm" : 77,
    "confidence" : 3
  }
},{
  "dateTime" : "09/09/20 12:36:16",
  "value" : {
    "bpm" : 76,
    "confidence" : 3
  }
},{
  "dateTime" : "09/09/20 12:36:31",
  "value" : {
    "bpm" : 79,
    "confidence" : 3
  }
},{
  "dateTime" : "09/09/20 12:36:36",
  "value" : {
    "bpm" : 81,
    "confidence" : 3
  }
},{
  "dateTime" : "09/09/20 12:36:41",
  "value" : {
    "bpm" : 79,
    "confidence" : 3
  }
},{
  "dateTime" : "09/09/20 12:36:46",
  "value" : {
    "bpm" : 75,
    "confidence" : 3
  }
},{
  "dateTime" : "09/09/20 12:36:51",
  "value" : {
    "bpm" : 73,
    "confidence" : 3
  }
},{
  "dateTime" : "09/09/20 12:37:01",
  "value" : {
    "bpm" : 75,
    "confidence" : 3
  }
},{
  "dateTime" : "09/09/20 12:37:06",
  "value" : {
    "bpm" : 76,
    "confidence" : 3
  }
},{
  "dateTime" : "09/09/20 12:37:21",
  "value" : {
    "bpm" : 77,
    "confidence" : 3
  }
},{
  "dateTime" : "09/09/20 12:37:26",
  "value" : {
    "bpm" : 79,
    "confidence" : 2
  }
},{
  "dateTime" : "09/09/20 12:37:31",
  "value" : {
    "bpm" : 80,
    "confidence" : 2
  }
},{
  "dateTime" : "09/09/20 12:37:41",
  "value" : {
    "bpm" : 79,
    "confidence" : 2
  }
},{
  "dateTime" : "09/09/20 12:37:46",
  "value" : {
    "bpm" : 78,
    "confidence" : 2
  }
},{
  "dateTime" : "09/09/20 12:37:51",
  "value" : {
    "bpm" : 79,
    "confidence" : 2
  }
},{
  "dateTime" : "09/09/20 12:38:01",
  "value" : {
    "bpm" : 75,
    "confidence" : 3
  }
},{
  "dateTime" : "09/09/20 12:38:06",
  "value" : {
    "bpm" : 74,
    "confidence" : 3
  }
},{
  "dateTime" : "09/09/20 12:38:16",
  "value" : {
    "bpm" : 75,
    "confidence" : 3
  }
},{
  "dateTime" : "09/09/20 12:38:21",
  "value" : {
    "bpm" : 76,
    "confidence" : 3
  }
},{
  "dateTime" : "09/09/20 12:38:26",
  "value" : {
    "bpm" : 75,
    "confidence" : 3
  }
},{
  "dateTime" : "09/09/20 12:38:41",
  "value" : {
    "bpm" : 73,
    "confidence" : 3
  }
},{
  "dateTime" : "09/09/20 12:38:46",
  "value" : {
    "bpm" : 72,
    "confidence" : 3
  }
},{
  "dateTime" : "09/09/20 12:38:51",
  "value" : {
    "bpm" : 71,
    "confidence" : 3
  }
},{
  "dateTime" : "09/09/20 12:39:01",
  "value" : {
    "bpm" : 71,
    "confidence" : 2
  }
},{
  "dateTime" : "09/09/20 12:39:06",
  "value" : {
    "bpm" : 72,
    "confidence" : 2
  }
},{
  "dateTime" : "09/09/20 12:39:11",
  "value" : {
    "bpm" : 74,
    "confidence" : 2
  }
},{
  "dateTime" : "09/09/20 12:39:16",
  "value" : {
    "bpm" : 74,
    "confidence" : 3
  }
},{
  "dateTime" : "09/09/20 12:39:21",
  "value" : {
    "bpm" : 75,
    "confidence" : 2
  }
},{
  "dateTime" : "09/09/20 12:39:26",
  "value" : {
    "bpm" : 76,
    "confidence" : 3
  }
},{
  "dateTime" : "09/09/20 12:39:41",
  "value" : {
    "bpm" : 77,
    "confidence" : 3
  }
},{
  "dateTime" : "09/09/20 12:39:46",
  "value" : {
    "bpm" : 76,
    "confidence" : 3
  }
},{
  "dateTime" : "09/09/20 12:39:51",
  "value" : {
    "bpm" : 75,
    "confidence" : 3
  }
},{
  "dateTime" : "09/09/20 12:40:01",
  "value" : {
    "bpm" : 76,
    "confidence" : 3
  }
},{
  "dateTime" : "09/09/20 12:40:06",
  "value" : {
    "bpm" : 75,
    "confidence" : 3
  }
},{
  "dateTime" : "09/09/20 12:40:11",
  "value" : {
    "bpm" : 74,
    "confidence" : 3
  }
},{
  "dateTime" : "09/09/20 12:40:26",
  "value" : {
    "bpm" : 74,
    "confidence" : 2
  }
},{
  "dateTime" : "09/09/20 12:40:41",
  "value" : {
    "bpm" : 74,
    "confidence" : 2
  }
},{
  "dateTime" : "09/09/20 12:40:46",
  "value" : {
    "bpm" : 80,
    "confidence" : 3
  }
},{
  "dateTime" : "09/09/20 12:40:51",
  "value" : {
    "bpm" : 82,
    "confidence" : 2
  }
},{
  "dateTime" : "09/09/20 12:40:56",
  "value" : {
    "bpm" : 83,
    "confidence" : 2
  }
},{
  "dateTime" : "09/09/20 12:41:06",
  "value" : {
    "bpm" : 85,
    "confidence" : 2
  }
},{
  "dateTime" : "09/09/20 12:41:11",
  "value" : {
    "bpm" : 87,
    "confidence" : 2
  }
},{
  "dateTime" : "09/09/20 12:41:16",
  "value" : {
    "bpm" : 86,
    "confidence" : 2
  }
},{
  "dateTime" : "09/09/20 12:41:21",
  "value" : {
    "bpm" : 83,
    "confidence" : 3
  }
},{
  "dateTime" : "09/09/20 12:41:26",
  "value" : {
    "bpm" : 83,
    "confidence" : 2
  }
},{
  "dateTime" : "09/09/20 12:41:41",
  "value" : {
    "bpm" : 83,
    "confidence" : 2
  }
},{
  "dateTime" : "09/09/20 12:41:56",
  "value" : {
    "bpm" : 84,
    "confidence" : 2
  }
},{
  "dateTime" : "09/09/20 12:42:01",
  "value" : {
    "bpm" : 85,
    "confidence" : 2
  }
},{
  "dateTime" : "09/09/20 12:42:06",
  "value" : {
    "bpm" : 86,
    "confidence" : 2
  }
},{
  "dateTime" : "09/09/20 12:42:21",
  "value" : {
    "bpm" : 85,
    "confidence" : 2
  }
},{
  "dateTime" : "09/09/20 12:42:36",
  "value" : {
    "bpm" : 85,
    "confidence" : 2
  }
},{
  "dateTime" : "09/09/20 12:42:46",
  "value" : {
    "bpm" : 86,
    "confidence" : 2
  }
},{
  "dateTime" : "09/09/20 12:42:51",
  "value" : {
    "bpm" : 86,
    "confidence" : 1
  }
},{
  "dateTime" : "09/09/20 12:43:01",
  "value" : {
    "bpm" : 87,
    "confidence" : 1
  }
},{
  "dateTime" : "09/09/20 12:43:06",
  "value" : {
    "bpm" : 88,
    "confidence" : 1
  }
},{
  "dateTime" : "09/09/20 12:43:11",
  "value" : {
    "bpm" : 90,
    "confidence" : 1
  }
},{
  "dateTime" : "09/09/20 12:43:21",
  "value" : {
    "bpm" : 89,
    "confidence" : 1
  }
},{
  "dateTime" : "09/09/20 12:43:26",
  "value" : {
    "bpm" : 86,
    "confidence" : 2
  }
},{
  "dateTime" : "09/09/20 12:43:31",
  "value" : {
    "bpm" : 82,
    "confidence" : 2
  }
},{
  "dateTime" : "09/09/20 12:43:46",
  "value" : {
    "bpm" : 82,
    "confidence" : 2
  }
},{
  "dateTime" : "09/09/20 12:43:51",
  "value" : {
    "bpm" : 80,
    "confidence" : 3
  }
},{
  "dateTime" : "09/09/20 12:43:56",
  "value" : {
    "bpm" : 80,
    "confidence" : 2
  }
},{
  "dateTime" : "09/09/20 12:44:01",
  "value" : {
    "bpm" : 81,
    "confidence" : 2
  }
},{
  "dateTime" : "09/09/20 12:44:11",
  "value" : {
    "bpm" : 79,
    "confidence" : 3
  }
},{
  "dateTime" : "09/09/20 12:44:16",
  "value" : {
    "bpm" : 76,
    "confidence" : 3
  }
},{
  "dateTime" : "09/09/20 12:44:26",
  "value" : {
    "bpm" : 76,
    "confidence" : 2
  }
},{
  "dateTime" : "09/09/20 12:44:36",
  "value" : {
    "bpm" : 78,
    "confidence" : 2
  }
},{
  "dateTime" : "09/09/20 12:44:41",
  "value" : {
    "bpm" : 78,
    "confidence" : 3
  }
},{
  "dateTime" : "09/09/20 12:44:46",
  "value" : {
    "bpm" : 79,
    "confidence" : 2
  }
},{
  "dateTime" : "09/09/20 12:44:51",
  "value" : {
    "bpm" : 80,
    "confidence" : 2
  }
},{
  "dateTime" : "09/09/20 12:44:56",
  "value" : {
    "bpm" : 79,
    "confidence" : 2
  }
},{
  "dateTime" : "09/09/20 12:45:01",
  "value" : {
    "bpm" : 78,
    "confidence" : 2
  }
},{
  "dateTime" : "09/09/20 12:45:06",
  "value" : {
    "bpm" : 77,
    "confidence" : 3
  }
},{
  "dateTime" : "09/09/20 12:45:11",
  "value" : {
    "bpm" : 75,
    "confidence" : 3
  }
},{
  "dateTime" : "09/09/20 12:45:21",
  "value" : {
    "bpm" : 76,
    "confidence" : 3
  }
},{
  "dateTime" : "09/09/20 12:45:31",
  "value" : {
    "bpm" : 78,
    "confidence" : 3
  }
},{
  "dateTime" : "09/09/20 12:45:36",
  "value" : {
    "bpm" : 76,
    "confidence" : 3
  }
},{
  "dateTime" : "09/09/20 12:45:41",
  "value" : {
    "bpm" : 76,
    "confidence" : 2
  }
},{
  "dateTime" : "09/09/20 12:45:46",
  "value" : {
    "bpm" : 77,
    "confidence" : 2
  }
},{
  "dateTime" : "09/09/20 12:45:51",
  "value" : {
    "bpm" : 76,
    "confidence" : 2
  }
},{
  "dateTime" : "09/09/20 12:46:01",
  "value" : {
    "bpm" : 76,
    "confidence" : 3
  }
},{
  "dateTime" : "09/09/20 12:46:06",
  "value" : {
    "bpm" : 76,
    "confidence" : 2
  }
},{
  "dateTime" : "09/09/20 12:46:16",
  "value" : {
    "bpm" : 76,
    "confidence" : 3
  }
},{
  "dateTime" : "09/09/20 12:46:21",
  "value" : {
    "bpm" : 75,
    "confidence" : 2
  }
},{
  "dateTime" : "09/09/20 12:46:27",
  "value" : {
    "bpm" : 75,
    "confidence" : 2
  }
},{
  "dateTime" : "09/09/20 12:46:37",
  "value" : {
    "bpm" : 74,
    "confidence" : 2
  }
},{
  "dateTime" : "09/09/20 12:51:27",
  "value" : {
    "bpm" : 78,
    "confidence" : 1
  }
},{
  "dateTime" : "09/09/20 12:51:37",
  "value" : {
    "bpm" : 81,
    "confidence" : 1
  }
},{
  "dateTime" : "09/09/20 12:51:42",
  "value" : {
    "bpm" : 80,
    "confidence" : 1
  }
},{
  "dateTime" : "09/09/20 12:51:47",
  "value" : {
    "bpm" : 76,
    "confidence" : 1
  }
},{
  "dateTime" : "09/09/20 12:51:52",
  "value" : {
    "bpm" : 75,
    "confidence" : 1
  }
},{
  "dateTime" : "09/09/20 12:51:57",
  "value" : {
    "bpm" : 76,
    "confidence" : 1
  }
},{
  "dateTime" : "09/09/20 12:52:02",
  "value" : {
    "bpm" : 77,
    "confidence" : 1
  }
},{
  "dateTime" : "09/09/20 12:52:07",
  "value" : {
    "bpm" : 81,
    "confidence" : 1
  }
},{
  "dateTime" : "09/09/20 12:52:12",
  "value" : {
    "bpm" : 87,
    "confidence" : 1
  }
},{
  "dateTime" : "09/09/20 12:52:17",
  "value" : {
    "bpm" : 92,
    "confidence" : 1
  }
},{
  "dateTime" : "09/09/20 12:52:22",
  "value" : {
    "bpm" : 95,
    "confidence" : 1
  }
},{
  "dateTime" : "09/09/20 12:52:27",
  "value" : {
    "bpm" : 97,
    "confidence" : 1
  }
},{
  "dateTime" : "09/09/20 12:52:32",
  "value" : {
    "bpm" : 98,
    "confidence" : 1
  }
},{
  "dateTime" : "09/09/20 12:52:37",
  "value" : {
    "bpm" : 100,
    "confidence" : 1
  }
},{
  "dateTime" : "09/09/20 12:52:42",
  "value" : {
    "bpm" : 101,
    "confidence" : 1
  }
},{
  "dateTime" : "09/09/20 12:52:47",
  "value" : {
    "bpm" : 104,
    "confidence" : 1
  }
},{
  "dateTime" : "09/09/20 12:52:52",
  "value" : {
    "bpm" : 103,
    "confidence" : 1
  }
},{
  "dateTime" : "09/09/20 12:52:57",
  "value" : {
    "bpm" : 100,
    "confidence" : 1
  }
},{
  "dateTime" : "09/09/20 12:53:02",
  "value" : {
    "bpm" : 98,
    "confidence" : 0
  }
},{
  "dateTime" : "09/09/20 12:53:07",
  "value" : {
    "bpm" : 97,
    "confidence" : 0
  }
},{
  "dateTime" : "09/09/20 12:53:12",
  "value" : {
    "bpm" : 98,
    "confidence" : 1
  }
},{
  "dateTime" : "09/09/20 12:53:22",
  "value" : {
    "bpm" : 98,
    "confidence" : 2
  }
},{
  "dateTime" : "09/09/20 12:53:27",
  "value" : {
    "bpm" : 96,
    "confidence" : 2
  }
},{
  "dateTime" : "09/09/20 12:53:32",
  "value" : {
    "bpm" : 94,
    "confidence" : 2
  }
},{
  "dateTime" : "09/09/20 12:53:37",
  "value" : {
    "bpm" : 93,
    "confidence" : 2
  }
},{
  "dateTime" : "09/09/20 12:53:42",
  "value" : {
    "bpm" : 92,
    "confidence" : 2
  }
},{
  "dateTime" : "09/09/20 12:53:47",
  "value" : {
    "bpm" : 91,
    "confidence" : 2
  }
},{
  "dateTime" : "09/09/20 12:53:52",
  "value" : {
    "bpm" : 92,
    "confidence" : 2
  }
},{
  "dateTime" : "09/09/20 12:53:57",
  "value" : {
    "bpm" : 86,
    "confidence" : 2
  }
},{
  "dateTime" : "09/09/20 12:54:02",
  "value" : {
    "bpm" : 85,
    "confidence" : 2
  }
},{
  "dateTime" : "09/09/20 12:54:17",
  "value" : {
    "bpm" : 81,
    "confidence" : 2
  }
},{
  "dateTime" : "09/09/20 12:54:22",
  "value" : {
    "bpm" : 77,
    "confidence" : 2
  }
},{
  "dateTime" : "09/09/20 12:54:37",
  "value" : {
    "bpm" : 78,
    "confidence" : 2
  }
},{
  "dateTime" : "09/09/20 12:54:47",
  "value" : {
    "bpm" : 81,
    "confidence" : 2
  }
},{
  "dateTime" : "09/09/20 12:54:52",
  "value" : {
    "bpm" : 82,
    "confidence" : 1
  }
},{
  "dateTime" : "09/09/20 12:54:57",
  "value" : {
    "bpm" : 83,
    "confidence" : 1
  }
},{
  "dateTime" : "09/09/20 12:55:07",
  "value" : {
    "bpm" : 85,
    "confidence" : 1
  }
},{
  "dateTime" : "09/09/20 12:55:12",
  "value" : {
    "bpm" : 86,
    "confidence" : 1
  }
},{
  "dateTime" : "09/09/20 12:55:17",
  "value" : {
    "bpm" : 88,
    "confidence" : 1
  }
},{
  "dateTime" : "09/09/20 12:55:22",
  "value" : {
    "bpm" : 89,
    "confidence" : 1
  }
},{
  "dateTime" : "09/09/20 12:55:32",
  "value" : {
    "bpm" : 91,
    "confidence" : 1
  }
},{
  "dateTime" : "09/09/20 12:55:37",
  "value" : {
    "bpm" : 93,
    "confidence" : 1
  }
},{
  "dateTime" : "09/09/20 12:55:42",
  "value" : {
    "bpm" : 95,
    "confidence" : 1
  }
},{
  "dateTime" : "09/09/20 12:55:47",
  "value" : {
    "bpm" : 96,
    "confidence" : 1
  }
},{
  "dateTime" : "09/09/20 12:55:52",
  "value" : {
    "bpm" : 97,
    "confidence" : 1
  }
},{
  "dateTime" : "09/09/20 12:55:57",
  "value" : {
    "bpm" : 100,
    "confidence" : 1
  }
},{
  "dateTime" : "09/09/20 12:56:07",
  "value" : {
    "bpm" : 104,
    "confidence" : 1
  }
},{
  "dateTime" : "09/09/20 12:56:12",
  "value" : {
    "bpm" : 106,
    "confidence" : 1
  }
},{
  "dateTime" : "09/09/20 12:56:17",
  "value" : {
    "bpm" : 104,
    "confidence" : 1
  }
},{
  "dateTime" : "09/09/20 12:56:32",
  "value" : {
    "bpm" : 105,
    "confidence" : 1
  }
},{
  "dateTime" : "09/09/20 12:56:37",
  "value" : {
    "bpm" : 106,
    "confidence" : 1
  }
},{
  "dateTime" : "09/09/20 12:56:42",
  "value" : {
    "bpm" : 107,
    "confidence" : 1
  }
},{
  "dateTime" : "09/09/20 12:56:52",
  "value" : {
    "bpm" : 106,
    "confidence" : 1
  }
},{
  "dateTime" : "09/09/20 12:56:57",
  "value" : {
    "bpm" : 105,
    "confidence" : 1
  }
},{
  "dateTime" : "09/09/20 12:57:02",
  "value" : {
    "bpm" : 103,
    "confidence" : 1
  }
},{
  "dateTime" : "09/09/20 12:57:07",
  "value" : {
    "bpm" : 102,
    "confidence" : 2
  }
},{
  "dateTime" : "09/09/20 12:57:12",
  "value" : {
    "bpm" : 101,
    "confidence" : 2
  }
},{
  "dateTime" : "09/09/20 12:57:17",
  "value" : {
    "bpm" : 98,
    "confidence" : 2
  }
},{
  "dateTime" : "09/09/20 12:57:22",
  "value" : {
    "bpm" : 99,
    "confidence" : 2
  }
},{
  "dateTime" : "09/09/20 12:57:27",
  "value" : {
    "bpm" : 101,
    "confidence" : 2
  }
},{
  "dateTime" : "09/09/20 12:57:32",
  "value" : {
    "bpm" : 102,
    "confidence" : 2
  }
},{
  "dateTime" : "09/09/20 12:57:37",
  "value" : {
    "bpm" : 104,
    "confidence" : 2
  }
},{
  "dateTime" : "09/09/20 12:57:42",
  "value" : {
    "bpm" : 102,
    "confidence" : 2
  }
},{
  "dateTime" : "09/09/20 12:57:47",
  "value" : {
    "bpm" : 100,
    "confidence" : 2
  }
},{
  "dateTime" : "09/09/20 12:57:52",
  "value" : {
    "bpm" : 101,
    "confidence" : 1
  }
},{
  "dateTime" : "09/09/20 12:57:57",
  "value" : {
    "bpm" : 102,
    "confidence" : 2
  }
},{
  "dateTime" : "09/09/20 12:58:02",
  "value" : {
    "bpm" : 105,
    "confidence" : 2
  }
},{
  "dateTime" : "09/09/20 12:58:07",
  "value" : {
    "bpm" : 108,
    "confidence" : 2
  }
},{
  "dateTime" : "09/09/20 12:58:12",
  "value" : {
    "bpm" : 109,
    "confidence" : 2
  }
},{
  "dateTime" : "09/09/20 12:58:22",
  "value" : {
    "bpm" : 110,
    "confidence" : 2
  }
},{
  "dateTime" : "09/09/20 12:58:32",
  "value" : {
    "bpm" : 109,
    "confidence" : 2
  }
},{
  "dateTime" : "09/09/20 12:58:37",
  "value" : {
    "bpm" : 111,
    "confidence" : 2
  }
},{
  "dateTime" : "09/09/20 12:58:42",
  "value" : {
    "bpm" : 107,
    "confidence" : 2
  }
},{
  "dateTime" : "09/09/20 12:58:47",
  "value" : {
    "bpm" : 103,
    "confidence" : 2
  }
},{
  "dateTime" : "09/09/20 12:58:52",
  "value" : {
    "bpm" : 103,
    "confidence" : 1
  }
},{
  "dateTime" : "09/09/20 12:58:57",
  "value" : {
    "bpm" : 104,
    "confidence" : 1
  }
},{
  "dateTime" : "09/09/20 12:59:02",
  "value" : {
    "bpm" : 105,
    "confidence" : 1
  }
},{
  "dateTime" : "09/09/20 12:59:07",
  "value" : {
    "bpm" : 107,
    "confidence" : 1
  }
},{
  "dateTime" : "09/09/20 12:59:12",
  "value" : {
    "bpm" : 108,
    "confidence" : 1
  }
},{
  "dateTime" : "09/09/20 12:59:17",
  "value" : {
    "bpm" : 109,
    "confidence" : 1
  }
},{
  "dateTime" : "09/09/20 12:59:22",
  "value" : {
    "bpm" : 109,
    "confidence" : 2
  }
},{
  "dateTime" : "09/09/20 12:59:27",
  "value" : {
    "bpm" : 109,
    "confidence" : 2
  }
},{
  "dateTime" : "09/09/20 12:59:32",
  "value" : {
    "bpm" : 107,
    "confidence" : 2
  }
},{
  "dateTime" : "09/09/20 12:59:42",
  "value" : {
    "bpm" : 108,
    "confidence" : 2
  }
},{
  "dateTime" : "09/09/20 12:59:47",
  "value" : {
    "bpm" : 109,
    "confidence" : 2
  }
},{
  "dateTime" : "09/09/20 12:59:52",
  "value" : {
    "bpm" : 110,
    "confidence" : 1
  }
},{
  "dateTime" : "09/09/20 12:59:57",
  "value" : {
    "bpm" : 108,
    "confidence" : 1
  }
},{
  "dateTime" : "09/09/20 13:00:02",
  "value" : {
    "bpm" : 112,
    "confidence" : 1
  }
},{
  "dateTime" : "09/09/20 13:00:12",
  "value" : {
    "bpm" : 108,
    "confidence" : 1
  }
},{
  "dateTime" : "09/09/20 13:00:17",
  "value" : {
    "bpm" : 106,
    "confidence" : 1
  }
},{
  "dateTime" : "09/09/20 13:00:27",
  "value" : {
    "bpm" : 107,
    "confidence" : 1
  }
},{
  "dateTime" : "09/09/20 13:00:42",
  "value" : {
    "bpm" : 109,
    "confidence" : 1
  }
},{
  "dateTime" : "09/09/20 13:00:47",
  "value" : {
    "bpm" : 111,
    "confidence" : 1
  }
},{
  "dateTime" : "09/09/20 13:00:52",
  "value" : {
    "bpm" : 113,
    "confidence" : 1
  }
},{
  "dateTime" : "09/09/20 13:00:57",
  "value" : {
    "bpm" : 112,
    "confidence" : 1
  }
},{
  "dateTime" : "09/09/20 13:01:02",
  "value" : {
    "bpm" : 112,
    "confidence" : 2
  }
},{
  "dateTime" : "09/09/20 13:01:07",
  "value" : {
    "bpm" : 112,
    "confidence" : 1
  }
},{
  "dateTime" : "09/09/20 13:01:12",
  "value" : {
    "bpm" : 110,
    "confidence" : 1
  }
},{
  "dateTime" : "09/09/20 13:01:17",
  "value" : {
    "bpm" : 109,
    "confidence" : 1
  }
},{
  "dateTime" : "09/09/20 13:01:22",
  "value" : {
    "bpm" : 108,
    "confidence" : 1
  }
},{
  "dateTime" : "09/09/20 13:01:27",
  "value" : {
    "bpm" : 107,
    "confidence" : 1
  }
},{
  "dateTime" : "09/09/20 13:01:42",
  "value" : {
    "bpm" : 107,
    "confidence" : 1
  }
},{
  "dateTime" : "09/09/20 13:01:57",
  "value" : {
    "bpm" : 108,
    "confidence" : 1
  }
},{
  "dateTime" : "09/09/20 13:02:12",
  "value" : {
    "bpm" : 108,
    "confidence" : 1
  }
},{
  "dateTime" : "09/09/20 13:02:17",
  "value" : {
    "bpm" : 110,
    "confidence" : 1
  }
},{
  "dateTime" : "09/09/20 13:02:22",
  "value" : {
    "bpm" : 111,
    "confidence" : 1
  }
},{
  "dateTime" : "09/09/20 13:02:32",
  "value" : {
    "bpm" : 110,
    "confidence" : 1
  }
},{
  "dateTime" : "09/09/20 13:02:37",
  "value" : {
    "bpm" : 106,
    "confidence" : 1
  }
},{
  "dateTime" : "09/09/20 13:02:42",
  "value" : {
    "bpm" : 106,
    "confidence" : 1
  }
},{
  "dateTime" : "09/09/20 13:02:47",
  "value" : {
    "bpm" : 107,
    "confidence" : 1
  }
},{
  "dateTime" : "09/09/20 13:02:52",
  "value" : {
    "bpm" : 109,
    "confidence" : 1
  }
},{
  "dateTime" : "09/09/20 13:02:57",
  "value" : {
    "bpm" : 112,
    "confidence" : 1
  }
},{
  "dateTime" : "09/09/20 13:03:02",
  "value" : {
    "bpm" : 111,
    "confidence" : 1
  }
},{
  "dateTime" : "09/09/20 13:03:07",
  "value" : {
    "bpm" : 110,
    "confidence" : 1
  }
},{
  "dateTime" : "09/09/20 13:03:12",
  "value" : {
    "bpm" : 109,
    "confidence" : 1
  }
},{
  "dateTime" : "09/09/20 13:03:17",
  "value" : {
    "bpm" : 108,
    "confidence" : 1
  }
},{
  "dateTime" : "09/09/20 13:03:22",
  "value" : {
    "bpm" : 107,
    "confidence" : 1
  }
},{
  "dateTime" : "09/09/20 13:03:27",
  "value" : {
    "bpm" : 106,
    "confidence" : 1
  }
},{
  "dateTime" : "09/09/20 13:03:32",
  "value" : {
    "bpm" : 105,
    "confidence" : 2
  }
},{
  "dateTime" : "09/09/20 13:03:47",
  "value" : {
    "bpm" : 105,
    "confidence" : 2
  }
},{
  "dateTime" : "09/09/20 13:03:52",
  "value" : {
    "bpm" : 109,
    "confidence" : 2
  }
},{
  "dateTime" : "09/09/20 13:03:57",
  "value" : {
    "bpm" : 111,
    "confidence" : 2
  }
},{
  "dateTime" : "09/09/20 13:04:02",
  "value" : {
    "bpm" : 113,
    "confidence" : 2
  }
},{
  "dateTime" : "09/09/20 13:04:12",
  "value" : {
    "bpm" : 112,
    "confidence" : 2
  }
},{
  "dateTime" : "09/09/20 13:04:17",
  "value" : {
    "bpm" : 111,
    "confidence" : 2
  }
},{
  "dateTime" : "09/09/20 13:04:27",
  "value" : {
    "bpm" : 108,
    "confidence" : 1
  }
},{
  "dateTime" : "09/09/20 13:04:32",
  "value" : {
    "bpm" : 105,
    "confidence" : 1
  }
},{
  "dateTime" : "09/09/20 13:04:37",
  "value" : {
    "bpm" : 106,
    "confidence" : 1
  }
},{
  "dateTime" : "09/09/20 13:04:47",
  "value" : {
    "bpm" : 104,
    "confidence" : 1
  }
},{
  "dateTime" : "09/09/20 13:04:52",
  "value" : {
    "bpm" : 103,
    "confidence" : 1
  }
},{
  "dateTime" : "09/09/20 13:04:57",
  "value" : {
    "bpm" : 102,
    "confidence" : 1
  }
},{
  "dateTime" : "09/09/20 13:05:02",
  "value" : {
    "bpm" : 100,
    "confidence" : 1
  }
},{
  "dateTime" : "09/09/20 13:05:12",
  "value" : {
    "bpm" : 98,
    "confidence" : 2
  }
},{
  "dateTime" : "09/09/20 13:05:17",
  "value" : {
    "bpm" : 97,
    "confidence" : 2
  }
},{
  "dateTime" : "09/09/20 13:05:23",
  "value" : {
    "bpm" : 99,
    "confidence" : 2
  }
},{
  "dateTime" : "09/09/20 13:05:28",
  "value" : {
    "bpm" : 98,
    "confidence" : 2
  }
},{
  "dateTime" : "09/09/20 13:05:43",
  "value" : {
    "bpm" : 98,
    "confidence" : 1
  }
},{
  "dateTime" : "09/09/20 13:05:48",
  "value" : {
    "bpm" : 98,
    "confidence" : 2
  }
},{
  "dateTime" : "09/09/20 13:05:53",
  "value" : {
    "bpm" : 96,
    "confidence" : 1
  }
},{
  "dateTime" : "09/09/20 14:00:23",
  "value" : {
    "bpm" : 70,
    "confidence" : 0
  }
},{
  "dateTime" : "09/09/20 14:55:00",
  "value" : {
    "bpm" : 70,
    "confidence" : 0
  }
}]