[{
  "dateTime" : "09/29/20 16:53:31",
  "value" : {
    "bpm" : 70,
    "confidence" : 0
  }
},{
  "dateTime" : "09/29/20 16:53:47",
  "value" : {
    "bpm" : 70,
    "confidence" : 0
  }
},{
  "dateTime" : "09/29/20 16:54:02",
  "value" : {
    "bpm" : 70,
    "confidence" : 0
  }
},{
  "dateTime" : "09/29/20 16:54:07",
  "value" : {
    "bpm" : 72,
    "confidence" : 0
  }
},{
  "dateTime" : "09/29/20 16:54:12",
  "value" : {
    "bpm" : 81,
    "confidence" : 0
  }
},{
  "dateTime" : "09/29/20 16:54:17",
  "value" : {
    "bpm" : 87,
    "confidence" : 0
  }
},{
  "dateTime" : "09/29/20 16:54:22",
  "value" : {
    "bpm" : 93,
    "confidence" : 0
  }
},{
  "dateTime" : "09/29/20 16:54:27",
  "value" : {
    "bpm" : 92,
    "confidence" : 0
  }
},{
  "dateTime" : "09/29/20 16:54:32",
  "value" : {
    "bpm" : 91,
    "confidence" : 0
  }
},{
  "dateTime" : "09/29/20 16:54:42",
  "value" : {
    "bpm" : 92,
    "confidence" : 0
  }
},{
  "dateTime" : "09/29/20 16:54:52",
  "value" : {
    "bpm" : 92,
    "confidence" : 1
  }
},{
  "dateTime" : "09/29/20 16:55:07",
  "value" : {
    "bpm" : 92,
    "confidence" : 1
  }
},{
  "dateTime" : "09/29/20 17:49:45",
  "value" : {
    "bpm" : 70,
    "confidence" : 0
  }
},{
  "dateTime" : "09/29/20 18:44:22",
  "value" : {
    "bpm" : 70,
    "confidence" : 0
  }
}]