[{
  "dateTime" : "10/03/20 09:15:10",
  "value" : {
    "bpm" : 70,
    "confidence" : 0
  }
},{
  "dateTime" : "10/03/20 09:15:20",
  "value" : {
    "bpm" : 74,
    "confidence" : 0
  }
},{
  "dateTime" : "10/03/20 09:15:25",
  "value" : {
    "bpm" : 77,
    "confidence" : 0
  }
},{
  "dateTime" : "10/03/20 09:15:30",
  "value" : {
    "bpm" : 81,
    "confidence" : 0
  }
},{
  "dateTime" : "10/03/20 09:15:35",
  "value" : {
    "bpm" : 83,
    "confidence" : 0
  }
},{
  "dateTime" : "10/03/20 09:15:40",
  "value" : {
    "bpm" : 84,
    "confidence" : 0
  }
},{
  "dateTime" : "10/03/20 09:15:45",
  "value" : {
    "bpm" : 85,
    "confidence" : 0
  }
},{
  "dateTime" : "10/03/20 09:15:50",
  "value" : {
    "bpm" : 86,
    "confidence" : 1
  }
},{
  "dateTime" : "10/03/20 09:15:55",
  "value" : {
    "bpm" : 87,
    "confidence" : 2
  }
},{
  "dateTime" : "10/03/20 09:16:10",
  "value" : {
    "bpm" : 87,
    "confidence" : 2
  }
},{
  "dateTime" : "10/03/20 09:16:25",
  "value" : {
    "bpm" : 88,
    "confidence" : 2
  }
},{
  "dateTime" : "10/03/20 09:16:35",
  "value" : {
    "bpm" : 90,
    "confidence" : 2
  }
},{
  "dateTime" : "10/03/20 09:16:40",
  "value" : {
    "bpm" : 91,
    "confidence" : 2
  }
},{
  "dateTime" : "10/03/20 09:16:50",
  "value" : {
    "bpm" : 92,
    "confidence" : 2
  }
},{
  "dateTime" : "10/03/20 09:16:55",
  "value" : {
    "bpm" : 91,
    "confidence" : 2
  }
},{
  "dateTime" : "10/03/20 09:17:05",
  "value" : {
    "bpm" : 92,
    "confidence" : 2
  }
},{
  "dateTime" : "10/03/20 09:17:15",
  "value" : {
    "bpm" : 93,
    "confidence" : 2
  }
},{
  "dateTime" : "10/03/20 09:17:30",
  "value" : {
    "bpm" : 93,
    "confidence" : 2
  }
},{
  "dateTime" : "10/03/20 09:17:45",
  "value" : {
    "bpm" : 93,
    "confidence" : 2
  }
},{
  "dateTime" : "10/03/20 09:17:55",
  "value" : {
    "bpm" : 94,
    "confidence" : 2
  }
},{
  "dateTime" : "10/03/20 09:18:00",
  "value" : {
    "bpm" : 95,
    "confidence" : 2
  }
},{
  "dateTime" : "10/03/20 09:18:05",
  "value" : {
    "bpm" : 96,
    "confidence" : 2
  }
},{
  "dateTime" : "10/03/20 09:18:10",
  "value" : {
    "bpm" : 97,
    "confidence" : 2
  }
},{
  "dateTime" : "10/03/20 09:18:20",
  "value" : {
    "bpm" : 98,
    "confidence" : 2
  }
},{
  "dateTime" : "10/03/20 09:18:25",
  "value" : {
    "bpm" : 96,
    "confidence" : 1
  }
},{
  "dateTime" : "10/03/20 09:18:31",
  "value" : {
    "bpm" : 96,
    "confidence" : 2
  }
},{
  "dateTime" : "10/03/20 09:18:36",
  "value" : {
    "bpm" : 94,
    "confidence" : 2
  }
},{
  "dateTime" : "10/03/20 09:18:51",
  "value" : {
    "bpm" : 94,
    "confidence" : 2
  }
},{
  "dateTime" : "10/03/20 09:18:56",
  "value" : {
    "bpm" : 94,
    "confidence" : 1
  }
},{
  "dateTime" : "10/03/20 09:19:06",
  "value" : {
    "bpm" : 95,
    "confidence" : 1
  }
},{
  "dateTime" : "10/03/20 09:19:21",
  "value" : {
    "bpm" : 95,
    "confidence" : 1
  }
},{
  "dateTime" : "10/03/20 09:19:26",
  "value" : {
    "bpm" : 95,
    "confidence" : 2
  }
},{
  "dateTime" : "10/03/20 09:19:36",
  "value" : {
    "bpm" : 96,
    "confidence" : 2
  }
},{
  "dateTime" : "10/03/20 09:19:46",
  "value" : {
    "bpm" : 95,
    "confidence" : 2
  }
},{
  "dateTime" : "10/03/20 09:19:56",
  "value" : {
    "bpm" : 96,
    "confidence" : 2
  }
},{
  "dateTime" : "10/03/20 09:20:01",
  "value" : {
    "bpm" : 96,
    "confidence" : 1
  }
},{
  "dateTime" : "10/03/20 09:20:06",
  "value" : {
    "bpm" : 96,
    "confidence" : 2
  }
},{
  "dateTime" : "10/03/20 09:20:11",
  "value" : {
    "bpm" : 95,
    "confidence" : 2
  }
},{
  "dateTime" : "10/03/20 09:20:16",
  "value" : {
    "bpm" : 93,
    "confidence" : 2
  }
},{
  "dateTime" : "10/03/20 09:20:21",
  "value" : {
    "bpm" : 94,
    "confidence" : 2
  }
},{
  "dateTime" : "10/03/20 09:20:26",
  "value" : {
    "bpm" : 96,
    "confidence" : 2
  }
},{
  "dateTime" : "10/03/20 09:20:31",
  "value" : {
    "bpm" : 97,
    "confidence" : 2
  }
},{
  "dateTime" : "10/03/20 09:20:41",
  "value" : {
    "bpm" : 97,
    "confidence" : 1
  }
},{
  "dateTime" : "10/03/20 09:20:56",
  "value" : {
    "bpm" : 97,
    "confidence" : 1
  }
},{
  "dateTime" : "10/03/20 09:21:01",
  "value" : {
    "bpm" : 99,
    "confidence" : 1
  }
},{
  "dateTime" : "10/03/20 09:21:06",
  "value" : {
    "bpm" : 101,
    "confidence" : 1
  }
},{
  "dateTime" : "10/03/20 09:21:11",
  "value" : {
    "bpm" : 102,
    "confidence" : 1
  }
},{
  "dateTime" : "10/03/20 09:21:16",
  "value" : {
    "bpm" : 104,
    "confidence" : 1
  }
},{
  "dateTime" : "10/03/20 09:21:21",
  "value" : {
    "bpm" : 107,
    "confidence" : 1
  }
},{
  "dateTime" : "10/03/20 09:21:26",
  "value" : {
    "bpm" : 110,
    "confidence" : 1
  }
},{
  "dateTime" : "10/03/20 09:21:31",
  "value" : {
    "bpm" : 112,
    "confidence" : 1
  }
},{
  "dateTime" : "10/03/20 09:21:36",
  "value" : {
    "bpm" : 114,
    "confidence" : 1
  }
},{
  "dateTime" : "10/03/20 09:21:41",
  "value" : {
    "bpm" : 114,
    "confidence" : 1
  }
},{
  "dateTime" : "10/03/20 09:21:51",
  "value" : {
    "bpm" : 117,
    "confidence" : 1
  }
},{
  "dateTime" : "10/03/20 09:21:56",
  "value" : {
    "bpm" : 121,
    "confidence" : 1
  }
},{
  "dateTime" : "10/03/20 09:22:01",
  "value" : {
    "bpm" : 125,
    "confidence" : 1
  }
},{
  "dateTime" : "10/03/20 09:22:06",
  "value" : {
    "bpm" : 129,
    "confidence" : 0
  }
},{
  "dateTime" : "10/03/20 09:22:11",
  "value" : {
    "bpm" : 134,
    "confidence" : 0
  }
},{
  "dateTime" : "10/03/20 09:22:16",
  "value" : {
    "bpm" : 138,
    "confidence" : 0
  }
},{
  "dateTime" : "10/03/20 09:22:21",
  "value" : {
    "bpm" : 136,
    "confidence" : 0
  }
},{
  "dateTime" : "10/03/20 09:22:26",
  "value" : {
    "bpm" : 134,
    "confidence" : 0
  }
},{
  "dateTime" : "10/03/20 09:22:31",
  "value" : {
    "bpm" : 138,
    "confidence" : 0
  }
},{
  "dateTime" : "10/03/20 09:22:36",
  "value" : {
    "bpm" : 142,
    "confidence" : 0
  }
},{
  "dateTime" : "10/03/20 09:22:41",
  "value" : {
    "bpm" : 146,
    "confidence" : 0
  }
},{
  "dateTime" : "10/03/20 09:22:46",
  "value" : {
    "bpm" : 147,
    "confidence" : 0
  }
},{
  "dateTime" : "10/03/20 09:22:56",
  "value" : {
    "bpm" : 153,
    "confidence" : 0
  }
},{
  "dateTime" : "10/03/20 09:23:01",
  "value" : {
    "bpm" : 158,
    "confidence" : 0
  }
},{
  "dateTime" : "10/03/20 09:23:06",
  "value" : {
    "bpm" : 162,
    "confidence" : 0
  }
},{
  "dateTime" : "10/03/20 09:23:11",
  "value" : {
    "bpm" : 163,
    "confidence" : 0
  }
},{
  "dateTime" : "10/03/20 09:23:16",
  "value" : {
    "bpm" : 162,
    "confidence" : 1
  }
},{
  "dateTime" : "10/03/20 09:23:21",
  "value" : {
    "bpm" : 159,
    "confidence" : 1
  }
},{
  "dateTime" : "10/03/20 09:23:26",
  "value" : {
    "bpm" : 157,
    "confidence" : 0
  }
},{
  "dateTime" : "10/03/20 09:23:31",
  "value" : {
    "bpm" : 154,
    "confidence" : 0
  }
},{
  "dateTime" : "10/03/20 09:23:36",
  "value" : {
    "bpm" : 151,
    "confidence" : 0
  }
},{
  "dateTime" : "10/03/20 09:23:41",
  "value" : {
    "bpm" : 150,
    "confidence" : 0
  }
},{
  "dateTime" : "10/03/20 09:23:46",
  "value" : {
    "bpm" : 148,
    "confidence" : 1
  }
},{
  "dateTime" : "10/03/20 09:23:56",
  "value" : {
    "bpm" : 149,
    "confidence" : 1
  }
},{
  "dateTime" : "10/03/20 09:24:01",
  "value" : {
    "bpm" : 150,
    "confidence" : 0
  }
},{
  "dateTime" : "10/03/20 09:24:06",
  "value" : {
    "bpm" : 154,
    "confidence" : 0
  }
},{
  "dateTime" : "10/03/20 09:24:11",
  "value" : {
    "bpm" : 158,
    "confidence" : 0
  }
},{
  "dateTime" : "10/03/20 09:24:16",
  "value" : {
    "bpm" : 160,
    "confidence" : 0
  }
},{
  "dateTime" : "10/03/20 09:24:21",
  "value" : {
    "bpm" : 163,
    "confidence" : 0
  }
},{
  "dateTime" : "10/03/20 09:24:26",
  "value" : {
    "bpm" : 165,
    "confidence" : 0
  }
},{
  "dateTime" : "10/03/20 09:24:31",
  "value" : {
    "bpm" : 164,
    "confidence" : 0
  }
},{
  "dateTime" : "10/03/20 09:24:36",
  "value" : {
    "bpm" : 160,
    "confidence" : 0
  }
},{
  "dateTime" : "10/03/20 09:24:41",
  "value" : {
    "bpm" : 155,
    "confidence" : 1
  }
},{
  "dateTime" : "10/03/20 09:24:46",
  "value" : {
    "bpm" : 152,
    "confidence" : 1
  }
},{
  "dateTime" : "10/03/20 09:24:51",
  "value" : {
    "bpm" : 152,
    "confidence" : 0
  }
},{
  "dateTime" : "10/03/20 09:24:56",
  "value" : {
    "bpm" : 150,
    "confidence" : 0
  }
},{
  "dateTime" : "10/03/20 09:25:01",
  "value" : {
    "bpm" : 145,
    "confidence" : 0
  }
},{
  "dateTime" : "10/03/20 09:25:06",
  "value" : {
    "bpm" : 141,
    "confidence" : 0
  }
},{
  "dateTime" : "10/03/20 09:25:16",
  "value" : {
    "bpm" : 145,
    "confidence" : 0
  }
},{
  "dateTime" : "10/03/20 09:25:21",
  "value" : {
    "bpm" : 149,
    "confidence" : 0
  }
},{
  "dateTime" : "10/03/20 09:25:31",
  "value" : {
    "bpm" : 152,
    "confidence" : 0
  }
},{
  "dateTime" : "10/03/20 09:25:36",
  "value" : {
    "bpm" : 151,
    "confidence" : 0
  }
},{
  "dateTime" : "10/03/20 09:25:41",
  "value" : {
    "bpm" : 148,
    "confidence" : 0
  }
},{
  "dateTime" : "10/03/20 09:25:46",
  "value" : {
    "bpm" : 144,
    "confidence" : 0
  }
},{
  "dateTime" : "10/03/20 09:25:51",
  "value" : {
    "bpm" : 140,
    "confidence" : 0
  }
},{
  "dateTime" : "10/03/20 09:25:56",
  "value" : {
    "bpm" : 135,
    "confidence" : 0
  }
},{
  "dateTime" : "10/03/20 09:26:01",
  "value" : {
    "bpm" : 131,
    "confidence" : 0
  }
},{
  "dateTime" : "10/03/20 09:26:06",
  "value" : {
    "bpm" : 129,
    "confidence" : 0
  }
},{
  "dateTime" : "10/03/20 09:26:11",
  "value" : {
    "bpm" : 128,
    "confidence" : 0
  }
},{
  "dateTime" : "10/03/20 09:26:16",
  "value" : {
    "bpm" : 126,
    "confidence" : 0
  }
},{
  "dateTime" : "10/03/20 09:26:21",
  "value" : {
    "bpm" : 124,
    "confidence" : 0
  }
},{
  "dateTime" : "10/03/20 09:26:26",
  "value" : {
    "bpm" : 121,
    "confidence" : 0
  }
},{
  "dateTime" : "10/03/20 09:26:36",
  "value" : {
    "bpm" : 122,
    "confidence" : 1
  }
},{
  "dateTime" : "10/03/20 09:26:41",
  "value" : {
    "bpm" : 124,
    "confidence" : 1
  }
},{
  "dateTime" : "10/03/20 09:26:46",
  "value" : {
    "bpm" : 125,
    "confidence" : 1
  }
},{
  "dateTime" : "10/03/20 09:26:56",
  "value" : {
    "bpm" : 124,
    "confidence" : 1
  }
},{
  "dateTime" : "10/03/20 09:27:01",
  "value" : {
    "bpm" : 125,
    "confidence" : 1
  }
},{
  "dateTime" : "10/03/20 09:27:06",
  "value" : {
    "bpm" : 126,
    "confidence" : 1
  }
},{
  "dateTime" : "10/03/20 09:27:11",
  "value" : {
    "bpm" : 124,
    "confidence" : 1
  }
},{
  "dateTime" : "10/03/20 09:27:16",
  "value" : {
    "bpm" : 123,
    "confidence" : 1
  }
},{
  "dateTime" : "10/03/20 09:27:21",
  "value" : {
    "bpm" : 122,
    "confidence" : 1
  }
},{
  "dateTime" : "10/03/20 09:27:26",
  "value" : {
    "bpm" : 120,
    "confidence" : 1
  }
},{
  "dateTime" : "10/03/20 09:27:31",
  "value" : {
    "bpm" : 119,
    "confidence" : 0
  }
},{
  "dateTime" : "10/03/20 09:27:36",
  "value" : {
    "bpm" : 118,
    "confidence" : 0
  }
},{
  "dateTime" : "10/03/20 09:27:41",
  "value" : {
    "bpm" : 117,
    "confidence" : 0
  }
},{
  "dateTime" : "10/03/20 09:27:46",
  "value" : {
    "bpm" : 116,
    "confidence" : 1
  }
},{
  "dateTime" : "10/03/20 09:27:51",
  "value" : {
    "bpm" : 117,
    "confidence" : 1
  }
},{
  "dateTime" : "10/03/20 09:27:56",
  "value" : {
    "bpm" : 118,
    "confidence" : 1
  }
},{
  "dateTime" : "10/03/20 09:28:01",
  "value" : {
    "bpm" : 119,
    "confidence" : 1
  }
},{
  "dateTime" : "10/03/20 09:28:06",
  "value" : {
    "bpm" : 117,
    "confidence" : 1
  }
},{
  "dateTime" : "10/03/20 09:28:11",
  "value" : {
    "bpm" : 116,
    "confidence" : 1
  }
},{
  "dateTime" : "10/03/20 09:28:21",
  "value" : {
    "bpm" : 115,
    "confidence" : 1
  }
},{
  "dateTime" : "10/03/20 09:28:26",
  "value" : {
    "bpm" : 114,
    "confidence" : 1
  }
},{
  "dateTime" : "10/03/20 09:28:36",
  "value" : {
    "bpm" : 116,
    "confidence" : 1
  }
},{
  "dateTime" : "10/03/20 09:28:41",
  "value" : {
    "bpm" : 117,
    "confidence" : 1
  }
},{
  "dateTime" : "10/03/20 09:28:56",
  "value" : {
    "bpm" : 116,
    "confidence" : 1
  }
},{
  "dateTime" : "10/03/20 09:29:01",
  "value" : {
    "bpm" : 116,
    "confidence" : 0
  }
},{
  "dateTime" : "10/03/20 09:29:06",
  "value" : {
    "bpm" : 115,
    "confidence" : 0
  }
},{
  "dateTime" : "10/03/20 09:29:21",
  "value" : {
    "bpm" : 115,
    "confidence" : 1
  }
},{
  "dateTime" : "10/03/20 09:29:26",
  "value" : {
    "bpm" : 115,
    "confidence" : 2
  }
},{
  "dateTime" : "10/03/20 09:29:31",
  "value" : {
    "bpm" : 115,
    "confidence" : 2
  }
},{
  "dateTime" : "10/03/20 09:29:36",
  "value" : {
    "bpm" : 117,
    "confidence" : 2
  }
},{
  "dateTime" : "10/03/20 09:29:41",
  "value" : {
    "bpm" : 119,
    "confidence" : 2
  }
},{
  "dateTime" : "10/03/20 09:29:46",
  "value" : {
    "bpm" : 121,
    "confidence" : 2
  }
},{
  "dateTime" : "10/03/20 09:29:51",
  "value" : {
    "bpm" : 122,
    "confidence" : 2
  }
},{
  "dateTime" : "10/03/20 09:29:56",
  "value" : {
    "bpm" : 123,
    "confidence" : 2
  }
},{
  "dateTime" : "10/03/20 09:30:01",
  "value" : {
    "bpm" : 121,
    "confidence" : 1
  }
},{
  "dateTime" : "10/03/20 09:30:06",
  "value" : {
    "bpm" : 120,
    "confidence" : 1
  }
},{
  "dateTime" : "10/03/20 09:30:21",
  "value" : {
    "bpm" : 119,
    "confidence" : 1
  }
},{
  "dateTime" : "10/03/20 09:30:31",
  "value" : {
    "bpm" : 118,
    "confidence" : 1
  }
},{
  "dateTime" : "10/03/20 09:30:36",
  "value" : {
    "bpm" : 117,
    "confidence" : 1
  }
},{
  "dateTime" : "10/03/20 09:30:46",
  "value" : {
    "bpm" : 118,
    "confidence" : 1
  }
},{
  "dateTime" : "10/03/20 09:30:56",
  "value" : {
    "bpm" : 117,
    "confidence" : 1
  }
},{
  "dateTime" : "10/03/20 09:31:06",
  "value" : {
    "bpm" : 118,
    "confidence" : 1
  }
},{
  "dateTime" : "10/03/20 09:31:11",
  "value" : {
    "bpm" : 117,
    "confidence" : 1
  }
},{
  "dateTime" : "10/03/20 09:31:21",
  "value" : {
    "bpm" : 118,
    "confidence" : 1
  }
},{
  "dateTime" : "10/03/20 09:31:26",
  "value" : {
    "bpm" : 117,
    "confidence" : 1
  }
},{
  "dateTime" : "10/03/20 09:31:31",
  "value" : {
    "bpm" : 115,
    "confidence" : 1
  }
},{
  "dateTime" : "10/03/20 09:31:36",
  "value" : {
    "bpm" : 116,
    "confidence" : 1
  }
},{
  "dateTime" : "10/03/20 09:31:46",
  "value" : {
    "bpm" : 117,
    "confidence" : 1
  }
},{
  "dateTime" : "10/03/20 09:31:51",
  "value" : {
    "bpm" : 118,
    "confidence" : 1
  }
},{
  "dateTime" : "10/03/20 09:32:01",
  "value" : {
    "bpm" : 120,
    "confidence" : 1
  }
},{
  "dateTime" : "10/03/20 09:32:11",
  "value" : {
    "bpm" : 122,
    "confidence" : 1
  }
},{
  "dateTime" : "10/03/20 09:32:26",
  "value" : {
    "bpm" : 123,
    "confidence" : 1
  }
},{
  "dateTime" : "10/03/20 09:32:31",
  "value" : {
    "bpm" : 124,
    "confidence" : 0
  }
},{
  "dateTime" : "10/03/20 09:32:36",
  "value" : {
    "bpm" : 125,
    "confidence" : 1
  }
},{
  "dateTime" : "10/03/20 09:32:41",
  "value" : {
    "bpm" : 124,
    "confidence" : 1
  }
},{
  "dateTime" : "10/03/20 09:32:47",
  "value" : {
    "bpm" : 123,
    "confidence" : 1
  }
},{
  "dateTime" : "10/03/20 09:32:52",
  "value" : {
    "bpm" : 118,
    "confidence" : 1
  }
},{
  "dateTime" : "10/03/20 09:32:57",
  "value" : {
    "bpm" : 116,
    "confidence" : 1
  }
},{
  "dateTime" : "10/03/20 09:33:02",
  "value" : {
    "bpm" : 114,
    "confidence" : 1
  }
},{
  "dateTime" : "10/03/20 09:33:07",
  "value" : {
    "bpm" : 113,
    "confidence" : 1
  }
},{
  "dateTime" : "10/03/20 09:33:12",
  "value" : {
    "bpm" : 110,
    "confidence" : 1
  }
},{
  "dateTime" : "10/03/20 09:33:27",
  "value" : {
    "bpm" : 110,
    "confidence" : 1
  }
},{
  "dateTime" : "10/03/20 09:33:32",
  "value" : {
    "bpm" : 109,
    "confidence" : 1
  }
},{
  "dateTime" : "10/03/20 09:33:37",
  "value" : {
    "bpm" : 107,
    "confidence" : 1
  }
},{
  "dateTime" : "10/03/20 09:33:47",
  "value" : {
    "bpm" : 111,
    "confidence" : 1
  }
},{
  "dateTime" : "10/03/20 09:33:57",
  "value" : {
    "bpm" : 112,
    "confidence" : 1
  }
},{
  "dateTime" : "10/03/20 09:34:07",
  "value" : {
    "bpm" : 111,
    "confidence" : 1
  }
},{
  "dateTime" : "10/03/20 09:34:17",
  "value" : {
    "bpm" : 112,
    "confidence" : 1
  }
},{
  "dateTime" : "10/03/20 09:34:22",
  "value" : {
    "bpm" : 113,
    "confidence" : 2
  }
},{
  "dateTime" : "10/03/20 09:34:32",
  "value" : {
    "bpm" : 113,
    "confidence" : 1
  }
},{
  "dateTime" : "10/03/20 09:34:37",
  "value" : {
    "bpm" : 109,
    "confidence" : 1
  }
},{
  "dateTime" : "10/03/20 09:34:42",
  "value" : {
    "bpm" : 107,
    "confidence" : 1
  }
},{
  "dateTime" : "10/03/20 09:34:47",
  "value" : {
    "bpm" : 105,
    "confidence" : 1
  }
},{
  "dateTime" : "10/03/20 09:35:02",
  "value" : {
    "bpm" : 105,
    "confidence" : 1
  }
},{
  "dateTime" : "10/03/20 09:35:07",
  "value" : {
    "bpm" : 107,
    "confidence" : 1
  }
},{
  "dateTime" : "10/03/20 09:35:12",
  "value" : {
    "bpm" : 105,
    "confidence" : 1
  }
},{
  "dateTime" : "10/03/20 09:35:17",
  "value" : {
    "bpm" : 107,
    "confidence" : 1
  }
},{
  "dateTime" : "10/03/20 09:35:22",
  "value" : {
    "bpm" : 106,
    "confidence" : 1
  }
},{
  "dateTime" : "10/03/20 09:35:27",
  "value" : {
    "bpm" : 105,
    "confidence" : 1
  }
},{
  "dateTime" : "10/03/20 09:35:32",
  "value" : {
    "bpm" : 108,
    "confidence" : 1
  }
},{
  "dateTime" : "10/03/20 09:35:37",
  "value" : {
    "bpm" : 109,
    "confidence" : 1
  }
},{
  "dateTime" : "10/03/20 09:35:42",
  "value" : {
    "bpm" : 106,
    "confidence" : 1
  }
},{
  "dateTime" : "10/03/20 09:35:47",
  "value" : {
    "bpm" : 102,
    "confidence" : 1
  }
},{
  "dateTime" : "10/03/20 09:35:52",
  "value" : {
    "bpm" : 100,
    "confidence" : 2
  }
},{
  "dateTime" : "10/03/20 09:35:57",
  "value" : {
    "bpm" : 99,
    "confidence" : 2
  }
},{
  "dateTime" : "10/03/20 09:36:02",
  "value" : {
    "bpm" : 98,
    "confidence" : 1
  }
},{
  "dateTime" : "10/03/20 09:36:07",
  "value" : {
    "bpm" : 100,
    "confidence" : 1
  }
},{
  "dateTime" : "10/03/20 09:36:12",
  "value" : {
    "bpm" : 105,
    "confidence" : 1
  }
},{
  "dateTime" : "10/03/20 09:36:17",
  "value" : {
    "bpm" : 108,
    "confidence" : 1
  }
},{
  "dateTime" : "10/03/20 09:36:22",
  "value" : {
    "bpm" : 112,
    "confidence" : 1
  }
},{
  "dateTime" : "10/03/20 09:36:27",
  "value" : {
    "bpm" : 114,
    "confidence" : 1
  }
},{
  "dateTime" : "10/03/20 09:36:32",
  "value" : {
    "bpm" : 113,
    "confidence" : 1
  }
},{
  "dateTime" : "10/03/20 09:36:37",
  "value" : {
    "bpm" : 113,
    "confidence" : 2
  }
},{
  "dateTime" : "10/03/20 09:36:42",
  "value" : {
    "bpm" : 115,
    "confidence" : 2
  }
},{
  "dateTime" : "10/03/20 09:36:47",
  "value" : {
    "bpm" : 116,
    "confidence" : 2
  }
},{
  "dateTime" : "10/03/20 09:36:52",
  "value" : {
    "bpm" : 117,
    "confidence" : 2
  }
},{
  "dateTime" : "10/03/20 09:36:57",
  "value" : {
    "bpm" : 115,
    "confidence" : 2
  }
},{
  "dateTime" : "10/03/20 09:37:02",
  "value" : {
    "bpm" : 111,
    "confidence" : 2
  }
},{
  "dateTime" : "10/03/20 09:37:07",
  "value" : {
    "bpm" : 110,
    "confidence" : 2
  }
},{
  "dateTime" : "10/03/20 09:37:12",
  "value" : {
    "bpm" : 111,
    "confidence" : 2
  }
},{
  "dateTime" : "10/03/20 09:37:17",
  "value" : {
    "bpm" : 112,
    "confidence" : 2
  }
},{
  "dateTime" : "10/03/20 09:37:22",
  "value" : {
    "bpm" : 118,
    "confidence" : 2
  }
},{
  "dateTime" : "10/03/20 09:37:27",
  "value" : {
    "bpm" : 122,
    "confidence" : 2
  }
},{
  "dateTime" : "10/03/20 09:37:37",
  "value" : {
    "bpm" : 121,
    "confidence" : 1
  }
},{
  "dateTime" : "10/03/20 09:37:42",
  "value" : {
    "bpm" : 120,
    "confidence" : 1
  }
},{
  "dateTime" : "10/03/20 09:37:47",
  "value" : {
    "bpm" : 119,
    "confidence" : 1
  }
},{
  "dateTime" : "10/03/20 09:37:52",
  "value" : {
    "bpm" : 118,
    "confidence" : 1
  }
},{
  "dateTime" : "10/03/20 09:37:57",
  "value" : {
    "bpm" : 116,
    "confidence" : 1
  }
},{
  "dateTime" : "10/03/20 09:38:02",
  "value" : {
    "bpm" : 115,
    "confidence" : 1
  }
},{
  "dateTime" : "10/03/20 09:38:07",
  "value" : {
    "bpm" : 112,
    "confidence" : 1
  }
},{
  "dateTime" : "10/03/20 09:38:12",
  "value" : {
    "bpm" : 111,
    "confidence" : 1
  }
},{
  "dateTime" : "10/03/20 09:38:17",
  "value" : {
    "bpm" : 112,
    "confidence" : 1
  }
},{
  "dateTime" : "10/03/20 09:38:22",
  "value" : {
    "bpm" : 109,
    "confidence" : 1
  }
},{
  "dateTime" : "10/03/20 09:38:27",
  "value" : {
    "bpm" : 107,
    "confidence" : 1
  }
},{
  "dateTime" : "10/03/20 09:38:32",
  "value" : {
    "bpm" : 108,
    "confidence" : 1
  }
},{
  "dateTime" : "10/03/20 09:38:47",
  "value" : {
    "bpm" : 108,
    "confidence" : 1
  }
},{
  "dateTime" : "10/03/20 09:38:52",
  "value" : {
    "bpm" : 109,
    "confidence" : 1
  }
},{
  "dateTime" : "10/03/20 09:38:57",
  "value" : {
    "bpm" : 105,
    "confidence" : 1
  }
},{
  "dateTime" : "10/03/20 09:39:02",
  "value" : {
    "bpm" : 102,
    "confidence" : 1
  }
},{
  "dateTime" : "10/03/20 09:39:07",
  "value" : {
    "bpm" : 103,
    "confidence" : 1
  }
},{
  "dateTime" : "10/03/20 09:39:17",
  "value" : {
    "bpm" : 104,
    "confidence" : 1
  }
},{
  "dateTime" : "10/03/20 09:39:27",
  "value" : {
    "bpm" : 103,
    "confidence" : 2
  }
},{
  "dateTime" : "10/03/20 09:39:32",
  "value" : {
    "bpm" : 106,
    "confidence" : 1
  }
},{
  "dateTime" : "10/03/20 09:39:37",
  "value" : {
    "bpm" : 107,
    "confidence" : 2
  }
},{
  "dateTime" : "10/03/20 09:39:47",
  "value" : {
    "bpm" : 106,
    "confidence" : 1
  }
},{
  "dateTime" : "10/03/20 09:39:57",
  "value" : {
    "bpm" : 105,
    "confidence" : 2
  }
},{
  "dateTime" : "10/03/20 09:40:02",
  "value" : {
    "bpm" : 101,
    "confidence" : 2
  }
},{
  "dateTime" : "10/03/20 09:40:07",
  "value" : {
    "bpm" : 100,
    "confidence" : 2
  }
},{
  "dateTime" : "10/03/20 09:40:17",
  "value" : {
    "bpm" : 102,
    "confidence" : 2
  }
},{
  "dateTime" : "10/03/20 09:40:27",
  "value" : {
    "bpm" : 99,
    "confidence" : 2
  }
},{
  "dateTime" : "10/03/20 09:40:32",
  "value" : {
    "bpm" : 95,
    "confidence" : 2
  }
},{
  "dateTime" : "10/03/20 09:40:37",
  "value" : {
    "bpm" : 97,
    "confidence" : 2
  }
},{
  "dateTime" : "10/03/20 09:40:42",
  "value" : {
    "bpm" : 102,
    "confidence" : 2
  }
},{
  "dateTime" : "10/03/20 09:40:47",
  "value" : {
    "bpm" : 103,
    "confidence" : 2
  }
},{
  "dateTime" : "10/03/20 09:40:52",
  "value" : {
    "bpm" : 102,
    "confidence" : 2
  }
},{
  "dateTime" : "10/03/20 09:41:02",
  "value" : {
    "bpm" : 107,
    "confidence" : 2
  }
},{
  "dateTime" : "10/03/20 09:41:07",
  "value" : {
    "bpm" : 109,
    "confidence" : 1
  }
},{
  "dateTime" : "10/03/20 09:41:12",
  "value" : {
    "bpm" : 110,
    "confidence" : 1
  }
},{
  "dateTime" : "10/03/20 09:41:27",
  "value" : {
    "bpm" : 110,
    "confidence" : 1
  }
},{
  "dateTime" : "10/03/20 09:41:42",
  "value" : {
    "bpm" : 110,
    "confidence" : 1
  }
},{
  "dateTime" : "10/03/20 09:41:52",
  "value" : {
    "bpm" : 111,
    "confidence" : 1
  }
},{
  "dateTime" : "10/03/20 09:41:57",
  "value" : {
    "bpm" : 115,
    "confidence" : 1
  }
},{
  "dateTime" : "10/03/20 09:42:02",
  "value" : {
    "bpm" : 116,
    "confidence" : 1
  }
},{
  "dateTime" : "10/03/20 09:42:12",
  "value" : {
    "bpm" : 114,
    "confidence" : 1
  }
},{
  "dateTime" : "10/03/20 09:42:17",
  "value" : {
    "bpm" : 110,
    "confidence" : 1
  }
},{
  "dateTime" : "10/03/20 09:42:22",
  "value" : {
    "bpm" : 108,
    "confidence" : 1
  }
},{
  "dateTime" : "10/03/20 09:42:27",
  "value" : {
    "bpm" : 114,
    "confidence" : 1
  }
},{
  "dateTime" : "10/03/20 09:42:32",
  "value" : {
    "bpm" : 113,
    "confidence" : 1
  }
},{
  "dateTime" : "10/03/20 09:42:37",
  "value" : {
    "bpm" : 112,
    "confidence" : 1
  }
},{
  "dateTime" : "10/03/20 09:42:42",
  "value" : {
    "bpm" : 110,
    "confidence" : 2
  }
},{
  "dateTime" : "10/03/20 09:42:47",
  "value" : {
    "bpm" : 108,
    "confidence" : 1
  }
},{
  "dateTime" : "10/03/20 09:42:52",
  "value" : {
    "bpm" : 107,
    "confidence" : 1
  }
},{
  "dateTime" : "10/03/20 09:42:57",
  "value" : {
    "bpm" : 106,
    "confidence" : 1
  }
},{
  "dateTime" : "10/03/20 09:43:02",
  "value" : {
    "bpm" : 104,
    "confidence" : 2
  }
},{
  "dateTime" : "10/03/20 09:43:07",
  "value" : {
    "bpm" : 103,
    "confidence" : 2
  }
},{
  "dateTime" : "10/03/20 09:43:17",
  "value" : {
    "bpm" : 102,
    "confidence" : 2
  }
},{
  "dateTime" : "10/03/20 09:43:22",
  "value" : {
    "bpm" : 104,
    "confidence" : 2
  }
},{
  "dateTime" : "10/03/20 09:43:27",
  "value" : {
    "bpm" : 105,
    "confidence" : 2
  }
},{
  "dateTime" : "10/03/20 09:43:37",
  "value" : {
    "bpm" : 107,
    "confidence" : 2
  }
},{
  "dateTime" : "10/03/20 09:43:42",
  "value" : {
    "bpm" : 108,
    "confidence" : 2
  }
},{
  "dateTime" : "10/03/20 09:43:52",
  "value" : {
    "bpm" : 103,
    "confidence" : 2
  }
},{
  "dateTime" : "10/03/20 09:44:02",
  "value" : {
    "bpm" : 107,
    "confidence" : 1
  }
},{
  "dateTime" : "10/03/20 09:44:07",
  "value" : {
    "bpm" : 101,
    "confidence" : 1
  }
},{
  "dateTime" : "10/03/20 09:44:12",
  "value" : {
    "bpm" : 99,
    "confidence" : 1
  }
},{
  "dateTime" : "10/03/20 09:44:17",
  "value" : {
    "bpm" : 96,
    "confidence" : 2
  }
},{
  "dateTime" : "10/03/20 09:44:22",
  "value" : {
    "bpm" : 98,
    "confidence" : 2
  }
},{
  "dateTime" : "10/03/20 09:44:27",
  "value" : {
    "bpm" : 99,
    "confidence" : 2
  }
},{
  "dateTime" : "10/03/20 09:44:32",
  "value" : {
    "bpm" : 101,
    "confidence" : 2
  }
},{
  "dateTime" : "10/03/20 09:44:37",
  "value" : {
    "bpm" : 102,
    "confidence" : 2
  }
},{
  "dateTime" : "10/03/20 09:44:42",
  "value" : {
    "bpm" : 103,
    "confidence" : 2
  }
},{
  "dateTime" : "10/03/20 09:44:47",
  "value" : {
    "bpm" : 104,
    "confidence" : 2
  }
},{
  "dateTime" : "10/03/20 09:44:52",
  "value" : {
    "bpm" : 106,
    "confidence" : 2
  }
},{
  "dateTime" : "10/03/20 09:45:02",
  "value" : {
    "bpm" : 104,
    "confidence" : 2
  }
},{
  "dateTime" : "10/03/20 09:45:07",
  "value" : {
    "bpm" : 102,
    "confidence" : 2
  }
},{
  "dateTime" : "10/03/20 09:45:12",
  "value" : {
    "bpm" : 98,
    "confidence" : 2
  }
},{
  "dateTime" : "10/03/20 09:45:22",
  "value" : {
    "bpm" : 97,
    "confidence" : 1
  }
},{
  "dateTime" : "10/03/20 09:45:27",
  "value" : {
    "bpm" : 100,
    "confidence" : 1
  }
},{
  "dateTime" : "10/03/20 09:45:32",
  "value" : {
    "bpm" : 102,
    "confidence" : 1
  }
},{
  "dateTime" : "10/03/20 09:45:37",
  "value" : {
    "bpm" : 109,
    "confidence" : 1
  }
},{
  "dateTime" : "10/03/20 09:45:42",
  "value" : {
    "bpm" : 110,
    "confidence" : 1
  }
},{
  "dateTime" : "10/03/20 09:45:47",
  "value" : {
    "bpm" : 113,
    "confidence" : 2
  }
},{
  "dateTime" : "10/03/20 09:45:52",
  "value" : {
    "bpm" : 112,
    "confidence" : 2
  }
},{
  "dateTime" : "10/03/20 09:46:02",
  "value" : {
    "bpm" : 111,
    "confidence" : 1
  }
},{
  "dateTime" : "10/03/20 09:46:07",
  "value" : {
    "bpm" : 107,
    "confidence" : 1
  }
},{
  "dateTime" : "10/03/20 09:46:12",
  "value" : {
    "bpm" : 102,
    "confidence" : 1
  }
},{
  "dateTime" : "10/03/20 09:46:22",
  "value" : {
    "bpm" : 106,
    "confidence" : 1
  }
},{
  "dateTime" : "10/03/20 09:46:27",
  "value" : {
    "bpm" : 110,
    "confidence" : 1
  }
},{
  "dateTime" : "10/03/20 09:46:32",
  "value" : {
    "bpm" : 109,
    "confidence" : 1
  }
},{
  "dateTime" : "10/03/20 09:46:37",
  "value" : {
    "bpm" : 106,
    "confidence" : 1
  }
},{
  "dateTime" : "10/03/20 09:46:42",
  "value" : {
    "bpm" : 103,
    "confidence" : 1
  }
},{
  "dateTime" : "10/03/20 09:46:48",
  "value" : {
    "bpm" : 98,
    "confidence" : 1
  }
},{
  "dateTime" : "10/03/20 09:46:53",
  "value" : {
    "bpm" : 99,
    "confidence" : 1
  }
},{
  "dateTime" : "10/03/20 09:46:58",
  "value" : {
    "bpm" : 98,
    "confidence" : 1
  }
},{
  "dateTime" : "10/03/20 09:47:03",
  "value" : {
    "bpm" : 99,
    "confidence" : 1
  }
},{
  "dateTime" : "10/03/20 09:47:08",
  "value" : {
    "bpm" : 102,
    "confidence" : 2
  }
},{
  "dateTime" : "10/03/20 09:47:13",
  "value" : {
    "bpm" : 103,
    "confidence" : 2
  }
},{
  "dateTime" : "10/03/20 09:47:23",
  "value" : {
    "bpm" : 106,
    "confidence" : 2
  }
},{
  "dateTime" : "10/03/20 09:47:28",
  "value" : {
    "bpm" : 103,
    "confidence" : 2
  }
},{
  "dateTime" : "10/03/20 09:47:33",
  "value" : {
    "bpm" : 100,
    "confidence" : 2
  }
},{
  "dateTime" : "10/03/20 09:47:38",
  "value" : {
    "bpm" : 97,
    "confidence" : 2
  }
},{
  "dateTime" : "10/03/20 09:47:43",
  "value" : {
    "bpm" : 106,
    "confidence" : 2
  }
},{
  "dateTime" : "10/03/20 09:47:48",
  "value" : {
    "bpm" : 111,
    "confidence" : 2
  }
},{
  "dateTime" : "10/03/20 09:47:58",
  "value" : {
    "bpm" : 110,
    "confidence" : 2
  }
},{
  "dateTime" : "10/03/20 09:48:08",
  "value" : {
    "bpm" : 111,
    "confidence" : 2
  }
},{
  "dateTime" : "10/03/20 09:48:13",
  "value" : {
    "bpm" : 110,
    "confidence" : 2
  }
},{
  "dateTime" : "10/03/20 09:48:28",
  "value" : {
    "bpm" : 111,
    "confidence" : 2
  }
},{
  "dateTime" : "10/03/20 09:48:38",
  "value" : {
    "bpm" : 109,
    "confidence" : 2
  }
},{
  "dateTime" : "10/03/20 09:48:43",
  "value" : {
    "bpm" : 108,
    "confidence" : 2
  }
},{
  "dateTime" : "10/03/20 09:48:48",
  "value" : {
    "bpm" : 112,
    "confidence" : 2
  }
},{
  "dateTime" : "10/03/20 09:48:53",
  "value" : {
    "bpm" : 115,
    "confidence" : 2
  }
},{
  "dateTime" : "10/03/20 09:48:58",
  "value" : {
    "bpm" : 116,
    "confidence" : 2
  }
},{
  "dateTime" : "10/03/20 09:49:03",
  "value" : {
    "bpm" : 118,
    "confidence" : 2
  }
},{
  "dateTime" : "10/03/20 09:49:13",
  "value" : {
    "bpm" : 120,
    "confidence" : 2
  }
},{
  "dateTime" : "10/03/20 09:49:18",
  "value" : {
    "bpm" : 118,
    "confidence" : 2
  }
},{
  "dateTime" : "10/03/20 09:49:33",
  "value" : {
    "bpm" : 118,
    "confidence" : 2
  }
},{
  "dateTime" : "10/03/20 09:49:39",
  "value" : {
    "bpm" : 115,
    "confidence" : 2
  }
},{
  "dateTime" : "10/03/20 09:49:44",
  "value" : {
    "bpm" : 116,
    "confidence" : 2
  }
},{
  "dateTime" : "10/03/20 09:49:54",
  "value" : {
    "bpm" : 115,
    "confidence" : 1
  }
},{
  "dateTime" : "10/03/20 09:49:59",
  "value" : {
    "bpm" : 116,
    "confidence" : 1
  }
},{
  "dateTime" : "10/03/20 09:50:04",
  "value" : {
    "bpm" : 117,
    "confidence" : 1
  }
},{
  "dateTime" : "10/03/20 09:50:09",
  "value" : {
    "bpm" : 119,
    "confidence" : 1
  }
},{
  "dateTime" : "10/03/20 09:50:14",
  "value" : {
    "bpm" : 121,
    "confidence" : 1
  }
},{
  "dateTime" : "10/03/20 09:50:24",
  "value" : {
    "bpm" : 120,
    "confidence" : 1
  }
},{
  "dateTime" : "10/03/20 09:50:29",
  "value" : {
    "bpm" : 121,
    "confidence" : 1
  }
},{
  "dateTime" : "10/03/20 09:50:34",
  "value" : {
    "bpm" : 122,
    "confidence" : 1
  }
},{
  "dateTime" : "10/03/20 09:50:39",
  "value" : {
    "bpm" : 121,
    "confidence" : 1
  }
},{
  "dateTime" : "10/03/20 09:50:49",
  "value" : {
    "bpm" : 118,
    "confidence" : 1
  }
},{
  "dateTime" : "10/03/20 09:51:04",
  "value" : {
    "bpm" : 118,
    "confidence" : 1
  }
},{
  "dateTime" : "10/03/20 09:51:19",
  "value" : {
    "bpm" : 118,
    "confidence" : 2
  }
},{
  "dateTime" : "10/03/20 09:51:24",
  "value" : {
    "bpm" : 119,
    "confidence" : 2
  }
},{
  "dateTime" : "10/03/20 09:51:29",
  "value" : {
    "bpm" : 120,
    "confidence" : 1
  }
},{
  "dateTime" : "10/03/20 09:51:44",
  "value" : {
    "bpm" : 120,
    "confidence" : 1
  }
},{
  "dateTime" : "10/03/20 09:51:49",
  "value" : {
    "bpm" : 117,
    "confidence" : 1
  }
},{
  "dateTime" : "10/03/20 09:51:54",
  "value" : {
    "bpm" : 114,
    "confidence" : 1
  }
},{
  "dateTime" : "10/03/20 09:51:59",
  "value" : {
    "bpm" : 113,
    "confidence" : 2
  }
},{
  "dateTime" : "10/03/20 09:52:04",
  "value" : {
    "bpm" : 112,
    "confidence" : 2
  }
},{
  "dateTime" : "10/03/20 09:52:09",
  "value" : {
    "bpm" : 111,
    "confidence" : 2
  }
},{
  "dateTime" : "10/03/20 09:52:24",
  "value" : {
    "bpm" : 111,
    "confidence" : 2
  }
},{
  "dateTime" : "10/03/20 09:52:34",
  "value" : {
    "bpm" : 112,
    "confidence" : 1
  }
},{
  "dateTime" : "10/03/20 09:52:49",
  "value" : {
    "bpm" : 113,
    "confidence" : 1
  }
},{
  "dateTime" : "10/03/20 09:52:59",
  "value" : {
    "bpm" : 112,
    "confidence" : 1
  }
},{
  "dateTime" : "10/03/20 09:53:04",
  "value" : {
    "bpm" : 113,
    "confidence" : 1
  }
},{
  "dateTime" : "10/03/20 09:53:09",
  "value" : {
    "bpm" : 115,
    "confidence" : 1
  }
},{
  "dateTime" : "10/03/20 09:53:14",
  "value" : {
    "bpm" : 117,
    "confidence" : 2
  }
},{
  "dateTime" : "10/03/20 09:53:19",
  "value" : {
    "bpm" : 119,
    "confidence" : 2
  }
},{
  "dateTime" : "10/03/20 09:53:24",
  "value" : {
    "bpm" : 118,
    "confidence" : 2
  }
},{
  "dateTime" : "10/03/20 09:53:39",
  "value" : {
    "bpm" : 117,
    "confidence" : 2
  }
},{
  "dateTime" : "10/03/20 09:53:44",
  "value" : {
    "bpm" : 116,
    "confidence" : 2
  }
},{
  "dateTime" : "10/03/20 09:53:59",
  "value" : {
    "bpm" : 117,
    "confidence" : 2
  }
},{
  "dateTime" : "10/03/20 09:54:14",
  "value" : {
    "bpm" : 117,
    "confidence" : 1
  }
},{
  "dateTime" : "10/03/20 09:54:19",
  "value" : {
    "bpm" : 118,
    "confidence" : 1
  }
},{
  "dateTime" : "10/03/20 09:54:29",
  "value" : {
    "bpm" : 119,
    "confidence" : 1
  }
},{
  "dateTime" : "10/03/20 09:54:34",
  "value" : {
    "bpm" : 118,
    "confidence" : 1
  }
},{
  "dateTime" : "10/03/20 09:54:49",
  "value" : {
    "bpm" : 117,
    "confidence" : 1
  }
},{
  "dateTime" : "10/03/20 09:54:54",
  "value" : {
    "bpm" : 116,
    "confidence" : 1
  }
},{
  "dateTime" : "10/03/20 09:54:59",
  "value" : {
    "bpm" : 113,
    "confidence" : 1
  }
},{
  "dateTime" : "10/03/20 09:55:04",
  "value" : {
    "bpm" : 111,
    "confidence" : 1
  }
},{
  "dateTime" : "10/03/20 09:55:09",
  "value" : {
    "bpm" : 106,
    "confidence" : 1
  }
},{
  "dateTime" : "10/03/20 09:55:14",
  "value" : {
    "bpm" : 101,
    "confidence" : 1
  }
},{
  "dateTime" : "10/03/20 09:55:24",
  "value" : {
    "bpm" : 100,
    "confidence" : 1
  }
},{
  "dateTime" : "10/03/20 09:55:29",
  "value" : {
    "bpm" : 99,
    "confidence" : 1
  }
},{
  "dateTime" : "10/03/20 09:55:34",
  "value" : {
    "bpm" : 100,
    "confidence" : 2
  }
},{
  "dateTime" : "10/03/20 09:55:39",
  "value" : {
    "bpm" : 102,
    "confidence" : 2
  }
},{
  "dateTime" : "10/03/20 09:55:49",
  "value" : {
    "bpm" : 102,
    "confidence" : 1
  }
},{
  "dateTime" : "10/03/20 09:55:54",
  "value" : {
    "bpm" : 96,
    "confidence" : 1
  }
},{
  "dateTime" : "10/03/20 09:55:59",
  "value" : {
    "bpm" : 91,
    "confidence" : 1
  }
},{
  "dateTime" : "10/03/20 09:56:04",
  "value" : {
    "bpm" : 88,
    "confidence" : 1
  }
},{
  "dateTime" : "10/03/20 09:56:09",
  "value" : {
    "bpm" : 87,
    "confidence" : 2
  }
},{
  "dateTime" : "10/03/20 09:56:14",
  "value" : {
    "bpm" : 91,
    "confidence" : 2
  }
},{
  "dateTime" : "10/03/20 09:56:19",
  "value" : {
    "bpm" : 93,
    "confidence" : 2
  }
},{
  "dateTime" : "10/03/20 09:56:24",
  "value" : {
    "bpm" : 99,
    "confidence" : 2
  }
},{
  "dateTime" : "10/03/20 09:56:34",
  "value" : {
    "bpm" : 98,
    "confidence" : 2
  }
},{
  "dateTime" : "10/03/20 09:56:39",
  "value" : {
    "bpm" : 100,
    "confidence" : 2
  }
},{
  "dateTime" : "10/03/20 09:56:44",
  "value" : {
    "bpm" : 99,
    "confidence" : 1
  }
},{
  "dateTime" : "10/03/20 09:56:49",
  "value" : {
    "bpm" : 103,
    "confidence" : 1
  }
},{
  "dateTime" : "10/03/20 09:56:54",
  "value" : {
    "bpm" : 112,
    "confidence" : 1
  }
},{
  "dateTime" : "10/03/20 09:56:59",
  "value" : {
    "bpm" : 114,
    "confidence" : 1
  }
},{
  "dateTime" : "10/03/20 09:57:04",
  "value" : {
    "bpm" : 111,
    "confidence" : 1
  }
},{
  "dateTime" : "10/03/20 09:57:09",
  "value" : {
    "bpm" : 107,
    "confidence" : 1
  }
},{
  "dateTime" : "10/03/20 09:57:14",
  "value" : {
    "bpm" : 104,
    "confidence" : 1
  }
},{
  "dateTime" : "10/03/20 09:57:19",
  "value" : {
    "bpm" : 102,
    "confidence" : 1
  }
},{
  "dateTime" : "10/03/20 09:57:29",
  "value" : {
    "bpm" : 106,
    "confidence" : 1
  }
},{
  "dateTime" : "10/03/20 09:57:34",
  "value" : {
    "bpm" : 108,
    "confidence" : 1
  }
},{
  "dateTime" : "10/03/20 09:57:39",
  "value" : {
    "bpm" : 108,
    "confidence" : 2
  }
},{
  "dateTime" : "10/03/20 09:57:44",
  "value" : {
    "bpm" : 107,
    "confidence" : 2
  }
},{
  "dateTime" : "10/03/20 09:57:49",
  "value" : {
    "bpm" : 103,
    "confidence" : 2
  }
},{
  "dateTime" : "10/03/20 09:57:54",
  "value" : {
    "bpm" : 100,
    "confidence" : 2
  }
},{
  "dateTime" : "10/03/20 09:57:59",
  "value" : {
    "bpm" : 97,
    "confidence" : 2
  }
},{
  "dateTime" : "10/03/20 09:58:04",
  "value" : {
    "bpm" : 98,
    "confidence" : 2
  }
},{
  "dateTime" : "10/03/20 09:58:09",
  "value" : {
    "bpm" : 99,
    "confidence" : 2
  }
},{
  "dateTime" : "10/03/20 09:58:19",
  "value" : {
    "bpm" : 98,
    "confidence" : 2
  }
},{
  "dateTime" : "10/03/20 09:58:24",
  "value" : {
    "bpm" : 97,
    "confidence" : 2
  }
},{
  "dateTime" : "10/03/20 09:58:29",
  "value" : {
    "bpm" : 99,
    "confidence" : 2
  }
},{
  "dateTime" : "10/03/20 09:58:34",
  "value" : {
    "bpm" : 98,
    "confidence" : 2
  }
},{
  "dateTime" : "10/03/20 09:58:39",
  "value" : {
    "bpm" : 97,
    "confidence" : 2
  }
},{
  "dateTime" : "10/03/20 09:58:44",
  "value" : {
    "bpm" : 98,
    "confidence" : 2
  }
},{
  "dateTime" : "10/03/20 09:58:49",
  "value" : {
    "bpm" : 99,
    "confidence" : 2
  }
},{
  "dateTime" : "10/03/20 09:58:54",
  "value" : {
    "bpm" : 97,
    "confidence" : 2
  }
},{
  "dateTime" : "10/03/20 09:58:59",
  "value" : {
    "bpm" : 101,
    "confidence" : 2
  }
},{
  "dateTime" : "10/03/20 09:59:04",
  "value" : {
    "bpm" : 105,
    "confidence" : 2
  }
},{
  "dateTime" : "10/03/20 09:59:19",
  "value" : {
    "bpm" : 108,
    "confidence" : 2
  }
},{
  "dateTime" : "10/03/20 09:59:24",
  "value" : {
    "bpm" : 110,
    "confidence" : 2
  }
},{
  "dateTime" : "10/03/20 09:59:29",
  "value" : {
    "bpm" : 107,
    "confidence" : 2
  }
},{
  "dateTime" : "10/03/20 09:59:34",
  "value" : {
    "bpm" : 104,
    "confidence" : 2
  }
},{
  "dateTime" : "10/03/20 09:59:39",
  "value" : {
    "bpm" : 102,
    "confidence" : 1
  }
},{
  "dateTime" : "10/03/20 09:59:44",
  "value" : {
    "bpm" : 97,
    "confidence" : 1
  }
},{
  "dateTime" : "10/03/20 09:59:49",
  "value" : {
    "bpm" : 95,
    "confidence" : 1
  }
},{
  "dateTime" : "10/03/20 09:59:54",
  "value" : {
    "bpm" : 99,
    "confidence" : 1
  }
},{
  "dateTime" : "10/03/20 09:59:59",
  "value" : {
    "bpm" : 104,
    "confidence" : 1
  }
},{
  "dateTime" : "10/03/20 10:00:04",
  "value" : {
    "bpm" : 108,
    "confidence" : 1
  }
},{
  "dateTime" : "10/03/20 10:00:09",
  "value" : {
    "bpm" : 111,
    "confidence" : 1
  }
},{
  "dateTime" : "10/03/20 10:00:14",
  "value" : {
    "bpm" : 112,
    "confidence" : 1
  }
},{
  "dateTime" : "10/03/20 10:00:24",
  "value" : {
    "bpm" : 110,
    "confidence" : 1
  }
},{
  "dateTime" : "10/03/20 10:00:29",
  "value" : {
    "bpm" : 107,
    "confidence" : 0
  }
},{
  "dateTime" : "10/03/20 10:00:34",
  "value" : {
    "bpm" : 109,
    "confidence" : 1
  }
},{
  "dateTime" : "10/03/20 10:00:39",
  "value" : {
    "bpm" : 113,
    "confidence" : 1
  }
},{
  "dateTime" : "10/03/20 10:00:44",
  "value" : {
    "bpm" : 114,
    "confidence" : 1
  }
},{
  "dateTime" : "10/03/20 10:00:54",
  "value" : {
    "bpm" : 113,
    "confidence" : 1
  }
},{
  "dateTime" : "10/03/20 10:01:04",
  "value" : {
    "bpm" : 112,
    "confidence" : 1
  }
},{
  "dateTime" : "10/03/20 10:01:09",
  "value" : {
    "bpm" : 109,
    "confidence" : 1
  }
},{
  "dateTime" : "10/03/20 10:01:19",
  "value" : {
    "bpm" : 110,
    "confidence" : 1
  }
},{
  "dateTime" : "10/03/20 10:01:24",
  "value" : {
    "bpm" : 111,
    "confidence" : 2
  }
},{
  "dateTime" : "10/03/20 10:01:29",
  "value" : {
    "bpm" : 111,
    "confidence" : 2
  }
},{
  "dateTime" : "10/03/20 10:01:44",
  "value" : {
    "bpm" : 110,
    "confidence" : 2
  }
},{
  "dateTime" : "10/03/20 10:01:59",
  "value" : {
    "bpm" : 110,
    "confidence" : 2
  }
},{
  "dateTime" : "10/03/20 10:02:04",
  "value" : {
    "bpm" : 108,
    "confidence" : 2
  }
},{
  "dateTime" : "10/03/20 10:02:09",
  "value" : {
    "bpm" : 103,
    "confidence" : 2
  }
},{
  "dateTime" : "10/03/20 10:02:14",
  "value" : {
    "bpm" : 98,
    "confidence" : 1
  }
},{
  "dateTime" : "10/03/20 10:02:19",
  "value" : {
    "bpm" : 93,
    "confidence" : 1
  }
},{
  "dateTime" : "10/03/20 10:02:24",
  "value" : {
    "bpm" : 94,
    "confidence" : 1
  }
},{
  "dateTime" : "10/03/20 10:02:29",
  "value" : {
    "bpm" : 96,
    "confidence" : 1
  }
},{
  "dateTime" : "10/03/20 10:02:34",
  "value" : {
    "bpm" : 97,
    "confidence" : 1
  }
},{
  "dateTime" : "10/03/20 10:02:39",
  "value" : {
    "bpm" : 99,
    "confidence" : 2
  }
},{
  "dateTime" : "10/03/20 10:02:44",
  "value" : {
    "bpm" : 101,
    "confidence" : 2
  }
},{
  "dateTime" : "10/03/20 10:02:49",
  "value" : {
    "bpm" : 102,
    "confidence" : 2
  }
},{
  "dateTime" : "10/03/20 10:02:54",
  "value" : {
    "bpm" : 105,
    "confidence" : 1
  }
},{
  "dateTime" : "10/03/20 10:02:59",
  "value" : {
    "bpm" : 106,
    "confidence" : 1
  }
},{
  "dateTime" : "10/03/20 10:03:04",
  "value" : {
    "bpm" : 105,
    "confidence" : 1
  }
},{
  "dateTime" : "10/03/20 10:03:09",
  "value" : {
    "bpm" : 106,
    "confidence" : 1
  }
},{
  "dateTime" : "10/03/20 10:03:14",
  "value" : {
    "bpm" : 108,
    "confidence" : 1
  }
},{
  "dateTime" : "10/03/20 10:03:29",
  "value" : {
    "bpm" : 109,
    "confidence" : 1
  }
},{
  "dateTime" : "10/03/20 10:03:34",
  "value" : {
    "bpm" : 109,
    "confidence" : 2
  }
},{
  "dateTime" : "10/03/20 10:03:39",
  "value" : {
    "bpm" : 108,
    "confidence" : 2
  }
},{
  "dateTime" : "10/03/20 10:03:44",
  "value" : {
    "bpm" : 106,
    "confidence" : 1
  }
},{
  "dateTime" : "10/03/20 10:03:49",
  "value" : {
    "bpm" : 105,
    "confidence" : 1
  }
},{
  "dateTime" : "10/03/20 10:03:54",
  "value" : {
    "bpm" : 106,
    "confidence" : 1
  }
},{
  "dateTime" : "10/03/20 10:04:09",
  "value" : {
    "bpm" : 105,
    "confidence" : 1
  }
},{
  "dateTime" : "10/03/20 10:04:14",
  "value" : {
    "bpm" : 107,
    "confidence" : 1
  }
},{
  "dateTime" : "10/03/20 10:04:19",
  "value" : {
    "bpm" : 108,
    "confidence" : 1
  }
},{
  "dateTime" : "10/03/20 10:04:24",
  "value" : {
    "bpm" : 107,
    "confidence" : 2
  }
},{
  "dateTime" : "10/03/20 10:04:29",
  "value" : {
    "bpm" : 105,
    "confidence" : 2
  }
},{
  "dateTime" : "10/03/20 10:04:39",
  "value" : {
    "bpm" : 104,
    "confidence" : 2
  }
},{
  "dateTime" : "10/03/20 10:04:44",
  "value" : {
    "bpm" : 99,
    "confidence" : 1
  }
},{
  "dateTime" : "10/03/20 10:04:49",
  "value" : {
    "bpm" : 96,
    "confidence" : 1
  }
},{
  "dateTime" : "10/03/20 10:04:54",
  "value" : {
    "bpm" : 99,
    "confidence" : 1
  }
},{
  "dateTime" : "10/03/20 10:04:59",
  "value" : {
    "bpm" : 103,
    "confidence" : 1
  }
},{
  "dateTime" : "10/03/20 10:05:04",
  "value" : {
    "bpm" : 105,
    "confidence" : 1
  }
},{
  "dateTime" : "10/03/20 10:05:09",
  "value" : {
    "bpm" : 107,
    "confidence" : 1
  }
},{
  "dateTime" : "10/03/20 10:05:14",
  "value" : {
    "bpm" : 109,
    "confidence" : 1
  }
},{
  "dateTime" : "10/03/20 10:05:19",
  "value" : {
    "bpm" : 111,
    "confidence" : 1
  }
},{
  "dateTime" : "10/03/20 10:05:24",
  "value" : {
    "bpm" : 114,
    "confidence" : 1
  }
},{
  "dateTime" : "10/03/20 10:05:29",
  "value" : {
    "bpm" : 115,
    "confidence" : 1
  }
},{
  "dateTime" : "10/03/20 10:05:34",
  "value" : {
    "bpm" : 117,
    "confidence" : 1
  }
},{
  "dateTime" : "10/03/20 10:05:39",
  "value" : {
    "bpm" : 117,
    "confidence" : 2
  }
},{
  "dateTime" : "10/03/20 10:05:44",
  "value" : {
    "bpm" : 119,
    "confidence" : 2
  }
},{
  "dateTime" : "10/03/20 10:05:49",
  "value" : {
    "bpm" : 122,
    "confidence" : 2
  }
},{
  "dateTime" : "10/03/20 10:05:54",
  "value" : {
    "bpm" : 121,
    "confidence" : 2
  }
},{
  "dateTime" : "10/03/20 10:06:04",
  "value" : {
    "bpm" : 119,
    "confidence" : 2
  }
},{
  "dateTime" : "10/03/20 10:06:09",
  "value" : {
    "bpm" : 117,
    "confidence" : 1
  }
},{
  "dateTime" : "10/03/20 10:06:14",
  "value" : {
    "bpm" : 120,
    "confidence" : 1
  }
},{
  "dateTime" : "10/03/20 10:06:24",
  "value" : {
    "bpm" : 117,
    "confidence" : 1
  }
},{
  "dateTime" : "10/03/20 10:06:29",
  "value" : {
    "bpm" : 115,
    "confidence" : 1
  }
},{
  "dateTime" : "10/03/20 10:06:34",
  "value" : {
    "bpm" : 116,
    "confidence" : 1
  }
},{
  "dateTime" : "10/03/20 10:06:39",
  "value" : {
    "bpm" : 120,
    "confidence" : 1
  }
},{
  "dateTime" : "10/03/20 10:06:44",
  "value" : {
    "bpm" : 123,
    "confidence" : 2
  }
},{
  "dateTime" : "10/03/20 10:06:49",
  "value" : {
    "bpm" : 124,
    "confidence" : 2
  }
},{
  "dateTime" : "10/03/20 10:06:55",
  "value" : {
    "bpm" : 122,
    "confidence" : 2
  }
},{
  "dateTime" : "10/03/20 10:07:00",
  "value" : {
    "bpm" : 119,
    "confidence" : 2
  }
},{
  "dateTime" : "10/03/20 10:07:05",
  "value" : {
    "bpm" : 118,
    "confidence" : 2
  }
},{
  "dateTime" : "10/03/20 10:07:10",
  "value" : {
    "bpm" : 119,
    "confidence" : 2
  }
},{
  "dateTime" : "10/03/20 10:07:15",
  "value" : {
    "bpm" : 118,
    "confidence" : 2
  }
},{
  "dateTime" : "10/03/20 10:07:25",
  "value" : {
    "bpm" : 115,
    "confidence" : 2
  }
},{
  "dateTime" : "10/03/20 10:07:30",
  "value" : {
    "bpm" : 114,
    "confidence" : 1
  }
},{
  "dateTime" : "10/03/20 10:07:35",
  "value" : {
    "bpm" : 110,
    "confidence" : 1
  }
},{
  "dateTime" : "10/03/20 10:07:40",
  "value" : {
    "bpm" : 112,
    "confidence" : 1
  }
},{
  "dateTime" : "10/03/20 10:07:50",
  "value" : {
    "bpm" : 113,
    "confidence" : 1
  }
},{
  "dateTime" : "10/03/20 10:07:55",
  "value" : {
    "bpm" : 117,
    "confidence" : 1
  }
},{
  "dateTime" : "10/03/20 10:08:00",
  "value" : {
    "bpm" : 120,
    "confidence" : 1
  }
},{
  "dateTime" : "10/03/20 10:08:05",
  "value" : {
    "bpm" : 120,
    "confidence" : 2
  }
},{
  "dateTime" : "10/03/20 10:08:10",
  "value" : {
    "bpm" : 118,
    "confidence" : 2
  }
},{
  "dateTime" : "10/03/20 10:08:20",
  "value" : {
    "bpm" : 115,
    "confidence" : 2
  }
},{
  "dateTime" : "10/03/20 10:08:30",
  "value" : {
    "bpm" : 117,
    "confidence" : 1
  }
},{
  "dateTime" : "10/03/20 10:08:35",
  "value" : {
    "bpm" : 120,
    "confidence" : 1
  }
},{
  "dateTime" : "10/03/20 10:08:45",
  "value" : {
    "bpm" : 121,
    "confidence" : 1
  }
},{
  "dateTime" : "10/03/20 10:08:50",
  "value" : {
    "bpm" : 122,
    "confidence" : 1
  }
},{
  "dateTime" : "10/03/20 10:09:00",
  "value" : {
    "bpm" : 120,
    "confidence" : 1
  }
},{
  "dateTime" : "10/03/20 10:09:05",
  "value" : {
    "bpm" : 119,
    "confidence" : 1
  }
},{
  "dateTime" : "10/03/20 10:09:10",
  "value" : {
    "bpm" : 123,
    "confidence" : 1
  }
},{
  "dateTime" : "10/03/20 10:09:15",
  "value" : {
    "bpm" : 126,
    "confidence" : 1
  }
},{
  "dateTime" : "10/03/20 10:09:20",
  "value" : {
    "bpm" : 128,
    "confidence" : 2
  }
},{
  "dateTime" : "10/03/20 10:09:25",
  "value" : {
    "bpm" : 127,
    "confidence" : 2
  }
},{
  "dateTime" : "10/03/20 10:09:30",
  "value" : {
    "bpm" : 129,
    "confidence" : 2
  }
},{
  "dateTime" : "10/03/20 10:09:35",
  "value" : {
    "bpm" : 131,
    "confidence" : 2
  }
},{
  "dateTime" : "10/03/20 10:09:40",
  "value" : {
    "bpm" : 132,
    "confidence" : 2
  }
},{
  "dateTime" : "10/03/20 10:09:55",
  "value" : {
    "bpm" : 132,
    "confidence" : 2
  }
},{
  "dateTime" : "10/03/20 10:10:00",
  "value" : {
    "bpm" : 131,
    "confidence" : 2
  }
},{
  "dateTime" : "10/03/20 10:10:05",
  "value" : {
    "bpm" : 130,
    "confidence" : 2
  }
},{
  "dateTime" : "10/03/20 10:10:20",
  "value" : {
    "bpm" : 130,
    "confidence" : 2
  }
},{
  "dateTime" : "10/03/20 10:10:35",
  "value" : {
    "bpm" : 130,
    "confidence" : 2
  }
},{
  "dateTime" : "10/03/20 10:10:45",
  "value" : {
    "bpm" : 131,
    "confidence" : 2
  }
},{
  "dateTime" : "10/03/20 10:10:50",
  "value" : {
    "bpm" : 133,
    "confidence" : 2
  }
},{
  "dateTime" : "10/03/20 10:11:00",
  "value" : {
    "bpm" : 131,
    "confidence" : 2
  }
},{
  "dateTime" : "10/03/20 10:11:05",
  "value" : {
    "bpm" : 130,
    "confidence" : 2
  }
},{
  "dateTime" : "10/03/20 10:11:10",
  "value" : {
    "bpm" : 132,
    "confidence" : 2
  }
},{
  "dateTime" : "10/03/20 10:11:25",
  "value" : {
    "bpm" : 131,
    "confidence" : 2
  }
},{
  "dateTime" : "10/03/20 10:11:30",
  "value" : {
    "bpm" : 130,
    "confidence" : 2
  }
},{
  "dateTime" : "10/03/20 10:11:40",
  "value" : {
    "bpm" : 129,
    "confidence" : 2
  }
},{
  "dateTime" : "10/03/20 10:11:45",
  "value" : {
    "bpm" : 128,
    "confidence" : 2
  }
},{
  "dateTime" : "10/03/20 10:11:50",
  "value" : {
    "bpm" : 127,
    "confidence" : 2
  }
},{
  "dateTime" : "10/03/20 10:11:55",
  "value" : {
    "bpm" : 126,
    "confidence" : 2
  }
},{
  "dateTime" : "10/03/20 10:12:05",
  "value" : {
    "bpm" : 125,
    "confidence" : 2
  }
},{
  "dateTime" : "10/03/20 10:12:20",
  "value" : {
    "bpm" : 125,
    "confidence" : 2
  }
},{
  "dateTime" : "10/03/20 10:12:35",
  "value" : {
    "bpm" : 126,
    "confidence" : 2
  }
},{
  "dateTime" : "10/03/20 10:12:40",
  "value" : {
    "bpm" : 128,
    "confidence" : 2
  }
},{
  "dateTime" : "10/03/20 10:12:45",
  "value" : {
    "bpm" : 130,
    "confidence" : 2
  }
},{
  "dateTime" : "10/03/20 10:12:50",
  "value" : {
    "bpm" : 131,
    "confidence" : 2
  }
},{
  "dateTime" : "10/03/20 10:12:55",
  "value" : {
    "bpm" : 132,
    "confidence" : 2
  }
},{
  "dateTime" : "10/03/20 10:13:00",
  "value" : {
    "bpm" : 133,
    "confidence" : 2
  }
},{
  "dateTime" : "10/03/20 10:13:15",
  "value" : {
    "bpm" : 132,
    "confidence" : 2
  }
},{
  "dateTime" : "10/03/20 10:13:20",
  "value" : {
    "bpm" : 131,
    "confidence" : 2
  }
},{
  "dateTime" : "10/03/20 10:13:25",
  "value" : {
    "bpm" : 130,
    "confidence" : 2
  }
},{
  "dateTime" : "10/03/20 10:13:30",
  "value" : {
    "bpm" : 124,
    "confidence" : 2
  }
},{
  "dateTime" : "10/03/20 10:13:35",
  "value" : {
    "bpm" : 122,
    "confidence" : 2
  }
},{
  "dateTime" : "10/03/20 10:13:40",
  "value" : {
    "bpm" : 123,
    "confidence" : 2
  }
},{
  "dateTime" : "10/03/20 10:13:45",
  "value" : {
    "bpm" : 127,
    "confidence" : 2
  }
},{
  "dateTime" : "10/03/20 10:13:50",
  "value" : {
    "bpm" : 128,
    "confidence" : 2
  }
},{
  "dateTime" : "10/03/20 10:13:55",
  "value" : {
    "bpm" : 126,
    "confidence" : 2
  }
},{
  "dateTime" : "10/03/20 10:14:00",
  "value" : {
    "bpm" : 123,
    "confidence" : 2
  }
},{
  "dateTime" : "10/03/20 10:14:05",
  "value" : {
    "bpm" : 126,
    "confidence" : 2
  }
},{
  "dateTime" : "10/03/20 10:14:10",
  "value" : {
    "bpm" : 127,
    "confidence" : 2
  }
},{
  "dateTime" : "10/03/20 10:14:15",
  "value" : {
    "bpm" : 130,
    "confidence" : 2
  }
},{
  "dateTime" : "10/03/20 10:14:20",
  "value" : {
    "bpm" : 131,
    "confidence" : 2
  }
},{
  "dateTime" : "10/03/20 10:14:25",
  "value" : {
    "bpm" : 132,
    "confidence" : 2
  }
},{
  "dateTime" : "10/03/20 10:14:30",
  "value" : {
    "bpm" : 134,
    "confidence" : 2
  }
},{
  "dateTime" : "10/03/20 10:14:40",
  "value" : {
    "bpm" : 133,
    "confidence" : 2
  }
},{
  "dateTime" : "10/03/20 10:14:45",
  "value" : {
    "bpm" : 132,
    "confidence" : 2
  }
},{
  "dateTime" : "10/03/20 10:14:55",
  "value" : {
    "bpm" : 133,
    "confidence" : 2
  }
},{
  "dateTime" : "10/03/20 10:15:00",
  "value" : {
    "bpm" : 134,
    "confidence" : 2
  }
},{
  "dateTime" : "10/03/20 10:15:05",
  "value" : {
    "bpm" : 133,
    "confidence" : 2
  }
},{
  "dateTime" : "10/03/20 10:15:10",
  "value" : {
    "bpm" : 131,
    "confidence" : 2
  }
},{
  "dateTime" : "10/03/20 10:15:15",
  "value" : {
    "bpm" : 129,
    "confidence" : 2
  }
},{
  "dateTime" : "10/03/20 10:15:20",
  "value" : {
    "bpm" : 128,
    "confidence" : 2
  }
},{
  "dateTime" : "10/03/20 10:15:25",
  "value" : {
    "bpm" : 127,
    "confidence" : 2
  }
},{
  "dateTime" : "10/03/20 10:15:30",
  "value" : {
    "bpm" : 126,
    "confidence" : 2
  }
},{
  "dateTime" : "10/03/20 10:15:35",
  "value" : {
    "bpm" : 125,
    "confidence" : 2
  }
},{
  "dateTime" : "10/03/20 10:15:40",
  "value" : {
    "bpm" : 127,
    "confidence" : 2
  }
},{
  "dateTime" : "10/03/20 10:15:45",
  "value" : {
    "bpm" : 131,
    "confidence" : 2
  }
},{
  "dateTime" : "10/03/20 10:15:50",
  "value" : {
    "bpm" : 133,
    "confidence" : 2
  }
},{
  "dateTime" : "10/03/20 10:15:55",
  "value" : {
    "bpm" : 135,
    "confidence" : 2
  }
},{
  "dateTime" : "10/03/20 10:16:00",
  "value" : {
    "bpm" : 139,
    "confidence" : 2
  }
},{
  "dateTime" : "10/03/20 10:16:05",
  "value" : {
    "bpm" : 143,
    "confidence" : 2
  }
},{
  "dateTime" : "10/03/20 10:16:10",
  "value" : {
    "bpm" : 146,
    "confidence" : 2
  }
},{
  "dateTime" : "10/03/20 10:16:15",
  "value" : {
    "bpm" : 151,
    "confidence" : 2
  }
},{
  "dateTime" : "10/03/20 10:16:20",
  "value" : {
    "bpm" : 154,
    "confidence" : 2
  }
},{
  "dateTime" : "10/03/20 10:16:25",
  "value" : {
    "bpm" : 155,
    "confidence" : 2
  }
},{
  "dateTime" : "10/03/20 10:16:30",
  "value" : {
    "bpm" : 153,
    "confidence" : 2
  }
},{
  "dateTime" : "10/03/20 10:16:35",
  "value" : {
    "bpm" : 148,
    "confidence" : 2
  }
},{
  "dateTime" : "10/03/20 10:16:40",
  "value" : {
    "bpm" : 142,
    "confidence" : 2
  }
},{
  "dateTime" : "10/03/20 10:16:45",
  "value" : {
    "bpm" : 136,
    "confidence" : 2
  }
},{
  "dateTime" : "10/03/20 10:16:50",
  "value" : {
    "bpm" : 133,
    "confidence" : 2
  }
},{
  "dateTime" : "10/03/20 10:16:55",
  "value" : {
    "bpm" : 130,
    "confidence" : 2
  }
},{
  "dateTime" : "10/03/20 10:17:10",
  "value" : {
    "bpm" : 129,
    "confidence" : 1
  }
},{
  "dateTime" : "10/03/20 10:17:20",
  "value" : {
    "bpm" : 128,
    "confidence" : 1
  }
},{
  "dateTime" : "10/03/20 10:17:25",
  "value" : {
    "bpm" : 126,
    "confidence" : 1
  }
},{
  "dateTime" : "10/03/20 10:17:30",
  "value" : {
    "bpm" : 124,
    "confidence" : 1
  }
},{
  "dateTime" : "10/03/20 10:19:23",
  "value" : {
    "bpm" : 70,
    "confidence" : 0
  }
},{
  "dateTime" : "10/03/20 10:25:16",
  "value" : {
    "bpm" : 70,
    "confidence" : 0
  }
},{
  "dateTime" : "10/03/20 10:25:31",
  "value" : {
    "bpm" : 83,
    "confidence" : 0
  }
},{
  "dateTime" : "10/03/20 12:14:50",
  "value" : {
    "bpm" : 70,
    "confidence" : 0
  }
}]