[{
  "dateTime" : "02/12/21 10:54:41",
  "value" : {
    "bpm" : 70,
    "confidence" : 0
  }
},{
  "dateTime" : "02/12/21 10:54:56",
  "value" : {
    "bpm" : 74,
    "confidence" : 0
  }
},{
  "dateTime" : "02/12/21 10:55:01",
  "value" : {
    "bpm" : 75,
    "confidence" : 0
  }
},{
  "dateTime" : "02/12/21 10:55:11",
  "value" : {
    "bpm" : 79,
    "confidence" : 0
  }
},{
  "dateTime" : "02/12/21 10:55:16",
  "value" : {
    "bpm" : 89,
    "confidence" : 0
  }
},{
  "dateTime" : "02/12/21 10:55:21",
  "value" : {
    "bpm" : 92,
    "confidence" : 0
  }
},{
  "dateTime" : "02/12/21 10:55:26",
  "value" : {
    "bpm" : 91,
    "confidence" : 1
  }
},{
  "dateTime" : "02/12/21 10:55:31",
  "value" : {
    "bpm" : 90,
    "confidence" : 2
  }
},{
  "dateTime" : "02/12/21 10:55:46",
  "value" : {
    "bpm" : 91,
    "confidence" : 2
  }
},{
  "dateTime" : "02/12/21 10:55:51",
  "value" : {
    "bpm" : 92,
    "confidence" : 2
  }
},{
  "dateTime" : "02/12/21 10:55:56",
  "value" : {
    "bpm" : 91,
    "confidence" : 2
  }
},{
  "dateTime" : "02/12/21 10:56:01",
  "value" : {
    "bpm" : 92,
    "confidence" : 2
  }
},{
  "dateTime" : "02/12/21 10:56:06",
  "value" : {
    "bpm" : 91,
    "confidence" : 2
  }
},{
  "dateTime" : "02/12/21 10:56:16",
  "value" : {
    "bpm" : 92,
    "confidence" : 2
  }
},{
  "dateTime" : "02/12/21 10:56:31",
  "value" : {
    "bpm" : 92,
    "confidence" : 2
  }
},{
  "dateTime" : "02/12/21 10:56:46",
  "value" : {
    "bpm" : 92,
    "confidence" : 2
  }
},{
  "dateTime" : "02/12/21 10:57:01",
  "value" : {
    "bpm" : 92,
    "confidence" : 2
  }
},{
  "dateTime" : "02/12/21 10:57:11",
  "value" : {
    "bpm" : 91,
    "confidence" : 2
  }
},{
  "dateTime" : "02/12/21 10:57:16",
  "value" : {
    "bpm" : 90,
    "confidence" : 2
  }
},{
  "dateTime" : "02/12/21 10:57:31",
  "value" : {
    "bpm" : 90,
    "confidence" : 1
  }
},{
  "dateTime" : "02/12/21 10:57:36",
  "value" : {
    "bpm" : 89,
    "confidence" : 1
  }
},{
  "dateTime" : "02/12/21 10:57:51",
  "value" : {
    "bpm" : 89,
    "confidence" : 1
  }
},{
  "dateTime" : "02/12/21 10:58:01",
  "value" : {
    "bpm" : 88,
    "confidence" : 1
  }
},{
  "dateTime" : "02/12/21 10:58:16",
  "value" : {
    "bpm" : 88,
    "confidence" : 1
  }
},{
  "dateTime" : "02/12/21 10:58:21",
  "value" : {
    "bpm" : 87,
    "confidence" : 2
  }
},{
  "dateTime" : "02/12/21 10:58:31",
  "value" : {
    "bpm" : 86,
    "confidence" : 2
  }
},{
  "dateTime" : "02/12/21 10:58:36",
  "value" : {
    "bpm" : 86,
    "confidence" : 2
  }
},{
  "dateTime" : "02/12/21 10:58:41",
  "value" : {
    "bpm" : 85,
    "confidence" : 2
  }
},{
  "dateTime" : "02/12/21 10:58:53",
  "value" : {
    "bpm" : 84,
    "confidence" : 2
  }
},{
  "dateTime" : "02/12/21 10:59:03",
  "value" : {
    "bpm" : 85,
    "confidence" : 2
  }
},{
  "dateTime" : "02/12/21 10:59:08",
  "value" : {
    "bpm" : 86,
    "confidence" : 1
  }
},{
  "dateTime" : "02/12/21 10:59:13",
  "value" : {
    "bpm" : 87,
    "confidence" : 1
  }
},{
  "dateTime" : "02/12/21 10:59:18",
  "value" : {
    "bpm" : 88,
    "confidence" : 1
  }
},{
  "dateTime" : "02/12/21 10:59:23",
  "value" : {
    "bpm" : 88,
    "confidence" : 2
  }
},{
  "dateTime" : "02/12/21 10:59:28",
  "value" : {
    "bpm" : 89,
    "confidence" : 2
  }
},{
  "dateTime" : "02/12/21 10:59:43",
  "value" : {
    "bpm" : 89,
    "confidence" : 2
  }
},{
  "dateTime" : "02/12/21 10:59:53",
  "value" : {
    "bpm" : 89,
    "confidence" : 2
  }
},{
  "dateTime" : "02/12/21 11:00:08",
  "value" : {
    "bpm" : 89,
    "confidence" : 2
  }
},{
  "dateTime" : "02/12/21 11:00:13",
  "value" : {
    "bpm" : 89,
    "confidence" : 1
  }
},{
  "dateTime" : "02/12/21 11:00:18",
  "value" : {
    "bpm" : 92,
    "confidence" : 1
  }
},{
  "dateTime" : "02/12/21 11:00:23",
  "value" : {
    "bpm" : 94,
    "confidence" : 1
  }
},{
  "dateTime" : "02/12/21 11:00:28",
  "value" : {
    "bpm" : 96,
    "confidence" : 2
  }
},{
  "dateTime" : "02/12/21 11:00:33",
  "value" : {
    "bpm" : 97,
    "confidence" : 1
  }
},{
  "dateTime" : "02/12/21 11:00:38",
  "value" : {
    "bpm" : 98,
    "confidence" : 1
  }
},{
  "dateTime" : "02/12/21 11:00:43",
  "value" : {
    "bpm" : 99,
    "confidence" : 1
  }
},{
  "dateTime" : "02/12/21 11:00:58",
  "value" : {
    "bpm" : 99,
    "confidence" : 1
  }
},{
  "dateTime" : "02/12/21 11:01:03",
  "value" : {
    "bpm" : 106,
    "confidence" : 1
  }
},{
  "dateTime" : "02/12/21 11:01:08",
  "value" : {
    "bpm" : 110,
    "confidence" : 1
  }
},{
  "dateTime" : "02/12/21 11:01:13",
  "value" : {
    "bpm" : 115,
    "confidence" : 1
  }
},{
  "dateTime" : "02/12/21 11:01:23",
  "value" : {
    "bpm" : 109,
    "confidence" : 1
  }
},{
  "dateTime" : "02/12/21 11:01:28",
  "value" : {
    "bpm" : 105,
    "confidence" : 1
  }
},{
  "dateTime" : "02/12/21 11:01:33",
  "value" : {
    "bpm" : 101,
    "confidence" : 1
  }
},{
  "dateTime" : "02/12/21 11:01:38",
  "value" : {
    "bpm" : 100,
    "confidence" : 1
  }
},{
  "dateTime" : "02/12/21 11:01:44",
  "value" : {
    "bpm" : 101,
    "confidence" : 1
  }
},{
  "dateTime" : "02/12/21 11:01:49",
  "value" : {
    "bpm" : 100,
    "confidence" : 1
  }
},{
  "dateTime" : "02/12/21 11:01:59",
  "value" : {
    "bpm" : 100,
    "confidence" : 2
  }
},{
  "dateTime" : "02/12/21 11:02:14",
  "value" : {
    "bpm" : 104,
    "confidence" : 1
  }
},{
  "dateTime" : "02/12/21 11:02:19",
  "value" : {
    "bpm" : 108,
    "confidence" : 1
  }
},{
  "dateTime" : "02/12/21 11:02:24",
  "value" : {
    "bpm" : 111,
    "confidence" : 1
  }
},{
  "dateTime" : "02/12/21 11:02:29",
  "value" : {
    "bpm" : 112,
    "confidence" : 1
  }
},{
  "dateTime" : "02/12/21 11:02:34",
  "value" : {
    "bpm" : 114,
    "confidence" : 1
  }
},{
  "dateTime" : "02/12/21 11:02:39",
  "value" : {
    "bpm" : 117,
    "confidence" : 1
  }
},{
  "dateTime" : "02/12/21 11:02:49",
  "value" : {
    "bpm" : 118,
    "confidence" : 1
  }
},{
  "dateTime" : "02/12/21 11:02:54",
  "value" : {
    "bpm" : 120,
    "confidence" : 1
  }
},{
  "dateTime" : "02/12/21 11:02:59",
  "value" : {
    "bpm" : 121,
    "confidence" : 1
  }
},{
  "dateTime" : "02/12/21 11:03:04",
  "value" : {
    "bpm" : 120,
    "confidence" : 1
  }
},{
  "dateTime" : "02/12/21 11:03:09",
  "value" : {
    "bpm" : 118,
    "confidence" : 1
  }
},{
  "dateTime" : "02/12/21 11:03:19",
  "value" : {
    "bpm" : 129,
    "confidence" : 1
  }
},{
  "dateTime" : "02/12/21 11:03:24",
  "value" : {
    "bpm" : 132,
    "confidence" : 1
  }
},{
  "dateTime" : "02/12/21 11:03:29",
  "value" : {
    "bpm" : 135,
    "confidence" : 1
  }
},{
  "dateTime" : "02/12/21 11:03:34",
  "value" : {
    "bpm" : 137,
    "confidence" : 1
  }
},{
  "dateTime" : "02/12/21 11:03:39",
  "value" : {
    "bpm" : 135,
    "confidence" : 1
  }
},{
  "dateTime" : "02/12/21 11:03:44",
  "value" : {
    "bpm" : 133,
    "confidence" : 1
  }
},{
  "dateTime" : "02/12/21 11:03:49",
  "value" : {
    "bpm" : 132,
    "confidence" : 1
  }
},{
  "dateTime" : "02/12/21 11:03:54",
  "value" : {
    "bpm" : 133,
    "confidence" : 1
  }
},{
  "dateTime" : "02/12/21 11:03:59",
  "value" : {
    "bpm" : 134,
    "confidence" : 1
  }
},{
  "dateTime" : "02/12/21 11:04:04",
  "value" : {
    "bpm" : 140,
    "confidence" : 1
  }
},{
  "dateTime" : "02/12/21 11:04:09",
  "value" : {
    "bpm" : 143,
    "confidence" : 1
  }
},{
  "dateTime" : "02/12/21 11:04:14",
  "value" : {
    "bpm" : 145,
    "confidence" : 1
  }
},{
  "dateTime" : "02/12/21 11:04:19",
  "value" : {
    "bpm" : 146,
    "confidence" : 0
  }
},{
  "dateTime" : "02/12/21 11:04:24",
  "value" : {
    "bpm" : 150,
    "confidence" : 0
  }
},{
  "dateTime" : "02/12/21 11:04:29",
  "value" : {
    "bpm" : 154,
    "confidence" : 0
  }
},{
  "dateTime" : "02/12/21 11:04:34",
  "value" : {
    "bpm" : 155,
    "confidence" : 0
  }
},{
  "dateTime" : "02/12/21 11:04:39",
  "value" : {
    "bpm" : 156,
    "confidence" : 1
  }
},{
  "dateTime" : "02/12/21 11:04:44",
  "value" : {
    "bpm" : 157,
    "confidence" : 1
  }
},{
  "dateTime" : "02/12/21 11:04:49",
  "value" : {
    "bpm" : 155,
    "confidence" : 1
  }
},{
  "dateTime" : "02/12/21 11:04:54",
  "value" : {
    "bpm" : 153,
    "confidence" : 0
  }
},{
  "dateTime" : "02/12/21 11:04:59",
  "value" : {
    "bpm" : 154,
    "confidence" : 0
  }
},{
  "dateTime" : "02/12/21 11:05:09",
  "value" : {
    "bpm" : 154,
    "confidence" : 1
  }
},{
  "dateTime" : "02/12/21 11:05:14",
  "value" : {
    "bpm" : 152,
    "confidence" : 1
  }
},{
  "dateTime" : "02/12/21 11:05:24",
  "value" : {
    "bpm" : 151,
    "confidence" : 1
  }
},{
  "dateTime" : "02/12/21 11:05:34",
  "value" : {
    "bpm" : 150,
    "confidence" : 1
  }
},{
  "dateTime" : "02/12/21 11:05:39",
  "value" : {
    "bpm" : 148,
    "confidence" : 1
  }
},{
  "dateTime" : "02/12/21 11:05:49",
  "value" : {
    "bpm" : 149,
    "confidence" : 1
  }
},{
  "dateTime" : "02/12/21 11:05:54",
  "value" : {
    "bpm" : 151,
    "confidence" : 1
  }
},{
  "dateTime" : "02/12/21 11:05:59",
  "value" : {
    "bpm" : 152,
    "confidence" : 1
  }
},{
  "dateTime" : "02/12/21 11:06:14",
  "value" : {
    "bpm" : 149,
    "confidence" : 1
  }
},{
  "dateTime" : "02/12/21 11:06:29",
  "value" : {
    "bpm" : 149,
    "confidence" : 1
  }
},{
  "dateTime" : "02/12/21 11:06:34",
  "value" : {
    "bpm" : 147,
    "confidence" : 1
  }
},{
  "dateTime" : "02/12/21 11:06:39",
  "value" : {
    "bpm" : 145,
    "confidence" : 1
  }
},{
  "dateTime" : "02/12/21 11:06:54",
  "value" : {
    "bpm" : 143,
    "confidence" : 1
  }
},{
  "dateTime" : "02/12/21 11:06:59",
  "value" : {
    "bpm" : 142,
    "confidence" : 1
  }
},{
  "dateTime" : "02/12/21 11:07:04",
  "value" : {
    "bpm" : 143,
    "confidence" : 1
  }
},{
  "dateTime" : "02/12/21 11:07:09",
  "value" : {
    "bpm" : 142,
    "confidence" : 1
  }
},{
  "dateTime" : "02/12/21 11:07:14",
  "value" : {
    "bpm" : 139,
    "confidence" : 1
  }
},{
  "dateTime" : "02/12/21 11:07:19",
  "value" : {
    "bpm" : 140,
    "confidence" : 1
  }
},{
  "dateTime" : "02/12/21 11:07:24",
  "value" : {
    "bpm" : 140,
    "confidence" : 1
  }
},{
  "dateTime" : "02/12/21 11:07:39",
  "value" : {
    "bpm" : 140,
    "confidence" : 1
  }
},{
  "dateTime" : "02/12/21 11:07:44",
  "value" : {
    "bpm" : 139,
    "confidence" : 1
  }
},{
  "dateTime" : "02/12/21 11:07:54",
  "value" : {
    "bpm" : 140,
    "confidence" : 1
  }
},{
  "dateTime" : "02/12/21 11:08:09",
  "value" : {
    "bpm" : 138,
    "confidence" : 1
  }
},{
  "dateTime" : "02/12/21 11:08:14",
  "value" : {
    "bpm" : 135,
    "confidence" : 1
  }
},{
  "dateTime" : "02/12/21 11:08:19",
  "value" : {
    "bpm" : 131,
    "confidence" : 1
  }
},{
  "dateTime" : "02/12/21 11:08:24",
  "value" : {
    "bpm" : 128,
    "confidence" : 1
  }
},{
  "dateTime" : "02/12/21 11:08:29",
  "value" : {
    "bpm" : 122,
    "confidence" : 1
  }
},{
  "dateTime" : "02/12/21 11:08:34",
  "value" : {
    "bpm" : 120,
    "confidence" : 1
  }
},{
  "dateTime" : "02/12/21 11:08:39",
  "value" : {
    "bpm" : 119,
    "confidence" : 1
  }
},{
  "dateTime" : "02/12/21 11:08:44",
  "value" : {
    "bpm" : 116,
    "confidence" : 1
  }
},{
  "dateTime" : "02/12/21 11:08:49",
  "value" : {
    "bpm" : 114,
    "confidence" : 1
  }
},{
  "dateTime" : "02/12/21 11:08:54",
  "value" : {
    "bpm" : 109,
    "confidence" : 1
  }
},{
  "dateTime" : "02/12/21 11:08:59",
  "value" : {
    "bpm" : 107,
    "confidence" : 1
  }
},{
  "dateTime" : "02/12/21 11:09:04",
  "value" : {
    "bpm" : 108,
    "confidence" : 1
  }
},{
  "dateTime" : "02/12/21 11:09:09",
  "value" : {
    "bpm" : 109,
    "confidence" : 1
  }
},{
  "dateTime" : "02/12/21 11:09:14",
  "value" : {
    "bpm" : 109,
    "confidence" : 2
  }
},{
  "dateTime" : "02/12/21 11:09:19",
  "value" : {
    "bpm" : 108,
    "confidence" : 2
  }
},{
  "dateTime" : "02/12/21 11:09:24",
  "value" : {
    "bpm" : 109,
    "confidence" : 2
  }
},{
  "dateTime" : "02/12/21 11:09:29",
  "value" : {
    "bpm" : 110,
    "confidence" : 1
  }
},{
  "dateTime" : "02/12/21 11:09:39",
  "value" : {
    "bpm" : 108,
    "confidence" : 1
  }
},{
  "dateTime" : "02/12/21 11:09:54",
  "value" : {
    "bpm" : 108,
    "confidence" : 1
  }
},{
  "dateTime" : "02/12/21 11:09:59",
  "value" : {
    "bpm" : 109,
    "confidence" : 1
  }
},{
  "dateTime" : "02/12/21 11:10:04",
  "value" : {
    "bpm" : 110,
    "confidence" : 1
  }
},{
  "dateTime" : "02/12/21 11:10:09",
  "value" : {
    "bpm" : 109,
    "confidence" : 1
  }
},{
  "dateTime" : "02/12/21 11:10:14",
  "value" : {
    "bpm" : 111,
    "confidence" : 1
  }
},{
  "dateTime" : "02/12/21 11:10:20",
  "value" : {
    "bpm" : 110,
    "confidence" : 1
  }
},{
  "dateTime" : "02/12/21 11:10:25",
  "value" : {
    "bpm" : 109,
    "confidence" : 1
  }
},{
  "dateTime" : "02/12/21 11:10:35",
  "value" : {
    "bpm" : 110,
    "confidence" : 1
  }
},{
  "dateTime" : "02/12/21 11:10:40",
  "value" : {
    "bpm" : 109,
    "confidence" : 1
  }
},{
  "dateTime" : "02/12/21 11:10:45",
  "value" : {
    "bpm" : 107,
    "confidence" : 1
  }
},{
  "dateTime" : "02/12/21 11:10:50",
  "value" : {
    "bpm" : 108,
    "confidence" : 1
  }
},{
  "dateTime" : "02/12/21 11:11:00",
  "value" : {
    "bpm" : 111,
    "confidence" : 1
  }
},{
  "dateTime" : "02/12/21 11:11:05",
  "value" : {
    "bpm" : 115,
    "confidence" : 1
  }
},{
  "dateTime" : "02/12/21 11:11:10",
  "value" : {
    "bpm" : 116,
    "confidence" : 1
  }
},{
  "dateTime" : "02/12/21 11:11:20",
  "value" : {
    "bpm" : 114,
    "confidence" : 1
  }
},{
  "dateTime" : "02/12/21 11:11:25",
  "value" : {
    "bpm" : 112,
    "confidence" : 1
  }
},{
  "dateTime" : "02/12/21 11:11:30",
  "value" : {
    "bpm" : 111,
    "confidence" : 1
  }
},{
  "dateTime" : "02/12/21 11:11:40",
  "value" : {
    "bpm" : 110,
    "confidence" : 1
  }
},{
  "dateTime" : "02/12/21 11:11:50",
  "value" : {
    "bpm" : 111,
    "confidence" : 1
  }
},{
  "dateTime" : "02/12/21 11:11:55",
  "value" : {
    "bpm" : 110,
    "confidence" : 1
  }
},{
  "dateTime" : "02/12/21 11:12:00",
  "value" : {
    "bpm" : 109,
    "confidence" : 1
  }
},{
  "dateTime" : "02/12/21 11:12:05",
  "value" : {
    "bpm" : 108,
    "confidence" : 1
  }
},{
  "dateTime" : "02/12/21 11:12:20",
  "value" : {
    "bpm" : 112,
    "confidence" : 1
  }
},{
  "dateTime" : "02/12/21 11:12:25",
  "value" : {
    "bpm" : 113,
    "confidence" : 1
  }
},{
  "dateTime" : "02/12/21 11:12:30",
  "value" : {
    "bpm" : 111,
    "confidence" : 1
  }
},{
  "dateTime" : "02/12/21 11:12:45",
  "value" : {
    "bpm" : 111,
    "confidence" : 1
  }
},{
  "dateTime" : "02/12/21 11:12:50",
  "value" : {
    "bpm" : 112,
    "confidence" : 1
  }
},{
  "dateTime" : "02/12/21 11:12:55",
  "value" : {
    "bpm" : 113,
    "confidence" : 1
  }
},{
  "dateTime" : "02/12/21 11:13:00",
  "value" : {
    "bpm" : 110,
    "confidence" : 1
  }
},{
  "dateTime" : "02/12/21 11:13:05",
  "value" : {
    "bpm" : 107,
    "confidence" : 1
  }
},{
  "dateTime" : "02/12/21 11:13:10",
  "value" : {
    "bpm" : 106,
    "confidence" : 1
  }
},{
  "dateTime" : "02/12/21 11:13:15",
  "value" : {
    "bpm" : 107,
    "confidence" : 1
  }
},{
  "dateTime" : "02/12/21 11:13:20",
  "value" : {
    "bpm" : 106,
    "confidence" : 1
  }
},{
  "dateTime" : "02/12/21 11:13:25",
  "value" : {
    "bpm" : 107,
    "confidence" : 1
  }
},{
  "dateTime" : "02/12/21 11:13:30",
  "value" : {
    "bpm" : 109,
    "confidence" : 1
  }
},{
  "dateTime" : "02/12/21 11:13:35",
  "value" : {
    "bpm" : 109,
    "confidence" : 2
  }
},{
  "dateTime" : "02/12/21 11:13:40",
  "value" : {
    "bpm" : 107,
    "confidence" : 2
  }
},{
  "dateTime" : "02/12/21 11:13:45",
  "value" : {
    "bpm" : 105,
    "confidence" : 1
  }
},{
  "dateTime" : "02/12/21 11:13:50",
  "value" : {
    "bpm" : 104,
    "confidence" : 1
  }
},{
  "dateTime" : "02/12/21 11:13:55",
  "value" : {
    "bpm" : 102,
    "confidence" : 1
  }
},{
  "dateTime" : "02/12/21 11:14:00",
  "value" : {
    "bpm" : 99,
    "confidence" : 1
  }
},{
  "dateTime" : "02/12/21 11:14:05",
  "value" : {
    "bpm" : 99,
    "confidence" : 2
  }
},{
  "dateTime" : "02/12/21 11:14:10",
  "value" : {
    "bpm" : 100,
    "confidence" : 2
  }
},{
  "dateTime" : "02/12/21 11:14:15",
  "value" : {
    "bpm" : 103,
    "confidence" : 1
  }
},{
  "dateTime" : "02/12/21 11:14:20",
  "value" : {
    "bpm" : 101,
    "confidence" : 1
  }
},{
  "dateTime" : "02/12/21 11:14:35",
  "value" : {
    "bpm" : 100,
    "confidence" : 1
  }
},{
  "dateTime" : "02/12/21 11:14:40",
  "value" : {
    "bpm" : 103,
    "confidence" : 1
  }
},{
  "dateTime" : "02/12/21 11:14:45",
  "value" : {
    "bpm" : 105,
    "confidence" : 1
  }
},{
  "dateTime" : "02/12/21 11:14:55",
  "value" : {
    "bpm" : 103,
    "confidence" : 1
  }
},{
  "dateTime" : "02/12/21 11:15:00",
  "value" : {
    "bpm" : 101,
    "confidence" : 1
  }
},{
  "dateTime" : "02/12/21 11:15:05",
  "value" : {
    "bpm" : 100,
    "confidence" : 1
  }
},{
  "dateTime" : "02/12/21 11:15:10",
  "value" : {
    "bpm" : 99,
    "confidence" : 2
  }
},{
  "dateTime" : "02/12/21 11:15:20",
  "value" : {
    "bpm" : 101,
    "confidence" : 2
  }
},{
  "dateTime" : "02/12/21 11:15:25",
  "value" : {
    "bpm" : 98,
    "confidence" : 2
  }
},{
  "dateTime" : "02/12/21 11:15:30",
  "value" : {
    "bpm" : 95,
    "confidence" : 2
  }
},{
  "dateTime" : "02/12/21 11:15:35",
  "value" : {
    "bpm" : 94,
    "confidence" : 2
  }
},{
  "dateTime" : "02/12/21 11:15:40",
  "value" : {
    "bpm" : 91,
    "confidence" : 2
  }
},{
  "dateTime" : "02/12/21 11:15:45",
  "value" : {
    "bpm" : 90,
    "confidence" : 2
  }
},{
  "dateTime" : "02/12/21 11:16:00",
  "value" : {
    "bpm" : 88,
    "confidence" : 2
  }
},{
  "dateTime" : "02/12/21 11:16:05",
  "value" : {
    "bpm" : 88,
    "confidence" : 2
  }
},{
  "dateTime" : "02/12/21 11:16:15",
  "value" : {
    "bpm" : 90,
    "confidence" : 2
  }
},{
  "dateTime" : "02/12/21 11:16:20",
  "value" : {
    "bpm" : 92,
    "confidence" : 2
  }
},{
  "dateTime" : "02/12/21 11:16:35",
  "value" : {
    "bpm" : 93,
    "confidence" : 2
  }
},{
  "dateTime" : "02/12/21 11:16:40",
  "value" : {
    "bpm" : 91,
    "confidence" : 2
  }
},{
  "dateTime" : "02/12/21 11:16:45",
  "value" : {
    "bpm" : 88,
    "confidence" : 1
  }
},{
  "dateTime" : "02/12/21 11:17:09",
  "value" : {
    "bpm" : 70,
    "confidence" : 0
  }
},{
  "dateTime" : "02/12/21 11:17:24",
  "value" : {
    "bpm" : 70,
    "confidence" : 0
  }
},{
  "dateTime" : "02/12/21 11:17:29",
  "value" : {
    "bpm" : 72,
    "confidence" : 1
  }
},{
  "dateTime" : "02/12/21 11:17:34",
  "value" : {
    "bpm" : 78,
    "confidence" : 1
  }
},{
  "dateTime" : "02/12/21 12:11:50",
  "value" : {
    "bpm" : 70,
    "confidence" : 0
  }
},{
  "dateTime" : "02/12/21 13:06:27",
  "value" : {
    "bpm" : 70,
    "confidence" : 0
  }
},{
  "dateTime" : "02/12/21 18:20:37",
  "value" : {
    "bpm" : 70,
    "confidence" : 0
  }
},{
  "dateTime" : "02/12/21 18:20:52",
  "value" : {
    "bpm" : 72,
    "confidence" : 1
  }
},{
  "dateTime" : "02/12/21 18:21:00",
  "value" : {
    "bpm" : 86,
    "confidence" : 1
  }
},{
  "dateTime" : "02/12/21 18:21:05",
  "value" : {
    "bpm" : 87,
    "confidence" : 1
  }
},{
  "dateTime" : "02/12/21 18:21:20",
  "value" : {
    "bpm" : 91,
    "confidence" : 1
  }
},{
  "dateTime" : "02/12/21 18:21:25",
  "value" : {
    "bpm" : 93,
    "confidence" : 1
  }
},{
  "dateTime" : "02/12/21 18:21:30",
  "value" : {
    "bpm" : 92,
    "confidence" : 1
  }
},{
  "dateTime" : "02/12/21 18:21:35",
  "value" : {
    "bpm" : 90,
    "confidence" : 2
  }
},{
  "dateTime" : "02/12/21 18:21:50",
  "value" : {
    "bpm" : 91,
    "confidence" : 2
  }
},{
  "dateTime" : "02/12/21 18:22:00",
  "value" : {
    "bpm" : 100,
    "confidence" : 2
  }
},{
  "dateTime" : "02/12/21 18:22:05",
  "value" : {
    "bpm" : 101,
    "confidence" : 1
  }
},{
  "dateTime" : "02/12/21 18:22:15",
  "value" : {
    "bpm" : 104,
    "confidence" : 1
  }
},{
  "dateTime" : "02/12/21 18:22:20",
  "value" : {
    "bpm" : 108,
    "confidence" : 1
  }
},{
  "dateTime" : "02/12/21 18:22:25",
  "value" : {
    "bpm" : 109,
    "confidence" : 2
  }
},{
  "dateTime" : "02/12/21 18:22:30",
  "value" : {
    "bpm" : 110,
    "confidence" : 1
  }
},{
  "dateTime" : "02/12/21 18:22:35",
  "value" : {
    "bpm" : 112,
    "confidence" : 1
  }
},{
  "dateTime" : "02/12/21 18:22:45",
  "value" : {
    "bpm" : 111,
    "confidence" : 1
  }
},{
  "dateTime" : "02/12/21 18:22:50",
  "value" : {
    "bpm" : 107,
    "confidence" : 1
  }
},{
  "dateTime" : "02/12/21 18:22:55",
  "value" : {
    "bpm" : 104,
    "confidence" : 1
  }
},{
  "dateTime" : "02/12/21 18:23:00",
  "value" : {
    "bpm" : 101,
    "confidence" : 1
  }
},{
  "dateTime" : "02/12/21 18:23:01",
  "value" : {
    "bpm" : 100,
    "confidence" : 1
  }
},{
  "dateTime" : "02/12/21 18:23:03",
  "value" : {
    "bpm" : 99,
    "confidence" : 1
  }
},{
  "dateTime" : "02/12/21 18:23:04",
  "value" : {
    "bpm" : 98,
    "confidence" : 1
  }
},{
  "dateTime" : "02/12/21 18:23:05",
  "value" : {
    "bpm" : 97,
    "confidence" : 1
  }
},{
  "dateTime" : "02/12/21 18:23:06",
  "value" : {
    "bpm" : 98,
    "confidence" : 1
  }
},{
  "dateTime" : "02/12/21 18:23:07",
  "value" : {
    "bpm" : 101,
    "confidence" : 1
  }
},{
  "dateTime" : "02/12/21 18:23:08",
  "value" : {
    "bpm" : 103,
    "confidence" : 1
  }
},{
  "dateTime" : "02/12/21 18:23:09",
  "value" : {
    "bpm" : 104,
    "confidence" : 1
  }
},{
  "dateTime" : "02/12/21 18:23:10",
  "value" : {
    "bpm" : 105,
    "confidence" : 1
  }
},{
  "dateTime" : "02/12/21 18:23:13",
  "value" : {
    "bpm" : 106,
    "confidence" : 1
  }
},{
  "dateTime" : "02/12/21 18:23:15",
  "value" : {
    "bpm" : 105,
    "confidence" : 1
  }
},{
  "dateTime" : "02/12/21 18:23:17",
  "value" : {
    "bpm" : 106,
    "confidence" : 1
  }
},{
  "dateTime" : "02/12/21 18:23:19",
  "value" : {
    "bpm" : 107,
    "confidence" : 1
  }
},{
  "dateTime" : "02/12/21 18:23:20",
  "value" : {
    "bpm" : 108,
    "confidence" : 1
  }
},{
  "dateTime" : "02/12/21 18:23:22",
  "value" : {
    "bpm" : 109,
    "confidence" : 1
  }
},{
  "dateTime" : "02/12/21 18:23:25",
  "value" : {
    "bpm" : 109,
    "confidence" : 1
  }
},{
  "dateTime" : "02/12/21 18:23:26",
  "value" : {
    "bpm" : 110,
    "confidence" : 1
  }
},{
  "dateTime" : "02/12/21 18:23:28",
  "value" : {
    "bpm" : 111,
    "confidence" : 1
  }
},{
  "dateTime" : "02/12/21 18:23:29",
  "value" : {
    "bpm" : 112,
    "confidence" : 1
  }
},{
  "dateTime" : "02/12/21 18:23:30",
  "value" : {
    "bpm" : 113,
    "confidence" : 1
  }
},{
  "dateTime" : "02/12/21 18:23:31",
  "value" : {
    "bpm" : 114,
    "confidence" : 1
  }
},{
  "dateTime" : "02/12/21 18:23:34",
  "value" : {
    "bpm" : 114,
    "confidence" : 1
  }
},{
  "dateTime" : "02/12/21 18:23:37",
  "value" : {
    "bpm" : 113,
    "confidence" : 1
  }
},{
  "dateTime" : "02/12/21 18:23:39",
  "value" : {
    "bpm" : 114,
    "confidence" : 1
  }
},{
  "dateTime" : "02/12/21 18:23:41",
  "value" : {
    "bpm" : 115,
    "confidence" : 1
  }
},{
  "dateTime" : "02/12/21 18:23:42",
  "value" : {
    "bpm" : 116,
    "confidence" : 2
  }
},{
  "dateTime" : "02/12/21 18:23:43",
  "value" : {
    "bpm" : 117,
    "confidence" : 2
  }
},{
  "dateTime" : "02/12/21 18:23:46",
  "value" : {
    "bpm" : 118,
    "confidence" : 2
  }
},{
  "dateTime" : "02/12/21 18:23:49",
  "value" : {
    "bpm" : 118,
    "confidence" : 2
  }
},{
  "dateTime" : "02/12/21 18:23:52",
  "value" : {
    "bpm" : 118,
    "confidence" : 2
  }
},{
  "dateTime" : "02/12/21 18:23:53",
  "value" : {
    "bpm" : 121,
    "confidence" : 2
  }
},{
  "dateTime" : "02/12/21 18:23:56",
  "value" : {
    "bpm" : 121,
    "confidence" : 1
  }
},{
  "dateTime" : "02/12/21 18:23:59",
  "value" : {
    "bpm" : 123,
    "confidence" : 1
  }
},{
  "dateTime" : "02/12/21 18:24:00",
  "value" : {
    "bpm" : 125,
    "confidence" : 1
  }
},{
  "dateTime" : "02/12/21 18:24:01",
  "value" : {
    "bpm" : 127,
    "confidence" : 1
  }
},{
  "dateTime" : "02/12/21 18:24:02",
  "value" : {
    "bpm" : 128,
    "confidence" : 1
  }
},{
  "dateTime" : "02/12/21 18:24:03",
  "value" : {
    "bpm" : 129,
    "confidence" : 1
  }
},{
  "dateTime" : "02/12/21 18:24:05",
  "value" : {
    "bpm" : 128,
    "confidence" : 1
  }
},{
  "dateTime" : "02/12/21 18:24:06",
  "value" : {
    "bpm" : 127,
    "confidence" : 1
  }
},{
  "dateTime" : "02/12/21 18:24:07",
  "value" : {
    "bpm" : 126,
    "confidence" : 1
  }
},{
  "dateTime" : "02/12/21 18:24:08",
  "value" : {
    "bpm" : 125,
    "confidence" : 1
  }
},{
  "dateTime" : "02/12/21 18:24:10",
  "value" : {
    "bpm" : 124,
    "confidence" : 1
  }
},{
  "dateTime" : "02/12/21 18:24:11",
  "value" : {
    "bpm" : 122,
    "confidence" : 1
  }
},{
  "dateTime" : "02/12/21 18:24:12",
  "value" : {
    "bpm" : 121,
    "confidence" : 1
  }
},{
  "dateTime" : "02/12/21 18:24:13",
  "value" : {
    "bpm" : 120,
    "confidence" : 1
  }
},{
  "dateTime" : "02/12/21 18:24:14",
  "value" : {
    "bpm" : 118,
    "confidence" : 1
  }
},{
  "dateTime" : "02/12/21 18:24:15",
  "value" : {
    "bpm" : 117,
    "confidence" : 1
  }
},{
  "dateTime" : "02/12/21 18:24:17",
  "value" : {
    "bpm" : 116,
    "confidence" : 1
  }
},{
  "dateTime" : "02/12/21 18:24:18",
  "value" : {
    "bpm" : 117,
    "confidence" : 1
  }
},{
  "dateTime" : "02/12/21 18:24:19",
  "value" : {
    "bpm" : 118,
    "confidence" : 1
  }
},{
  "dateTime" : "02/12/21 18:24:20",
  "value" : {
    "bpm" : 119,
    "confidence" : 1
  }
},{
  "dateTime" : "02/12/21 18:24:21",
  "value" : {
    "bpm" : 120,
    "confidence" : 1
  }
},{
  "dateTime" : "02/12/21 18:24:24",
  "value" : {
    "bpm" : 120,
    "confidence" : 1
  }
},{
  "dateTime" : "02/12/21 18:24:25",
  "value" : {
    "bpm" : 119,
    "confidence" : 1
  }
},{
  "dateTime" : "02/12/21 18:24:28",
  "value" : {
    "bpm" : 119,
    "confidence" : 2
  }
},{
  "dateTime" : "02/12/21 18:24:31",
  "value" : {
    "bpm" : 119,
    "confidence" : 2
  }
},{
  "dateTime" : "02/12/21 18:24:33",
  "value" : {
    "bpm" : 119,
    "confidence" : 1
  }
},{
  "dateTime" : "02/12/21 18:24:34",
  "value" : {
    "bpm" : 120,
    "confidence" : 2
  }
},{
  "dateTime" : "02/12/21 18:24:35",
  "value" : {
    "bpm" : 121,
    "confidence" : 2
  }
},{
  "dateTime" : "02/12/21 18:24:36",
  "value" : {
    "bpm" : 120,
    "confidence" : 1
  }
},{
  "dateTime" : "02/12/21 18:24:37",
  "value" : {
    "bpm" : 119,
    "confidence" : 1
  }
},{
  "dateTime" : "02/12/21 18:24:38",
  "value" : {
    "bpm" : 118,
    "confidence" : 1
  }
},{
  "dateTime" : "02/12/21 18:24:40",
  "value" : {
    "bpm" : 117,
    "confidence" : 1
  }
},{
  "dateTime" : "02/12/21 18:24:41",
  "value" : {
    "bpm" : 118,
    "confidence" : 1
  }
},{
  "dateTime" : "02/12/21 18:24:42",
  "value" : {
    "bpm" : 117,
    "confidence" : 1
  }
},{
  "dateTime" : "02/12/21 18:24:45",
  "value" : {
    "bpm" : 117,
    "confidence" : 1
  }
},{
  "dateTime" : "02/12/21 18:24:47",
  "value" : {
    "bpm" : 116,
    "confidence" : 1
  }
},{
  "dateTime" : "02/12/21 18:24:50",
  "value" : {
    "bpm" : 116,
    "confidence" : 1
  }
},{
  "dateTime" : "02/12/21 18:24:52",
  "value" : {
    "bpm" : 115,
    "confidence" : 1
  }
},{
  "dateTime" : "02/12/21 18:24:53",
  "value" : {
    "bpm" : 114,
    "confidence" : 1
  }
},{
  "dateTime" : "02/12/21 18:24:56",
  "value" : {
    "bpm" : 114,
    "confidence" : 2
  }
},{
  "dateTime" : "02/12/21 18:24:57",
  "value" : {
    "bpm" : 115,
    "confidence" : 2
  }
},{
  "dateTime" : "02/12/21 18:25:00",
  "value" : {
    "bpm" : 115,
    "confidence" : 2
  }
},{
  "dateTime" : "02/12/21 18:25:02",
  "value" : {
    "bpm" : 114,
    "confidence" : 1
  }
},{
  "dateTime" : "02/12/21 18:25:05",
  "value" : {
    "bpm" : 114,
    "confidence" : 1
  }
},{
  "dateTime" : "02/12/21 18:25:07",
  "value" : {
    "bpm" : 115,
    "confidence" : 1
  }
},{
  "dateTime" : "02/12/21 18:25:10",
  "value" : {
    "bpm" : 115,
    "confidence" : 1
  }
},{
  "dateTime" : "02/12/21 18:25:12",
  "value" : {
    "bpm" : 114,
    "confidence" : 1
  }
},{
  "dateTime" : "02/12/21 18:25:13",
  "value" : {
    "bpm" : 113,
    "confidence" : 1
  }
},{
  "dateTime" : "02/12/21 18:25:14",
  "value" : {
    "bpm" : 112,
    "confidence" : 1
  }
},{
  "dateTime" : "02/12/21 18:25:15",
  "value" : {
    "bpm" : 112,
    "confidence" : 1
  }
},{
  "dateTime" : "02/12/21 18:25:16",
  "value" : {
    "bpm" : 113,
    "confidence" : 1
  }
},{
  "dateTime" : "02/12/21 18:25:18",
  "value" : {
    "bpm" : 112,
    "confidence" : 1
  }
},{
  "dateTime" : "02/12/21 18:25:21",
  "value" : {
    "bpm" : 112,
    "confidence" : 1
  }
},{
  "dateTime" : "02/12/21 18:25:24",
  "value" : {
    "bpm" : 112,
    "confidence" : 1
  }
},{
  "dateTime" : "02/12/21 18:25:27",
  "value" : {
    "bpm" : 111,
    "confidence" : 1
  }
},{
  "dateTime" : "02/12/21 18:25:28",
  "value" : {
    "bpm" : 110,
    "confidence" : 1
  }
},{
  "dateTime" : "02/12/21 18:25:30",
  "value" : {
    "bpm" : 109,
    "confidence" : 1
  }
},{
  "dateTime" : "02/12/21 18:25:31",
  "value" : {
    "bpm" : 108,
    "confidence" : 1
  }
},{
  "dateTime" : "02/12/21 18:25:32",
  "value" : {
    "bpm" : 107,
    "confidence" : 1
  }
},{
  "dateTime" : "02/12/21 18:25:34",
  "value" : {
    "bpm" : 106,
    "confidence" : 1
  }
},{
  "dateTime" : "02/12/21 18:25:36",
  "value" : {
    "bpm" : 105,
    "confidence" : 1
  }
},{
  "dateTime" : "02/12/21 18:25:39",
  "value" : {
    "bpm" : 104,
    "confidence" : 1
  }
},{
  "dateTime" : "02/12/21 18:25:41",
  "value" : {
    "bpm" : 103,
    "confidence" : 1
  }
},{
  "dateTime" : "02/12/21 18:25:44",
  "value" : {
    "bpm" : 104,
    "confidence" : 1
  }
},{
  "dateTime" : "02/12/21 18:25:46",
  "value" : {
    "bpm" : 105,
    "confidence" : 1
  }
},{
  "dateTime" : "02/12/21 18:25:47",
  "value" : {
    "bpm" : 106,
    "confidence" : 1
  }
},{
  "dateTime" : "02/12/21 18:25:50",
  "value" : {
    "bpm" : 106,
    "confidence" : 1
  }
},{
  "dateTime" : "02/12/21 18:25:52",
  "value" : {
    "bpm" : 106,
    "confidence" : 2
  }
},{
  "dateTime" : "02/12/21 18:25:53",
  "value" : {
    "bpm" : 107,
    "confidence" : 2
  }
},{
  "dateTime" : "02/12/21 18:25:56",
  "value" : {
    "bpm" : 107,
    "confidence" : 2
  }
},{
  "dateTime" : "02/12/21 18:25:59",
  "value" : {
    "bpm" : 107,
    "confidence" : 2
  }
},{
  "dateTime" : "02/12/21 18:26:01",
  "value" : {
    "bpm" : 108,
    "confidence" : 2
  }
},{
  "dateTime" : "02/12/21 18:26:04",
  "value" : {
    "bpm" : 108,
    "confidence" : 2
  }
},{
  "dateTime" : "02/12/21 18:26:07",
  "value" : {
    "bpm" : 108,
    "confidence" : 2
  }
},{
  "dateTime" : "02/12/21 18:26:10",
  "value" : {
    "bpm" : 107,
    "confidence" : 2
  }
},{
  "dateTime" : "02/12/21 18:26:11",
  "value" : {
    "bpm" : 106,
    "confidence" : 2
  }
},{
  "dateTime" : "02/12/21 18:26:12",
  "value" : {
    "bpm" : 105,
    "confidence" : 2
  }
},{
  "dateTime" : "02/12/21 18:26:13",
  "value" : {
    "bpm" : 104,
    "confidence" : 2
  }
},{
  "dateTime" : "02/12/21 18:26:16",
  "value" : {
    "bpm" : 104,
    "confidence" : 2
  }
},{
  "dateTime" : "02/12/21 18:26:19",
  "value" : {
    "bpm" : 104,
    "confidence" : 2
  }
},{
  "dateTime" : "02/12/21 18:26:21",
  "value" : {
    "bpm" : 105,
    "confidence" : 2
  }
},{
  "dateTime" : "02/12/21 18:26:22",
  "value" : {
    "bpm" : 106,
    "confidence" : 2
  }
},{
  "dateTime" : "02/12/21 18:26:23",
  "value" : {
    "bpm" : 107,
    "confidence" : 2
  }
},{
  "dateTime" : "02/12/21 18:26:24",
  "value" : {
    "bpm" : 108,
    "confidence" : 1
  }
},{
  "dateTime" : "02/12/21 18:26:25",
  "value" : {
    "bpm" : 109,
    "confidence" : 1
  }
},{
  "dateTime" : "02/12/21 18:26:26",
  "value" : {
    "bpm" : 110,
    "confidence" : 1
  }
},{
  "dateTime" : "02/12/21 18:26:28",
  "value" : {
    "bpm" : 111,
    "confidence" : 1
  }
},{
  "dateTime" : "02/12/21 18:26:29",
  "value" : {
    "bpm" : 112,
    "confidence" : 1
  }
},{
  "dateTime" : "02/12/21 18:26:32",
  "value" : {
    "bpm" : 111,
    "confidence" : 1
  }
},{
  "dateTime" : "02/12/21 18:26:33",
  "value" : {
    "bpm" : 109,
    "confidence" : 1
  }
},{
  "dateTime" : "02/12/21 18:26:36",
  "value" : {
    "bpm" : 110,
    "confidence" : 1
  }
},{
  "dateTime" : "02/12/21 18:26:38",
  "value" : {
    "bpm" : 111,
    "confidence" : 1
  }
},{
  "dateTime" : "02/12/21 18:26:40",
  "value" : {
    "bpm" : 110,
    "confidence" : 1
  }
},{
  "dateTime" : "02/12/21 18:26:43",
  "value" : {
    "bpm" : 110,
    "confidence" : 1
  }
},{
  "dateTime" : "02/12/21 18:26:45",
  "value" : {
    "bpm" : 112,
    "confidence" : 1
  }
},{
  "dateTime" : "02/12/21 18:26:46",
  "value" : {
    "bpm" : 111,
    "confidence" : 1
  }
},{
  "dateTime" : "02/12/21 18:26:47",
  "value" : {
    "bpm" : 110,
    "confidence" : 1
  }
},{
  "dateTime" : "02/12/21 18:26:48",
  "value" : {
    "bpm" : 109,
    "confidence" : 1
  }
},{
  "dateTime" : "02/12/21 18:26:49",
  "value" : {
    "bpm" : 107,
    "confidence" : 1
  }
},{
  "dateTime" : "02/12/21 18:26:50",
  "value" : {
    "bpm" : 106,
    "confidence" : 1
  }
},{
  "dateTime" : "02/12/21 18:26:51",
  "value" : {
    "bpm" : 105,
    "confidence" : 1
  }
},{
  "dateTime" : "02/12/21 18:26:53",
  "value" : {
    "bpm" : 104,
    "confidence" : 1
  }
},{
  "dateTime" : "02/12/21 18:26:55",
  "value" : {
    "bpm" : 105,
    "confidence" : 1
  }
},{
  "dateTime" : "02/12/21 18:26:56",
  "value" : {
    "bpm" : 105,
    "confidence" : 1
  }
},{
  "dateTime" : "02/12/21 18:26:58",
  "value" : {
    "bpm" : 104,
    "confidence" : 1
  }
},{
  "dateTime" : "02/12/21 18:27:01",
  "value" : {
    "bpm" : 104,
    "confidence" : 1
  }
},{
  "dateTime" : "02/12/21 18:27:04",
  "value" : {
    "bpm" : 104,
    "confidence" : 1
  }
},{
  "dateTime" : "02/12/21 18:27:05",
  "value" : {
    "bpm" : 106,
    "confidence" : 1
  }
},{
  "dateTime" : "02/12/21 18:27:06",
  "value" : {
    "bpm" : 107,
    "confidence" : 1
  }
},{
  "dateTime" : "02/12/21 18:27:07",
  "value" : {
    "bpm" : 109,
    "confidence" : 1
  }
},{
  "dateTime" : "02/12/21 18:27:08",
  "value" : {
    "bpm" : 110,
    "confidence" : 1
  }
},{
  "dateTime" : "02/12/21 18:27:11",
  "value" : {
    "bpm" : 110,
    "confidence" : 1
  }
},{
  "dateTime" : "02/12/21 18:27:12",
  "value" : {
    "bpm" : 111,
    "confidence" : 1
  }
},{
  "dateTime" : "02/12/21 18:27:13",
  "value" : {
    "bpm" : 112,
    "confidence" : 1
  }
},{
  "dateTime" : "02/12/21 18:27:15",
  "value" : {
    "bpm" : 111,
    "confidence" : 1
  }
},{
  "dateTime" : "02/12/21 18:27:18",
  "value" : {
    "bpm" : 112,
    "confidence" : 1
  }
},{
  "dateTime" : "02/12/21 18:27:20",
  "value" : {
    "bpm" : 113,
    "confidence" : 1
  }
},{
  "dateTime" : "02/12/21 18:27:21",
  "value" : {
    "bpm" : 114,
    "confidence" : 1
  }
},{
  "dateTime" : "02/12/21 18:27:23",
  "value" : {
    "bpm" : 115,
    "confidence" : 1
  }
},{
  "dateTime" : "02/12/21 18:27:24",
  "value" : {
    "bpm" : 116,
    "confidence" : 0
  }
},{
  "dateTime" : "02/12/21 18:27:25",
  "value" : {
    "bpm" : 117,
    "confidence" : 0
  }
},{
  "dateTime" : "02/12/21 18:27:26",
  "value" : {
    "bpm" : 118,
    "confidence" : 0
  }
},{
  "dateTime" : "02/12/21 18:27:29",
  "value" : {
    "bpm" : 118,
    "confidence" : 0
  }
},{
  "dateTime" : "02/12/21 18:27:30",
  "value" : {
    "bpm" : 119,
    "confidence" : 0
  }
},{
  "dateTime" : "02/12/21 18:27:33",
  "value" : {
    "bpm" : 119,
    "confidence" : 0
  }
},{
  "dateTime" : "02/12/21 18:27:34",
  "value" : {
    "bpm" : 120,
    "confidence" : 0
  }
},{
  "dateTime" : "02/12/21 18:27:35",
  "value" : {
    "bpm" : 120,
    "confidence" : 1
  }
},{
  "dateTime" : "02/12/21 18:27:36",
  "value" : {
    "bpm" : 121,
    "confidence" : 1
  }
},{
  "dateTime" : "02/12/21 18:27:38",
  "value" : {
    "bpm" : 122,
    "confidence" : 1
  }
},{
  "dateTime" : "02/12/21 18:27:39",
  "value" : {
    "bpm" : 124,
    "confidence" : 1
  }
},{
  "dateTime" : "02/12/21 18:27:40",
  "value" : {
    "bpm" : 125,
    "confidence" : 1
  }
},{
  "dateTime" : "02/12/21 18:27:41",
  "value" : {
    "bpm" : 126,
    "confidence" : 1
  }
},{
  "dateTime" : "02/12/21 18:27:42",
  "value" : {
    "bpm" : 127,
    "confidence" : 1
  }
},{
  "dateTime" : "02/12/21 18:27:45",
  "value" : {
    "bpm" : 127,
    "confidence" : 1
  }
},{
  "dateTime" : "02/12/21 18:27:46",
  "value" : {
    "bpm" : 126,
    "confidence" : 1
  }
},{
  "dateTime" : "02/12/21 18:27:47",
  "value" : {
    "bpm" : 125,
    "confidence" : 1
  }
},{
  "dateTime" : "02/12/21 18:27:50",
  "value" : {
    "bpm" : 126,
    "confidence" : 1
  }
},{
  "dateTime" : "02/12/21 18:27:52",
  "value" : {
    "bpm" : 126,
    "confidence" : 0
  }
},{
  "dateTime" : "02/12/21 18:27:55",
  "value" : {
    "bpm" : 125,
    "confidence" : 0
  }
},{
  "dateTime" : "02/12/21 18:27:56",
  "value" : {
    "bpm" : 124,
    "confidence" : 0
  }
},{
  "dateTime" : "02/12/21 18:27:57",
  "value" : {
    "bpm" : 123,
    "confidence" : 0
  }
},{
  "dateTime" : "02/12/21 18:27:58",
  "value" : {
    "bpm" : 122,
    "confidence" : 0
  }
},{
  "dateTime" : "02/12/21 18:27:59",
  "value" : {
    "bpm" : 121,
    "confidence" : 0
  }
},{
  "dateTime" : "02/12/21 18:28:01",
  "value" : {
    "bpm" : 120,
    "confidence" : 0
  }
},{
  "dateTime" : "02/12/21 18:28:02",
  "value" : {
    "bpm" : 119,
    "confidence" : 0
  }
},{
  "dateTime" : "02/12/21 18:28:03",
  "value" : {
    "bpm" : 118,
    "confidence" : 0
  }
},{
  "dateTime" : "02/12/21 18:28:04",
  "value" : {
    "bpm" : 117,
    "confidence" : 0
  }
},{
  "dateTime" : "02/12/21 18:28:05",
  "value" : {
    "bpm" : 117,
    "confidence" : 1
  }
},{
  "dateTime" : "02/12/21 18:28:07",
  "value" : {
    "bpm" : 116,
    "confidence" : 1
  }
},{
  "dateTime" : "02/12/21 18:28:08",
  "value" : {
    "bpm" : 115,
    "confidence" : 1
  }
},{
  "dateTime" : "02/12/21 18:28:09",
  "value" : {
    "bpm" : 114,
    "confidence" : 1
  }
},{
  "dateTime" : "02/12/21 18:28:11",
  "value" : {
    "bpm" : 113,
    "confidence" : 1
  }
},{
  "dateTime" : "02/12/21 18:28:14",
  "value" : {
    "bpm" : 112,
    "confidence" : 1
  }
},{
  "dateTime" : "02/12/21 18:28:15",
  "value" : {
    "bpm" : 111,
    "confidence" : 1
  }
},{
  "dateTime" : "02/12/21 18:28:17",
  "value" : {
    "bpm" : 110,
    "confidence" : 1
  }
},{
  "dateTime" : "02/12/21 18:28:18",
  "value" : {
    "bpm" : 109,
    "confidence" : 1
  }
},{
  "dateTime" : "02/12/21 18:28:20",
  "value" : {
    "bpm" : 108,
    "confidence" : 1
  }
},{
  "dateTime" : "02/12/21 18:28:21",
  "value" : {
    "bpm" : 108,
    "confidence" : 1
  }
},{
  "dateTime" : "02/12/21 18:28:23",
  "value" : {
    "bpm" : 108,
    "confidence" : 2
  }
},{
  "dateTime" : "02/12/21 18:28:26",
  "value" : {
    "bpm" : 107,
    "confidence" : 2
  }
},{
  "dateTime" : "02/12/21 18:28:27",
  "value" : {
    "bpm" : 108,
    "confidence" : 2
  }
},{
  "dateTime" : "02/12/21 18:28:30",
  "value" : {
    "bpm" : 109,
    "confidence" : 2
  }
},{
  "dateTime" : "02/12/21 18:28:33",
  "value" : {
    "bpm" : 109,
    "confidence" : 2
  }
},{
  "dateTime" : "02/12/21 18:28:35",
  "value" : {
    "bpm" : 108,
    "confidence" : 2
  }
},{
  "dateTime" : "02/12/21 18:28:36",
  "value" : {
    "bpm" : 107,
    "confidence" : 2
  }
},{
  "dateTime" : "02/12/21 18:28:37",
  "value" : {
    "bpm" : 106,
    "confidence" : 2
  }
},{
  "dateTime" : "02/12/21 18:28:40",
  "value" : {
    "bpm" : 106,
    "confidence" : 2
  }
},{
  "dateTime" : "02/12/21 18:28:41",
  "value" : {
    "bpm" : 105,
    "confidence" : 2
  }
},{
  "dateTime" : "02/12/21 18:28:44",
  "value" : {
    "bpm" : 105,
    "confidence" : 2
  }
},{
  "dateTime" : "02/12/21 18:28:45",
  "value" : {
    "bpm" : 104,
    "confidence" : 2
  }
},{
  "dateTime" : "02/12/21 18:28:46",
  "value" : {
    "bpm" : 103,
    "confidence" : 2
  }
},{
  "dateTime" : "02/12/21 18:28:47",
  "value" : {
    "bpm" : 102,
    "confidence" : 2
  }
},{
  "dateTime" : "02/12/21 18:28:48",
  "value" : {
    "bpm" : 101,
    "confidence" : 2
  }
},{
  "dateTime" : "02/12/21 18:28:51",
  "value" : {
    "bpm" : 101,
    "confidence" : 2
  }
},{
  "dateTime" : "02/12/21 18:28:54",
  "value" : {
    "bpm" : 101,
    "confidence" : 2
  }
},{
  "dateTime" : "02/12/21 18:28:57",
  "value" : {
    "bpm" : 101,
    "confidence" : 2
  }
},{
  "dateTime" : "02/12/21 18:28:58",
  "value" : {
    "bpm" : 102,
    "confidence" : 2
  }
},{
  "dateTime" : "02/12/21 18:29:01",
  "value" : {
    "bpm" : 102,
    "confidence" : 2
  }
},{
  "dateTime" : "02/12/21 18:29:04",
  "value" : {
    "bpm" : 102,
    "confidence" : 2
  }
},{
  "dateTime" : "02/12/21 18:29:05",
  "value" : {
    "bpm" : 103,
    "confidence" : 2
  }
},{
  "dateTime" : "02/12/21 18:29:07",
  "value" : {
    "bpm" : 104,
    "confidence" : 2
  }
},{
  "dateTime" : "02/12/21 18:29:10",
  "value" : {
    "bpm" : 105,
    "confidence" : 2
  }
},{
  "dateTime" : "02/12/21 18:29:12",
  "value" : {
    "bpm" : 106,
    "confidence" : 1
  }
},{
  "dateTime" : "02/12/21 18:29:14",
  "value" : {
    "bpm" : 104,
    "confidence" : 1
  }
},{
  "dateTime" : "02/12/21 18:29:15",
  "value" : {
    "bpm" : 103,
    "confidence" : 1
  }
},{
  "dateTime" : "02/12/21 18:29:16",
  "value" : {
    "bpm" : 102,
    "confidence" : 1
  }
},{
  "dateTime" : "02/12/21 18:29:17",
  "value" : {
    "bpm" : 101,
    "confidence" : 2
  }
},{
  "dateTime" : "02/12/21 18:29:18",
  "value" : {
    "bpm" : 100,
    "confidence" : 2
  }
},{
  "dateTime" : "02/12/21 18:29:20",
  "value" : {
    "bpm" : 99,
    "confidence" : 2
  }
},{
  "dateTime" : "02/12/21 18:29:23",
  "value" : {
    "bpm" : 100,
    "confidence" : 2
  }
},{
  "dateTime" : "02/12/21 18:29:24",
  "value" : {
    "bpm" : 101,
    "confidence" : 1
  }
},{
  "dateTime" : "02/12/21 18:29:25",
  "value" : {
    "bpm" : 100,
    "confidence" : 1
  }
},{
  "dateTime" : "02/12/21 18:29:26",
  "value" : {
    "bpm" : 101,
    "confidence" : 1
  }
},{
  "dateTime" : "02/12/21 18:29:27",
  "value" : {
    "bpm" : 101,
    "confidence" : 2
  }
},{
  "dateTime" : "02/12/21 18:29:28",
  "value" : {
    "bpm" : 102,
    "confidence" : 2
  }
},{
  "dateTime" : "02/12/21 18:29:31",
  "value" : {
    "bpm" : 103,
    "confidence" : 2
  }
},{
  "dateTime" : "02/12/21 18:29:32",
  "value" : {
    "bpm" : 104,
    "confidence" : 2
  }
},{
  "dateTime" : "02/12/21 18:29:33",
  "value" : {
    "bpm" : 103,
    "confidence" : 2
  }
},{
  "dateTime" : "02/12/21 18:29:35",
  "value" : {
    "bpm" : 102,
    "confidence" : 2
  }
},{
  "dateTime" : "02/12/21 18:29:38",
  "value" : {
    "bpm" : 102,
    "confidence" : 2
  }
},{
  "dateTime" : "02/12/21 18:29:41",
  "value" : {
    "bpm" : 102,
    "confidence" : 2
  }
},{
  "dateTime" : "02/12/21 18:29:43",
  "value" : {
    "bpm" : 101,
    "confidence" : 2
  }
},{
  "dateTime" : "02/12/21 18:29:46",
  "value" : {
    "bpm" : 101,
    "confidence" : 2
  }
},{
  "dateTime" : "02/12/21 18:29:48",
  "value" : {
    "bpm" : 103,
    "confidence" : 2
  }
},{
  "dateTime" : "02/12/21 18:29:50",
  "value" : {
    "bpm" : 104,
    "confidence" : 2
  }
},{
  "dateTime" : "02/12/21 18:29:51",
  "value" : {
    "bpm" : 106,
    "confidence" : 2
  }
},{
  "dateTime" : "02/12/21 18:29:52",
  "value" : {
    "bpm" : 105,
    "confidence" : 2
  }
},{
  "dateTime" : "02/12/21 18:29:55",
  "value" : {
    "bpm" : 105,
    "confidence" : 2
  }
},{
  "dateTime" : "02/12/21 18:29:58",
  "value" : {
    "bpm" : 105,
    "confidence" : 2
  }
},{
  "dateTime" : "02/12/21 18:30:01",
  "value" : {
    "bpm" : 104,
    "confidence" : 2
  }
},{
  "dateTime" : "02/12/21 18:30:02",
  "value" : {
    "bpm" : 103,
    "confidence" : 2
  }
},{
  "dateTime" : "02/12/21 18:30:03",
  "value" : {
    "bpm" : 103,
    "confidence" : 2
  }
},{
  "dateTime" : "02/12/21 18:30:04",
  "value" : {
    "bpm" : 105,
    "confidence" : 2
  }
},{
  "dateTime" : "02/12/21 18:30:07",
  "value" : {
    "bpm" : 106,
    "confidence" : 2
  }
},{
  "dateTime" : "02/12/21 18:30:08",
  "value" : {
    "bpm" : 107,
    "confidence" : 2
  }
},{
  "dateTime" : "02/12/21 18:30:09",
  "value" : {
    "bpm" : 108,
    "confidence" : 1
  }
},{
  "dateTime" : "02/12/21 18:30:10",
  "value" : {
    "bpm" : 109,
    "confidence" : 1
  }
},{
  "dateTime" : "02/12/21 18:30:11",
  "value" : {
    "bpm" : 110,
    "confidence" : 1
  }
},{
  "dateTime" : "02/12/21 18:30:14",
  "value" : {
    "bpm" : 110,
    "confidence" : 1
  }
},{
  "dateTime" : "02/12/21 18:30:17",
  "value" : {
    "bpm" : 110,
    "confidence" : 1
  }
},{
  "dateTime" : "02/12/21 18:30:20",
  "value" : {
    "bpm" : 109,
    "confidence" : 1
  }
},{
  "dateTime" : "02/12/21 18:30:21",
  "value" : {
    "bpm" : 105,
    "confidence" : 1
  }
},{
  "dateTime" : "02/12/21 18:30:22",
  "value" : {
    "bpm" : 104,
    "confidence" : 1
  }
},{
  "dateTime" : "02/12/21 18:30:25",
  "value" : {
    "bpm" : 103,
    "confidence" : 1
  }
},{
  "dateTime" : "02/12/21 18:30:28",
  "value" : {
    "bpm" : 103,
    "confidence" : 1
  }
},{
  "dateTime" : "02/12/21 18:30:30",
  "value" : {
    "bpm" : 104,
    "confidence" : 1
  }
},{
  "dateTime" : "02/12/21 18:30:32",
  "value" : {
    "bpm" : 105,
    "confidence" : 1
  }
},{
  "dateTime" : "02/12/21 18:30:35",
  "value" : {
    "bpm" : 106,
    "confidence" : 1
  }
},{
  "dateTime" : "02/12/21 18:30:36",
  "value" : {
    "bpm" : 105,
    "confidence" : 1
  }
},{
  "dateTime" : "02/12/21 18:30:39",
  "value" : {
    "bpm" : 104,
    "confidence" : 1
  }
},{
  "dateTime" : "02/12/21 18:30:42",
  "value" : {
    "bpm" : 103,
    "confidence" : 1
  }
},{
  "dateTime" : "02/12/21 18:30:53",
  "value" : {
    "bpm" : 101,
    "confidence" : 2
  }
},{
  "dateTime" : "02/12/21 18:30:56",
  "value" : {
    "bpm" : 101,
    "confidence" : 2
  }
},{
  "dateTime" : "02/12/21 18:30:59",
  "value" : {
    "bpm" : 101,
    "confidence" : 2
  }
},{
  "dateTime" : "02/12/21 18:31:02",
  "value" : {
    "bpm" : 101,
    "confidence" : 2
  }
},{
  "dateTime" : "02/12/21 18:31:03",
  "value" : {
    "bpm" : 102,
    "confidence" : 2
  }
},{
  "dateTime" : "02/12/21 18:31:04",
  "value" : {
    "bpm" : 103,
    "confidence" : 2
  }
},{
  "dateTime" : "02/12/21 18:31:05",
  "value" : {
    "bpm" : 105,
    "confidence" : 1
  }
},{
  "dateTime" : "02/12/21 18:31:07",
  "value" : {
    "bpm" : 106,
    "confidence" : 1
  }
},{
  "dateTime" : "02/12/21 18:31:08",
  "value" : {
    "bpm" : 105,
    "confidence" : 1
  }
},{
  "dateTime" : "02/12/21 18:31:10",
  "value" : {
    "bpm" : 104,
    "confidence" : 1
  }
},{
  "dateTime" : "02/12/21 18:31:13",
  "value" : {
    "bpm" : 104,
    "confidence" : 1
  }
},{
  "dateTime" : "02/12/21 18:31:14",
  "value" : {
    "bpm" : 105,
    "confidence" : 1
  }
},{
  "dateTime" : "02/12/21 18:31:16",
  "value" : {
    "bpm" : 106,
    "confidence" : 1
  }
},{
  "dateTime" : "02/12/21 18:31:17",
  "value" : {
    "bpm" : 107,
    "confidence" : 1
  }
},{
  "dateTime" : "02/12/21 18:31:18",
  "value" : {
    "bpm" : 108,
    "confidence" : 1
  }
},{
  "dateTime" : "02/12/21 18:31:21",
  "value" : {
    "bpm" : 108,
    "confidence" : 1
  }
},{
  "dateTime" : "02/12/21 18:31:22",
  "value" : {
    "bpm" : 109,
    "confidence" : 1
  }
},{
  "dateTime" : "02/12/21 18:31:23",
  "value" : {
    "bpm" : 110,
    "confidence" : 1
  }
},{
  "dateTime" : "02/12/21 18:31:24",
  "value" : {
    "bpm" : 111,
    "confidence" : 1
  }
},{
  "dateTime" : "02/12/21 18:31:25",
  "value" : {
    "bpm" : 112,
    "confidence" : 1
  }
},{
  "dateTime" : "02/12/21 18:31:26",
  "value" : {
    "bpm" : 113,
    "confidence" : 1
  }
},{
  "dateTime" : "02/12/21 18:31:29",
  "value" : {
    "bpm" : 114,
    "confidence" : 1
  }
},{
  "dateTime" : "02/12/21 18:31:32",
  "value" : {
    "bpm" : 115,
    "confidence" : 1
  }
},{
  "dateTime" : "02/12/21 18:31:33",
  "value" : {
    "bpm" : 116,
    "confidence" : 1
  }
},{
  "dateTime" : "02/12/21 18:31:36",
  "value" : {
    "bpm" : 117,
    "confidence" : 1
  }
},{
  "dateTime" : "02/12/21 18:31:37",
  "value" : {
    "bpm" : 117,
    "confidence" : 1
  }
},{
  "dateTime" : "02/12/21 18:31:40",
  "value" : {
    "bpm" : 117,
    "confidence" : 1
  }
},{
  "dateTime" : "02/12/21 18:31:41",
  "value" : {
    "bpm" : 118,
    "confidence" : 1
  }
},{
  "dateTime" : "02/12/21 18:31:43",
  "value" : {
    "bpm" : 119,
    "confidence" : 1
  }
},{
  "dateTime" : "02/12/21 18:31:45",
  "value" : {
    "bpm" : 118,
    "confidence" : 1
  }
},{
  "dateTime" : "02/12/21 18:31:46",
  "value" : {
    "bpm" : 117,
    "confidence" : 1
  }
},{
  "dateTime" : "02/12/21 18:31:47",
  "value" : {
    "bpm" : 116,
    "confidence" : 1
  }
},{
  "dateTime" : "02/12/21 18:31:48",
  "value" : {
    "bpm" : 115,
    "confidence" : 1
  }
},{
  "dateTime" : "02/12/21 18:31:50",
  "value" : {
    "bpm" : 116,
    "confidence" : 1
  }
},{
  "dateTime" : "02/12/21 18:31:51",
  "value" : {
    "bpm" : 117,
    "confidence" : 1
  }
},{
  "dateTime" : "02/12/21 18:31:54",
  "value" : {
    "bpm" : 117,
    "confidence" : 1
  }
},{
  "dateTime" : "02/12/21 18:31:55",
  "value" : {
    "bpm" : 116,
    "confidence" : 1
  }
},{
  "dateTime" : "02/12/21 18:31:56",
  "value" : {
    "bpm" : 114,
    "confidence" : 1
  }
},{
  "dateTime" : "02/12/21 18:31:57",
  "value" : {
    "bpm" : 113,
    "confidence" : 1
  }
},{
  "dateTime" : "02/12/21 18:31:59",
  "value" : {
    "bpm" : 112,
    "confidence" : 1
  }
},{
  "dateTime" : "02/12/21 18:32:01",
  "value" : {
    "bpm" : 113,
    "confidence" : 1
  }
},{
  "dateTime" : "02/12/21 18:32:02",
  "value" : {
    "bpm" : 114,
    "confidence" : 1
  }
},{
  "dateTime" : "02/12/21 18:32:05",
  "value" : {
    "bpm" : 114,
    "confidence" : 1
  }
},{
  "dateTime" : "02/12/21 18:32:06",
  "value" : {
    "bpm" : 115,
    "confidence" : 1
  }
},{
  "dateTime" : "02/12/21 18:32:07",
  "value" : {
    "bpm" : 114,
    "confidence" : 1
  }
},{
  "dateTime" : "02/12/21 18:32:08",
  "value" : {
    "bpm" : 113,
    "confidence" : 1
  }
},{
  "dateTime" : "02/12/21 18:32:09",
  "value" : {
    "bpm" : 112,
    "confidence" : 1
  }
},{
  "dateTime" : "02/12/21 18:32:11",
  "value" : {
    "bpm" : 111,
    "confidence" : 1
  }
},{
  "dateTime" : "02/12/21 18:32:12",
  "value" : {
    "bpm" : 110,
    "confidence" : 1
  }
},{
  "dateTime" : "02/12/21 18:32:15",
  "value" : {
    "bpm" : 110,
    "confidence" : 1
  }
},{
  "dateTime" : "02/12/21 18:32:18",
  "value" : {
    "bpm" : 111,
    "confidence" : 1
  }
},{
  "dateTime" : "02/12/21 18:32:19",
  "value" : {
    "bpm" : 112,
    "confidence" : 1
  }
},{
  "dateTime" : "02/12/21 18:32:20",
  "value" : {
    "bpm" : 113,
    "confidence" : 1
  }
},{
  "dateTime" : "02/12/21 18:32:23",
  "value" : {
    "bpm" : 112,
    "confidence" : 1
  }
},{
  "dateTime" : "02/12/21 18:32:26",
  "value" : {
    "bpm" : 112,
    "confidence" : 1
  }
},{
  "dateTime" : "02/12/21 18:32:29",
  "value" : {
    "bpm" : 113,
    "confidence" : 1
  }
},{
  "dateTime" : "02/12/21 18:32:32",
  "value" : {
    "bpm" : 113,
    "confidence" : 1
  }
},{
  "dateTime" : "02/12/21 18:32:33",
  "value" : {
    "bpm" : 113,
    "confidence" : 2
  }
},{
  "dateTime" : "02/12/21 18:32:36",
  "value" : {
    "bpm" : 113,
    "confidence" : 2
  }
},{
  "dateTime" : "02/12/21 18:32:39",
  "value" : {
    "bpm" : 113,
    "confidence" : 2
  }
},{
  "dateTime" : "02/12/21 18:32:41",
  "value" : {
    "bpm" : 112,
    "confidence" : 2
  }
},{
  "dateTime" : "02/12/21 18:32:42",
  "value" : {
    "bpm" : 111,
    "confidence" : 2
  }
},{
  "dateTime" : "02/12/21 18:32:44",
  "value" : {
    "bpm" : 112,
    "confidence" : 2
  }
},{
  "dateTime" : "02/12/21 18:32:45",
  "value" : {
    "bpm" : 113,
    "confidence" : 1
  }
},{
  "dateTime" : "02/12/21 18:32:48",
  "value" : {
    "bpm" : 114,
    "confidence" : 1
  }
},{
  "dateTime" : "02/12/21 18:32:51",
  "value" : {
    "bpm" : 114,
    "confidence" : 1
  }
},{
  "dateTime" : "02/12/21 18:32:54",
  "value" : {
    "bpm" : 114,
    "confidence" : 1
  }
},{
  "dateTime" : "02/12/21 18:32:57",
  "value" : {
    "bpm" : 115,
    "confidence" : 1
  }
},{
  "dateTime" : "02/12/21 18:32:59",
  "value" : {
    "bpm" : 116,
    "confidence" : 1
  }
},{
  "dateTime" : "02/12/21 18:33:01",
  "value" : {
    "bpm" : 117,
    "confidence" : 1
  }
},{
  "dateTime" : "02/12/21 18:33:02",
  "value" : {
    "bpm" : 117,
    "confidence" : 2
  }
},{
  "dateTime" : "02/12/21 18:33:04",
  "value" : {
    "bpm" : 117,
    "confidence" : 1
  }
},{
  "dateTime" : "02/12/21 18:33:06",
  "value" : {
    "bpm" : 118,
    "confidence" : 1
  }
},{
  "dateTime" : "02/12/21 18:33:09",
  "value" : {
    "bpm" : 118,
    "confidence" : 1
  }
},{
  "dateTime" : "02/12/21 18:33:10",
  "value" : {
    "bpm" : 117,
    "confidence" : 1
  }
},{
  "dateTime" : "02/12/21 18:33:12",
  "value" : {
    "bpm" : 116,
    "confidence" : 1
  }
},{
  "dateTime" : "02/12/21 18:33:13",
  "value" : {
    "bpm" : 115,
    "confidence" : 1
  }
},{
  "dateTime" : "02/12/21 18:33:16",
  "value" : {
    "bpm" : 113,
    "confidence" : 1
  }
},{
  "dateTime" : "02/12/21 18:33:17",
  "value" : {
    "bpm" : 112,
    "confidence" : 1
  }
},{
  "dateTime" : "02/12/21 18:33:18",
  "value" : {
    "bpm" : 111,
    "confidence" : 1
  }
},{
  "dateTime" : "02/12/21 18:33:19",
  "value" : {
    "bpm" : 110,
    "confidence" : 1
  }
},{
  "dateTime" : "02/12/21 18:33:20",
  "value" : {
    "bpm" : 109,
    "confidence" : 1
  }
},{
  "dateTime" : "02/12/21 18:33:21",
  "value" : {
    "bpm" : 110,
    "confidence" : 1
  }
},{
  "dateTime" : "02/12/21 18:33:24",
  "value" : {
    "bpm" : 109,
    "confidence" : 1
  }
},{
  "dateTime" : "02/12/21 18:33:27",
  "value" : {
    "bpm" : 108,
    "confidence" : 1
  }
},{
  "dateTime" : "02/12/21 18:33:30",
  "value" : {
    "bpm" : 107,
    "confidence" : 1
  }
},{
  "dateTime" : "02/12/21 18:33:32",
  "value" : {
    "bpm" : 108,
    "confidence" : 1
  }
},{
  "dateTime" : "02/12/21 18:33:35",
  "value" : {
    "bpm" : 108,
    "confidence" : 1
  }
},{
  "dateTime" : "02/12/21 18:33:38",
  "value" : {
    "bpm" : 107,
    "confidence" : 1
  }
},{
  "dateTime" : "02/12/21 18:33:39",
  "value" : {
    "bpm" : 108,
    "confidence" : 1
  }
},{
  "dateTime" : "02/12/21 18:33:42",
  "value" : {
    "bpm" : 108,
    "confidence" : 1
  }
},{
  "dateTime" : "02/12/21 18:33:45",
  "value" : {
    "bpm" : 108,
    "confidence" : 1
  }
},{
  "dateTime" : "02/12/21 18:33:47",
  "value" : {
    "bpm" : 109,
    "confidence" : 1
  }
},{
  "dateTime" : "02/12/21 18:33:48",
  "value" : {
    "bpm" : 110,
    "confidence" : 1
  }
},{
  "dateTime" : "02/12/21 18:33:51",
  "value" : {
    "bpm" : 111,
    "confidence" : 1
  }
},{
  "dateTime" : "02/12/21 18:33:54",
  "value" : {
    "bpm" : 112,
    "confidence" : 1
  }
},{
  "dateTime" : "02/12/21 18:33:55",
  "value" : {
    "bpm" : 113,
    "confidence" : 1
  }
},{
  "dateTime" : "02/12/21 18:33:58",
  "value" : {
    "bpm" : 113,
    "confidence" : 1
  }
},{
  "dateTime" : "02/12/21 18:34:00",
  "value" : {
    "bpm" : 114,
    "confidence" : 1
  }
},{
  "dateTime" : "02/12/21 18:34:03",
  "value" : {
    "bpm" : 114,
    "confidence" : 1
  }
},{
  "dateTime" : "02/12/21 18:34:04",
  "value" : {
    "bpm" : 115,
    "confidence" : 1
  }
},{
  "dateTime" : "02/12/21 18:34:07",
  "value" : {
    "bpm" : 115,
    "confidence" : 1
  }
},{
  "dateTime" : "02/12/21 18:34:10",
  "value" : {
    "bpm" : 116,
    "confidence" : 1
  }
},{
  "dateTime" : "02/12/21 18:34:13",
  "value" : {
    "bpm" : 117,
    "confidence" : 1
  }
},{
  "dateTime" : "02/12/21 18:34:15",
  "value" : {
    "bpm" : 118,
    "confidence" : 1
  }
},{
  "dateTime" : "02/12/21 18:34:17",
  "value" : {
    "bpm" : 118,
    "confidence" : 2
  }
},{
  "dateTime" : "02/12/21 18:34:18",
  "value" : {
    "bpm" : 118,
    "confidence" : 2
  }
},{
  "dateTime" : "02/12/21 18:34:21",
  "value" : {
    "bpm" : 118,
    "confidence" : 2
  }
},{
  "dateTime" : "02/12/21 18:34:23",
  "value" : {
    "bpm" : 118,
    "confidence" : 1
  }
},{
  "dateTime" : "02/12/21 18:34:26",
  "value" : {
    "bpm" : 118,
    "confidence" : 1
  }
},{
  "dateTime" : "02/12/21 18:34:29",
  "value" : {
    "bpm" : 117,
    "confidence" : 1
  }
},{
  "dateTime" : "02/12/21 18:34:30",
  "value" : {
    "bpm" : 116,
    "confidence" : 1
  }
},{
  "dateTime" : "02/12/21 18:34:32",
  "value" : {
    "bpm" : 114,
    "confidence" : 1
  }
},{
  "dateTime" : "02/12/21 18:34:33",
  "value" : {
    "bpm" : 113,
    "confidence" : 1
  }
},{
  "dateTime" : "02/12/21 18:34:34",
  "value" : {
    "bpm" : 112,
    "confidence" : 1
  }
},{
  "dateTime" : "02/12/21 18:34:35",
  "value" : {
    "bpm" : 111,
    "confidence" : 1
  }
},{
  "dateTime" : "02/12/21 18:34:37",
  "value" : {
    "bpm" : 112,
    "confidence" : 1
  }
},{
  "dateTime" : "02/12/21 18:34:39",
  "value" : {
    "bpm" : 111,
    "confidence" : 1
  }
},{
  "dateTime" : "02/12/21 18:34:40",
  "value" : {
    "bpm" : 110,
    "confidence" : 1
  }
},{
  "dateTime" : "02/12/21 18:34:43",
  "value" : {
    "bpm" : 110,
    "confidence" : 1
  }
},{
  "dateTime" : "02/12/21 18:34:45",
  "value" : {
    "bpm" : 109,
    "confidence" : 1
  }
},{
  "dateTime" : "02/12/21 18:34:46",
  "value" : {
    "bpm" : 108,
    "confidence" : 1
  }
},{
  "dateTime" : "02/12/21 18:34:49",
  "value" : {
    "bpm" : 108,
    "confidence" : 1
  }
},{
  "dateTime" : "02/12/21 18:34:50",
  "value" : {
    "bpm" : 107,
    "confidence" : 1
  }
},{
  "dateTime" : "02/12/21 18:34:53",
  "value" : {
    "bpm" : 108,
    "confidence" : 1
  }
},{
  "dateTime" : "02/12/21 18:34:56",
  "value" : {
    "bpm" : 108,
    "confidence" : 1
  }
},{
  "dateTime" : "02/12/21 18:34:57",
  "value" : {
    "bpm" : 109,
    "confidence" : 1
  }
},{
  "dateTime" : "02/12/21 18:34:59",
  "value" : {
    "bpm" : 110,
    "confidence" : 1
  }
},{
  "dateTime" : "02/12/21 18:35:00",
  "value" : {
    "bpm" : 111,
    "confidence" : 1
  }
},{
  "dateTime" : "02/12/21 18:35:03",
  "value" : {
    "bpm" : 111,
    "confidence" : 1
  }
},{
  "dateTime" : "02/12/21 18:35:04",
  "value" : {
    "bpm" : 112,
    "confidence" : 0
  }
},{
  "dateTime" : "02/12/21 18:35:05",
  "value" : {
    "bpm" : 113,
    "confidence" : 0
  }
},{
  "dateTime" : "02/12/21 18:35:06",
  "value" : {
    "bpm" : 115,
    "confidence" : 1
  }
},{
  "dateTime" : "02/12/21 18:35:07",
  "value" : {
    "bpm" : 114,
    "confidence" : 1
  }
},{
  "dateTime" : "02/12/21 18:35:10",
  "value" : {
    "bpm" : 113,
    "confidence" : 1
  }
},{
  "dateTime" : "02/12/21 18:35:11",
  "value" : {
    "bpm" : 114,
    "confidence" : 1
  }
},{
  "dateTime" : "02/12/21 18:35:14",
  "value" : {
    "bpm" : 114,
    "confidence" : 1
  }
},{
  "dateTime" : "02/12/21 18:35:17",
  "value" : {
    "bpm" : 115,
    "confidence" : 1
  }
},{
  "dateTime" : "02/12/21 18:35:19",
  "value" : {
    "bpm" : 116,
    "confidence" : 1
  }
},{
  "dateTime" : "02/12/21 18:35:20",
  "value" : {
    "bpm" : 117,
    "confidence" : 1
  }
},{
  "dateTime" : "02/12/21 18:35:21",
  "value" : {
    "bpm" : 117,
    "confidence" : 0
  }
},{
  "dateTime" : "02/12/21 18:35:22",
  "value" : {
    "bpm" : 117,
    "confidence" : 1
  }
},{
  "dateTime" : "02/12/21 18:35:25",
  "value" : {
    "bpm" : 116,
    "confidence" : 1
  }
},{
  "dateTime" : "02/12/21 18:35:28",
  "value" : {
    "bpm" : 116,
    "confidence" : 1
  }
},{
  "dateTime" : "02/12/21 18:35:30",
  "value" : {
    "bpm" : 117,
    "confidence" : 1
  }
},{
  "dateTime" : "02/12/21 18:35:31",
  "value" : {
    "bpm" : 116,
    "confidence" : 1
  }
},{
  "dateTime" : "02/12/21 18:35:33",
  "value" : {
    "bpm" : 115,
    "confidence" : 1
  }
},{
  "dateTime" : "02/12/21 18:35:35",
  "value" : {
    "bpm" : 114,
    "confidence" : 1
  }
},{
  "dateTime" : "02/12/21 18:35:37",
  "value" : {
    "bpm" : 113,
    "confidence" : 1
  }
},{
  "dateTime" : "02/12/21 18:35:40",
  "value" : {
    "bpm" : 112,
    "confidence" : 1
  }
},{
  "dateTime" : "02/12/21 18:35:43",
  "value" : {
    "bpm" : 112,
    "confidence" : 1
  }
},{
  "dateTime" : "02/12/21 18:35:46",
  "value" : {
    "bpm" : 112,
    "confidence" : 1
  }
},{
  "dateTime" : "02/12/21 18:35:48",
  "value" : {
    "bpm" : 112,
    "confidence" : 2
  }
},{
  "dateTime" : "02/12/21 18:35:51",
  "value" : {
    "bpm" : 112,
    "confidence" : 2
  }
},{
  "dateTime" : "02/12/21 18:35:54",
  "value" : {
    "bpm" : 112,
    "confidence" : 2
  }
},{
  "dateTime" : "02/12/21 18:35:57",
  "value" : {
    "bpm" : 112,
    "confidence" : 2
  }
},{
  "dateTime" : "02/12/21 18:36:00",
  "value" : {
    "bpm" : 111,
    "confidence" : 2
  }
},{
  "dateTime" : "02/12/21 18:36:01",
  "value" : {
    "bpm" : 110,
    "confidence" : 2
  }
},{
  "dateTime" : "02/12/21 18:36:04",
  "value" : {
    "bpm" : 110,
    "confidence" : 2
  }
},{
  "dateTime" : "02/12/21 18:36:07",
  "value" : {
    "bpm" : 111,
    "confidence" : 1
  }
},{
  "dateTime" : "02/12/21 18:36:08",
  "value" : {
    "bpm" : 111,
    "confidence" : 2
  }
},{
  "dateTime" : "02/12/21 18:36:09",
  "value" : {
    "bpm" : 112,
    "confidence" : 2
  }
},{
  "dateTime" : "02/12/21 18:36:12",
  "value" : {
    "bpm" : 112,
    "confidence" : 1
  }
},{
  "dateTime" : "02/12/21 18:36:15",
  "value" : {
    "bpm" : 112,
    "confidence" : 1
  }
},{
  "dateTime" : "02/12/21 18:36:18",
  "value" : {
    "bpm" : 112,
    "confidence" : 1
  }
},{
  "dateTime" : "02/12/21 18:36:21",
  "value" : {
    "bpm" : 112,
    "confidence" : 1
  }
},{
  "dateTime" : "02/12/21 18:36:22",
  "value" : {
    "bpm" : 111,
    "confidence" : 1
  }
},{
  "dateTime" : "02/12/21 18:36:24",
  "value" : {
    "bpm" : 110,
    "confidence" : 1
  }
},{
  "dateTime" : "02/12/21 18:36:25",
  "value" : {
    "bpm" : 109,
    "confidence" : 1
  }
},{
  "dateTime" : "02/12/21 18:36:27",
  "value" : {
    "bpm" : 108,
    "confidence" : 1
  }
},{
  "dateTime" : "02/12/21 18:36:29",
  "value" : {
    "bpm" : 107,
    "confidence" : 2
  }
},{
  "dateTime" : "02/12/21 18:36:31",
  "value" : {
    "bpm" : 106,
    "confidence" : 2
  }
},{
  "dateTime" : "02/12/21 18:36:34",
  "value" : {
    "bpm" : 106,
    "confidence" : 2
  }
},{
  "dateTime" : "02/12/21 18:36:37",
  "value" : {
    "bpm" : 106,
    "confidence" : 2
  }
},{
  "dateTime" : "02/12/21 18:36:40",
  "value" : {
    "bpm" : 106,
    "confidence" : 2
  }
},{
  "dateTime" : "02/12/21 18:36:41",
  "value" : {
    "bpm" : 105,
    "confidence" : 2
  }
},{
  "dateTime" : "02/12/21 18:36:44",
  "value" : {
    "bpm" : 105,
    "confidence" : 2
  }
},{
  "dateTime" : "02/12/21 18:36:47",
  "value" : {
    "bpm" : 105,
    "confidence" : 2
  }
},{
  "dateTime" : "02/12/21 18:36:48",
  "value" : {
    "bpm" : 104,
    "confidence" : 2
  }
},{
  "dateTime" : "02/12/21 18:36:50",
  "value" : {
    "bpm" : 103,
    "confidence" : 2
  }
},{
  "dateTime" : "02/12/21 18:36:52",
  "value" : {
    "bpm" : 102,
    "confidence" : 2
  }
},{
  "dateTime" : "02/12/21 18:36:54",
  "value" : {
    "bpm" : 101,
    "confidence" : 2
  }
},{
  "dateTime" : "02/12/21 18:36:56",
  "value" : {
    "bpm" : 102,
    "confidence" : 2
  }
},{
  "dateTime" : "02/12/21 18:36:59",
  "value" : {
    "bpm" : 102,
    "confidence" : 2
  }
},{
  "dateTime" : "02/12/21 18:37:00",
  "value" : {
    "bpm" : 103,
    "confidence" : 2
  }
},{
  "dateTime" : "02/12/21 18:37:03",
  "value" : {
    "bpm" : 103,
    "confidence" : 2
  }
},{
  "dateTime" : "02/12/21 18:37:06",
  "value" : {
    "bpm" : 101,
    "confidence" : 2
  }
},{
  "dateTime" : "02/12/21 18:37:07",
  "value" : {
    "bpm" : 101,
    "confidence" : 2
  }
},{
  "dateTime" : "02/12/21 18:37:10",
  "value" : {
    "bpm" : 101,
    "confidence" : 2
  }
},{
  "dateTime" : "02/12/21 18:37:12",
  "value" : {
    "bpm" : 102,
    "confidence" : 2
  }
},{
  "dateTime" : "02/12/21 18:37:13",
  "value" : {
    "bpm" : 103,
    "confidence" : 2
  }
},{
  "dateTime" : "02/12/21 18:37:16",
  "value" : {
    "bpm" : 103,
    "confidence" : 2
  }
},{
  "dateTime" : "02/12/21 18:37:19",
  "value" : {
    "bpm" : 103,
    "confidence" : 2
  }
},{
  "dateTime" : "02/12/21 18:37:20",
  "value" : {
    "bpm" : 104,
    "confidence" : 2
  }
},{
  "dateTime" : "02/12/21 18:37:23",
  "value" : {
    "bpm" : 104,
    "confidence" : 2
  }
},{
  "dateTime" : "02/12/21 18:37:24",
  "value" : {
    "bpm" : 103,
    "confidence" : 2
  }
},{
  "dateTime" : "02/12/21 18:37:27",
  "value" : {
    "bpm" : 102,
    "confidence" : 2
  }
},{
  "dateTime" : "02/12/21 18:37:30",
  "value" : {
    "bpm" : 102,
    "confidence" : 2
  }
},{
  "dateTime" : "02/12/21 18:37:31",
  "value" : {
    "bpm" : 100,
    "confidence" : 2
  }
},{
  "dateTime" : "02/12/21 18:37:33",
  "value" : {
    "bpm" : 99,
    "confidence" : 2
  }
},{
  "dateTime" : "02/12/21 18:37:35",
  "value" : {
    "bpm" : 98,
    "confidence" : 2
  }
},{
  "dateTime" : "02/12/21 18:37:37",
  "value" : {
    "bpm" : 99,
    "confidence" : 2
  }
},{
  "dateTime" : "02/12/21 18:37:38",
  "value" : {
    "bpm" : 101,
    "confidence" : 2
  }
},{
  "dateTime" : "02/12/21 18:37:41",
  "value" : {
    "bpm" : 101,
    "confidence" : 2
  }
},{
  "dateTime" : "02/12/21 18:37:42",
  "value" : {
    "bpm" : 103,
    "confidence" : 2
  }
},{
  "dateTime" : "02/12/21 18:37:43",
  "value" : {
    "bpm" : 106,
    "confidence" : 2
  }
},{
  "dateTime" : "02/12/21 18:37:46",
  "value" : {
    "bpm" : 106,
    "confidence" : 2
  }
},{
  "dateTime" : "02/12/21 18:37:49",
  "value" : {
    "bpm" : 105,
    "confidence" : 2
  }
},{
  "dateTime" : "02/12/21 18:37:52",
  "value" : {
    "bpm" : 105,
    "confidence" : 2
  }
},{
  "dateTime" : "02/12/21 18:37:54",
  "value" : {
    "bpm" : 106,
    "confidence" : 2
  }
},{
  "dateTime" : "02/12/21 18:37:57",
  "value" : {
    "bpm" : 104,
    "confidence" : 2
  }
},{
  "dateTime" : "02/12/21 18:37:58",
  "value" : {
    "bpm" : 104,
    "confidence" : 1
  }
},{
  "dateTime" : "02/12/21 18:38:00",
  "value" : {
    "bpm" : 102,
    "confidence" : 1
  }
},{
  "dateTime" : "02/12/21 18:38:03",
  "value" : {
    "bpm" : 101,
    "confidence" : 2
  }
},{
  "dateTime" : "02/12/21 18:38:04",
  "value" : {
    "bpm" : 102,
    "confidence" : 2
  }
},{
  "dateTime" : "02/12/21 18:38:05",
  "value" : {
    "bpm" : 101,
    "confidence" : 2
  }
},{
  "dateTime" : "02/12/21 18:38:08",
  "value" : {
    "bpm" : 100,
    "confidence" : 2
  }
},{
  "dateTime" : "02/12/21 18:38:09",
  "value" : {
    "bpm" : 101,
    "confidence" : 2
  }
},{
  "dateTime" : "02/12/21 18:38:11",
  "value" : {
    "bpm" : 100,
    "confidence" : 2
  }
},{
  "dateTime" : "02/12/21 18:38:14",
  "value" : {
    "bpm" : 100,
    "confidence" : 2
  }
},{
  "dateTime" : "02/12/21 18:38:16",
  "value" : {
    "bpm" : 101,
    "confidence" : 2
  }
},{
  "dateTime" : "02/12/21 18:38:17",
  "value" : {
    "bpm" : 100,
    "confidence" : 2
  }
},{
  "dateTime" : "02/12/21 18:38:18",
  "value" : {
    "bpm" : 99,
    "confidence" : 2
  }
},{
  "dateTime" : "02/12/21 18:38:24",
  "value" : {
    "bpm" : 101,
    "confidence" : 2
  }
},{
  "dateTime" : "02/12/21 18:38:29",
  "value" : {
    "bpm" : 103,
    "confidence" : 2
  }
},{
  "dateTime" : "02/12/21 18:38:34",
  "value" : {
    "bpm" : 102,
    "confidence" : 2
  }
},{
  "dateTime" : "02/12/21 18:38:39",
  "value" : {
    "bpm" : 103,
    "confidence" : 2
  }
},{
  "dateTime" : "02/12/21 18:38:49",
  "value" : {
    "bpm" : 104,
    "confidence" : 1
  }
},{
  "dateTime" : "02/12/21 18:38:54",
  "value" : {
    "bpm" : 100,
    "confidence" : 1
  }
},{
  "dateTime" : "02/12/21 18:39:04",
  "value" : {
    "bpm" : 103,
    "confidence" : 1
  }
},{
  "dateTime" : "02/12/21 18:39:09",
  "value" : {
    "bpm" : 104,
    "confidence" : 1
  }
},{
  "dateTime" : "02/12/21 18:39:19",
  "value" : {
    "bpm" : 105,
    "confidence" : 1
  }
},{
  "dateTime" : "02/12/21 18:39:24",
  "value" : {
    "bpm" : 108,
    "confidence" : 1
  }
},{
  "dateTime" : "02/12/21 18:39:29",
  "value" : {
    "bpm" : 110,
    "confidence" : 1
  }
},{
  "dateTime" : "02/12/21 18:39:34",
  "value" : {
    "bpm" : 112,
    "confidence" : 1
  }
},{
  "dateTime" : "02/12/21 18:39:49",
  "value" : {
    "bpm" : 112,
    "confidence" : 1
  }
},{
  "dateTime" : "02/12/21 18:40:04",
  "value" : {
    "bpm" : 110,
    "confidence" : 2
  }
},{
  "dateTime" : "02/12/21 18:40:09",
  "value" : {
    "bpm" : 108,
    "confidence" : 1
  }
},{
  "dateTime" : "02/12/21 18:40:19",
  "value" : {
    "bpm" : 104,
    "confidence" : 1
  }
},{
  "dateTime" : "02/12/21 18:46:39",
  "value" : {
    "bpm" : 70,
    "confidence" : 0
  }
},{
  "dateTime" : "02/12/21 18:51:12",
  "value" : {
    "bpm" : 70,
    "confidence" : 0
  }
},{
  "dateTime" : "02/12/21 18:51:22",
  "value" : {
    "bpm" : 80,
    "confidence" : 0
  }
},{
  "dateTime" : "02/12/21 18:51:27",
  "value" : {
    "bpm" : 84,
    "confidence" : 0
  }
},{
  "dateTime" : "02/12/21 18:51:32",
  "value" : {
    "bpm" : 89,
    "confidence" : 3
  }
},{
  "dateTime" : "02/12/21 18:51:42",
  "value" : {
    "bpm" : 90,
    "confidence" : 2
  }
},{
  "dateTime" : "02/12/21 18:51:57",
  "value" : {
    "bpm" : 91,
    "confidence" : 3
  }
},{
  "dateTime" : "02/12/21 18:52:02",
  "value" : {
    "bpm" : 90,
    "confidence" : 2
  }
},{
  "dateTime" : "02/12/21 18:52:17",
  "value" : {
    "bpm" : 90,
    "confidence" : 2
  }
},{
  "dateTime" : "02/12/21 18:52:22",
  "value" : {
    "bpm" : 89,
    "confidence" : 2
  }
},{
  "dateTime" : "02/12/21 18:52:27",
  "value" : {
    "bpm" : 87,
    "confidence" : 3
  }
},{
  "dateTime" : "02/12/21 18:52:37",
  "value" : {
    "bpm" : 88,
    "confidence" : 2
  }
},{
  "dateTime" : "02/12/21 18:52:52",
  "value" : {
    "bpm" : 88,
    "confidence" : 2
  }
},{
  "dateTime" : "02/12/21 18:53:15",
  "value" : {
    "bpm" : 88,
    "confidence" : 2
  }
},{
  "dateTime" : "02/12/21 18:53:25",
  "value" : {
    "bpm" : 88,
    "confidence" : 1
  }
},{
  "dateTime" : "02/12/21 18:53:35",
  "value" : {
    "bpm" : 89,
    "confidence" : 1
  }
},{
  "dateTime" : "02/12/21 18:53:40",
  "value" : {
    "bpm" : 90,
    "confidence" : 1
  }
},{
  "dateTime" : "02/12/21 18:53:45",
  "value" : {
    "bpm" : 90,
    "confidence" : 2
  }
},{
  "dateTime" : "02/12/21 18:54:00",
  "value" : {
    "bpm" : 90,
    "confidence" : 2
  }
},{
  "dateTime" : "02/12/21 18:54:15",
  "value" : {
    "bpm" : 90,
    "confidence" : 2
  }
},{
  "dateTime" : "02/12/21 19:49:23",
  "value" : {
    "bpm" : 70,
    "confidence" : 0
  }
},{
  "dateTime" : "02/12/21 20:43:59",
  "value" : {
    "bpm" : 70,
    "confidence" : 0
  }
}]