[{
  "dateTime" : "03/17/21 17:28:16",
  "value" : {
    "bpm" : 70,
    "confidence" : 0
  }
},{
  "dateTime" : "03/17/21 17:28:31",
  "value" : {
    "bpm" : 70,
    "confidence" : 0
  }
},{
  "dateTime" : "03/17/21 17:28:36",
  "value" : {
    "bpm" : 86,
    "confidence" : 0
  }
},{
  "dateTime" : "03/17/21 17:28:41",
  "value" : {
    "bpm" : 87,
    "confidence" : 1
  }
},{
  "dateTime" : "03/17/21 17:28:46",
  "value" : {
    "bpm" : 89,
    "confidence" : 1
  }
},{
  "dateTime" : "03/17/21 17:28:51",
  "value" : {
    "bpm" : 93,
    "confidence" : 1
  }
},{
  "dateTime" : "03/17/21 17:28:56",
  "value" : {
    "bpm" : 90,
    "confidence" : 1
  }
},{
  "dateTime" : "03/17/21 17:29:01",
  "value" : {
    "bpm" : 92,
    "confidence" : 2
  }
},{
  "dateTime" : "03/17/21 17:29:06",
  "value" : {
    "bpm" : 93,
    "confidence" : 2
  }
},{
  "dateTime" : "03/17/21 17:29:16",
  "value" : {
    "bpm" : 92,
    "confidence" : 2
  }
},{
  "dateTime" : "03/17/21 17:29:21",
  "value" : {
    "bpm" : 91,
    "confidence" : 2
  }
},{
  "dateTime" : "03/17/21 17:29:36",
  "value" : {
    "bpm" : 91,
    "confidence" : 2
  }
},{
  "dateTime" : "03/17/21 17:29:41",
  "value" : {
    "bpm" : 92,
    "confidence" : 2
  }
},{
  "dateTime" : "03/17/21 17:29:46",
  "value" : {
    "bpm" : 91,
    "confidence" : 2
  }
},{
  "dateTime" : "03/17/21 17:29:51",
  "value" : {
    "bpm" : 86,
    "confidence" : 2
  }
},{
  "dateTime" : "03/17/21 17:30:06",
  "value" : {
    "bpm" : 86,
    "confidence" : 2
  }
},{
  "dateTime" : "03/17/21 17:30:11",
  "value" : {
    "bpm" : 88,
    "confidence" : 2
  }
},{
  "dateTime" : "03/17/21 17:30:16",
  "value" : {
    "bpm" : 87,
    "confidence" : 2
  }
},{
  "dateTime" : "03/17/21 17:30:31",
  "value" : {
    "bpm" : 87,
    "confidence" : 2
  }
},{
  "dateTime" : "03/17/21 17:30:46",
  "value" : {
    "bpm" : 86,
    "confidence" : 2
  }
},{
  "dateTime" : "03/17/21 17:30:51",
  "value" : {
    "bpm" : 88,
    "confidence" : 2
  }
},{
  "dateTime" : "03/17/21 17:31:01",
  "value" : {
    "bpm" : 87,
    "confidence" : 2
  }
},{
  "dateTime" : "03/17/21 17:31:07",
  "value" : {
    "bpm" : 85,
    "confidence" : 2
  }
},{
  "dateTime" : "03/17/21 17:31:17",
  "value" : {
    "bpm" : 84,
    "confidence" : 2
  }
},{
  "dateTime" : "03/17/21 17:31:27",
  "value" : {
    "bpm" : 85,
    "confidence" : 2
  }
},{
  "dateTime" : "03/17/21 17:31:32",
  "value" : {
    "bpm" : 86,
    "confidence" : 2
  }
},{
  "dateTime" : "03/17/21 17:31:37",
  "value" : {
    "bpm" : 85,
    "confidence" : 2
  }
},{
  "dateTime" : "03/17/21 17:31:47",
  "value" : {
    "bpm" : 83,
    "confidence" : 2
  }
},{
  "dateTime" : "03/17/21 17:31:57",
  "value" : {
    "bpm" : 84,
    "confidence" : 2
  }
},{
  "dateTime" : "03/17/21 17:32:02",
  "value" : {
    "bpm" : 85,
    "confidence" : 2
  }
},{
  "dateTime" : "03/17/21 17:32:07",
  "value" : {
    "bpm" : 86,
    "confidence" : 2
  }
},{
  "dateTime" : "03/17/21 17:32:12",
  "value" : {
    "bpm" : 81,
    "confidence" : 2
  }
},{
  "dateTime" : "03/17/21 17:32:17",
  "value" : {
    "bpm" : 79,
    "confidence" : 2
  }
},{
  "dateTime" : "03/17/21 17:32:22",
  "value" : {
    "bpm" : 77,
    "confidence" : 3
  }
},{
  "dateTime" : "03/17/21 17:32:27",
  "value" : {
    "bpm" : 78,
    "confidence" : 3
  }
},{
  "dateTime" : "03/17/21 17:32:32",
  "value" : {
    "bpm" : 79,
    "confidence" : 3
  }
},{
  "dateTime" : "03/17/21 17:32:42",
  "value" : {
    "bpm" : 80,
    "confidence" : 3
  }
},{
  "dateTime" : "03/17/21 17:32:57",
  "value" : {
    "bpm" : 80,
    "confidence" : 3
  }
},{
  "dateTime" : "03/17/21 17:33:02",
  "value" : {
    "bpm" : 78,
    "confidence" : 3
  }
},{
  "dateTime" : "03/17/21 17:33:12",
  "value" : {
    "bpm" : 77,
    "confidence" : 3
  }
},{
  "dateTime" : "03/17/21 17:33:17",
  "value" : {
    "bpm" : 76,
    "confidence" : 3
  }
},{
  "dateTime" : "03/17/21 17:33:22",
  "value" : {
    "bpm" : 77,
    "confidence" : 3
  }
},{
  "dateTime" : "03/17/21 17:33:32",
  "value" : {
    "bpm" : 81,
    "confidence" : 3
  }
},{
  "dateTime" : "03/17/21 17:33:37",
  "value" : {
    "bpm" : 82,
    "confidence" : 3
  }
},{
  "dateTime" : "03/17/21 17:33:42",
  "value" : {
    "bpm" : 80,
    "confidence" : 3
  }
},{
  "dateTime" : "03/17/21 17:33:47",
  "value" : {
    "bpm" : 78,
    "confidence" : 3
  }
},{
  "dateTime" : "03/17/21 17:33:52",
  "value" : {
    "bpm" : 76,
    "confidence" : 3
  }
},{
  "dateTime" : "03/17/21 17:34:02",
  "value" : {
    "bpm" : 78,
    "confidence" : 2
  }
},{
  "dateTime" : "03/17/21 17:34:17",
  "value" : {
    "bpm" : 78,
    "confidence" : 2
  }
},{
  "dateTime" : "03/17/21 17:34:22",
  "value" : {
    "bpm" : 79,
    "confidence" : 3
  }
},{
  "dateTime" : "03/17/21 17:34:27",
  "value" : {
    "bpm" : 79,
    "confidence" : 2
  }
},{
  "dateTime" : "03/17/21 17:34:37",
  "value" : {
    "bpm" : 80,
    "confidence" : 3
  }
},{
  "dateTime" : "03/17/21 17:34:42",
  "value" : {
    "bpm" : 81,
    "confidence" : 3
  }
},{
  "dateTime" : "03/17/21 17:34:52",
  "value" : {
    "bpm" : 82,
    "confidence" : 3
  }
},{
  "dateTime" : "03/17/21 17:34:57",
  "value" : {
    "bpm" : 81,
    "confidence" : 3
  }
},{
  "dateTime" : "03/17/21 17:35:02",
  "value" : {
    "bpm" : 80,
    "confidence" : 3
  }
},{
  "dateTime" : "03/17/21 17:35:17",
  "value" : {
    "bpm" : 79,
    "confidence" : 3
  }
},{
  "dateTime" : "03/17/21 17:35:22",
  "value" : {
    "bpm" : 80,
    "confidence" : 2
  }
},{
  "dateTime" : "03/17/21 17:35:37",
  "value" : {
    "bpm" : 83,
    "confidence" : 2
  }
},{
  "dateTime" : "03/17/21 17:35:42",
  "value" : {
    "bpm" : 88,
    "confidence" : 2
  }
},{
  "dateTime" : "03/17/21 17:35:47",
  "value" : {
    "bpm" : 89,
    "confidence" : 2
  }
},{
  "dateTime" : "03/17/21 17:36:02",
  "value" : {
    "bpm" : 89,
    "confidence" : 2
  }
},{
  "dateTime" : "03/17/21 17:36:07",
  "value" : {
    "bpm" : 88,
    "confidence" : 2
  }
},{
  "dateTime" : "03/17/21 17:36:09",
  "value" : {
    "bpm" : 89,
    "confidence" : 2
  }
},{
  "dateTime" : "03/17/21 17:36:10",
  "value" : {
    "bpm" : 90,
    "confidence" : 2
  }
},{
  "dateTime" : "03/17/21 17:36:11",
  "value" : {
    "bpm" : 91,
    "confidence" : 2
  }
},{
  "dateTime" : "03/17/21 17:36:12",
  "value" : {
    "bpm" : 92,
    "confidence" : 2
  }
},{
  "dateTime" : "03/17/21 17:36:13",
  "value" : {
    "bpm" : 93,
    "confidence" : 2
  }
},{
  "dateTime" : "03/17/21 17:36:16",
  "value" : {
    "bpm" : 93,
    "confidence" : 2
  }
},{
  "dateTime" : "03/17/21 17:36:18",
  "value" : {
    "bpm" : 94,
    "confidence" : 2
  }
},{
  "dateTime" : "03/17/21 17:36:20",
  "value" : {
    "bpm" : 95,
    "confidence" : 2
  }
},{
  "dateTime" : "03/17/21 17:36:23",
  "value" : {
    "bpm" : 95,
    "confidence" : 2
  }
},{
  "dateTime" : "03/17/21 17:36:25",
  "value" : {
    "bpm" : 96,
    "confidence" : 2
  }
},{
  "dateTime" : "03/17/21 17:36:26",
  "value" : {
    "bpm" : 97,
    "confidence" : 2
  }
},{
  "dateTime" : "03/17/21 17:36:27",
  "value" : {
    "bpm" : 98,
    "confidence" : 2
  }
},{
  "dateTime" : "03/17/21 17:36:29",
  "value" : {
    "bpm" : 99,
    "confidence" : 2
  }
},{
  "dateTime" : "03/17/21 17:36:30",
  "value" : {
    "bpm" : 100,
    "confidence" : 2
  }
},{
  "dateTime" : "03/17/21 17:36:31",
  "value" : {
    "bpm" : 101,
    "confidence" : 2
  }
},{
  "dateTime" : "03/17/21 17:36:32",
  "value" : {
    "bpm" : 102,
    "confidence" : 2
  }
},{
  "dateTime" : "03/17/21 17:36:35",
  "value" : {
    "bpm" : 102,
    "confidence" : 2
  }
},{
  "dateTime" : "03/17/21 17:36:36",
  "value" : {
    "bpm" : 103,
    "confidence" : 2
  }
},{
  "dateTime" : "03/17/21 17:36:39",
  "value" : {
    "bpm" : 103,
    "confidence" : 2
  }
},{
  "dateTime" : "03/17/21 17:36:40",
  "value" : {
    "bpm" : 104,
    "confidence" : 2
  }
},{
  "dateTime" : "03/17/21 17:36:41",
  "value" : {
    "bpm" : 105,
    "confidence" : 2
  }
},{
  "dateTime" : "03/17/21 17:36:44",
  "value" : {
    "bpm" : 105,
    "confidence" : 2
  }
},{
  "dateTime" : "03/17/21 17:36:46",
  "value" : {
    "bpm" : 106,
    "confidence" : 2
  }
},{
  "dateTime" : "03/17/21 17:36:47",
  "value" : {
    "bpm" : 107,
    "confidence" : 2
  }
},{
  "dateTime" : "03/17/21 17:36:49",
  "value" : {
    "bpm" : 108,
    "confidence" : 2
  }
},{
  "dateTime" : "03/17/21 17:36:52",
  "value" : {
    "bpm" : 107,
    "confidence" : 2
  }
},{
  "dateTime" : "03/17/21 17:36:55",
  "value" : {
    "bpm" : 107,
    "confidence" : 1
  }
},{
  "dateTime" : "03/17/21 17:36:56",
  "value" : {
    "bpm" : 107,
    "confidence" : 1
  }
},{
  "dateTime" : "03/17/21 17:36:58",
  "value" : {
    "bpm" : 108,
    "confidence" : 1
  }
},{
  "dateTime" : "03/17/21 17:37:01",
  "value" : {
    "bpm" : 109,
    "confidence" : 1
  }
},{
  "dateTime" : "03/17/21 17:37:03",
  "value" : {
    "bpm" : 110,
    "confidence" : 1
  }
},{
  "dateTime" : "03/17/21 17:37:05",
  "value" : {
    "bpm" : 111,
    "confidence" : 1
  }
},{
  "dateTime" : "03/17/21 17:37:08",
  "value" : {
    "bpm" : 111,
    "confidence" : 1
  }
},{
  "dateTime" : "03/17/21 17:37:11",
  "value" : {
    "bpm" : 112,
    "confidence" : 1
  }
},{
  "dateTime" : "03/17/21 17:37:13",
  "value" : {
    "bpm" : 113,
    "confidence" : 1
  }
},{
  "dateTime" : "03/17/21 17:37:15",
  "value" : {
    "bpm" : 114,
    "confidence" : 1
  }
},{
  "dateTime" : "03/17/21 17:37:16",
  "value" : {
    "bpm" : 115,
    "confidence" : 1
  }
},{
  "dateTime" : "03/17/21 17:37:19",
  "value" : {
    "bpm" : 115,
    "confidence" : 1
  }
},{
  "dateTime" : "03/17/21 17:37:20",
  "value" : {
    "bpm" : 114,
    "confidence" : 1
  }
},{
  "dateTime" : "03/17/21 17:37:23",
  "value" : {
    "bpm" : 114,
    "confidence" : 1
  }
},{
  "dateTime" : "03/17/21 17:37:25",
  "value" : {
    "bpm" : 113,
    "confidence" : 1
  }
},{
  "dateTime" : "03/17/21 17:37:28",
  "value" : {
    "bpm" : 113,
    "confidence" : 2
  }
},{
  "dateTime" : "03/17/21 17:37:29",
  "value" : {
    "bpm" : 105,
    "confidence" : 3
  }
},{
  "dateTime" : "03/17/21 17:37:30",
  "value" : {
    "bpm" : 105,
    "confidence" : 1
  }
},{
  "dateTime" : "03/17/21 17:37:33",
  "value" : {
    "bpm" : 105,
    "confidence" : 1
  }
},{
  "dateTime" : "03/17/21 17:37:35",
  "value" : {
    "bpm" : 104,
    "confidence" : 1
  }
},{
  "dateTime" : "03/17/21 17:37:37",
  "value" : {
    "bpm" : 103,
    "confidence" : 1
  }
},{
  "dateTime" : "03/17/21 17:37:38",
  "value" : {
    "bpm" : 102,
    "confidence" : 1
  }
},{
  "dateTime" : "03/17/21 17:37:40",
  "value" : {
    "bpm" : 92,
    "confidence" : 3
  }
},{
  "dateTime" : "03/17/21 17:37:41",
  "value" : {
    "bpm" : 89,
    "confidence" : 3
  }
},{
  "dateTime" : "03/17/21 17:37:42",
  "value" : {
    "bpm" : 87,
    "confidence" : 3
  }
},{
  "dateTime" : "03/17/21 17:37:43",
  "value" : {
    "bpm" : 85,
    "confidence" : 3
  }
},{
  "dateTime" : "03/17/21 17:37:44",
  "value" : {
    "bpm" : 84,
    "confidence" : 3
  }
},{
  "dateTime" : "03/17/21 17:37:45",
  "value" : {
    "bpm" : 83,
    "confidence" : 3
  }
},{
  "dateTime" : "03/17/21 17:37:46",
  "value" : {
    "bpm" : 82,
    "confidence" : 3
  }
},{
  "dateTime" : "03/17/21 17:37:47",
  "value" : {
    "bpm" : 81,
    "confidence" : 3
  }
},{
  "dateTime" : "03/17/21 17:37:48",
  "value" : {
    "bpm" : 80,
    "confidence" : 3
  }
},{
  "dateTime" : "03/17/21 17:37:50",
  "value" : {
    "bpm" : 79,
    "confidence" : 3
  }
},{
  "dateTime" : "03/17/21 17:37:52",
  "value" : {
    "bpm" : 80,
    "confidence" : 3
  }
},{
  "dateTime" : "03/17/21 17:37:54",
  "value" : {
    "bpm" : 80,
    "confidence" : 2
  }
},{
  "dateTime" : "03/17/21 17:37:56",
  "value" : {
    "bpm" : 81,
    "confidence" : 2
  }
},{
  "dateTime" : "03/17/21 17:37:59",
  "value" : {
    "bpm" : 82,
    "confidence" : 2
  }
},{
  "dateTime" : "03/17/21 17:38:02",
  "value" : {
    "bpm" : 83,
    "confidence" : 2
  }
},{
  "dateTime" : "03/17/21 17:38:05",
  "value" : {
    "bpm" : 83,
    "confidence" : 2
  }
},{
  "dateTime" : "03/17/21 17:38:06",
  "value" : {
    "bpm" : 84,
    "confidence" : 2
  }
},{
  "dateTime" : "03/17/21 17:38:09",
  "value" : {
    "bpm" : 85,
    "confidence" : 2
  }
},{
  "dateTime" : "03/17/21 17:38:11",
  "value" : {
    "bpm" : 86,
    "confidence" : 2
  }
},{
  "dateTime" : "03/17/21 17:38:13",
  "value" : {
    "bpm" : 87,
    "confidence" : 2
  }
},{
  "dateTime" : "03/17/21 17:38:16",
  "value" : {
    "bpm" : 87,
    "confidence" : 2
  }
},{
  "dateTime" : "03/17/21 17:38:19",
  "value" : {
    "bpm" : 87,
    "confidence" : 2
  }
},{
  "dateTime" : "03/17/21 17:38:21",
  "value" : {
    "bpm" : 88,
    "confidence" : 2
  }
},{
  "dateTime" : "03/17/21 17:38:23",
  "value" : {
    "bpm" : 89,
    "confidence" : 2
  }
},{
  "dateTime" : "03/17/21 17:38:24",
  "value" : {
    "bpm" : 90,
    "confidence" : 2
  }
},{
  "dateTime" : "03/17/21 17:38:27",
  "value" : {
    "bpm" : 91,
    "confidence" : 2
  }
},{
  "dateTime" : "03/17/21 17:38:28",
  "value" : {
    "bpm" : 92,
    "confidence" : 2
  }
},{
  "dateTime" : "03/17/21 17:38:29",
  "value" : {
    "bpm" : 93,
    "confidence" : 2
  }
},{
  "dateTime" : "03/17/21 17:38:30",
  "value" : {
    "bpm" : 94,
    "confidence" : 2
  }
},{
  "dateTime" : "03/17/21 17:38:32",
  "value" : {
    "bpm" : 95,
    "confidence" : 2
  }
},{
  "dateTime" : "03/17/21 17:38:34",
  "value" : {
    "bpm" : 96,
    "confidence" : 2
  }
},{
  "dateTime" : "03/17/21 17:38:36",
  "value" : {
    "bpm" : 97,
    "confidence" : 2
  }
},{
  "dateTime" : "03/17/21 17:38:37",
  "value" : {
    "bpm" : 98,
    "confidence" : 2
  }
},{
  "dateTime" : "03/17/21 17:38:40",
  "value" : {
    "bpm" : 99,
    "confidence" : 2
  }
},{
  "dateTime" : "03/17/21 17:38:43",
  "value" : {
    "bpm" : 99,
    "confidence" : 2
  }
},{
  "dateTime" : "03/17/21 17:38:46",
  "value" : {
    "bpm" : 100,
    "confidence" : 2
  }
},{
  "dateTime" : "03/17/21 17:38:49",
  "value" : {
    "bpm" : 100,
    "confidence" : 2
  }
},{
  "dateTime" : "03/17/21 17:38:51",
  "value" : {
    "bpm" : 99,
    "confidence" : 2
  }
},{
  "dateTime" : "03/17/21 17:38:52",
  "value" : {
    "bpm" : 98,
    "confidence" : 2
  }
},{
  "dateTime" : "03/17/21 17:38:53",
  "value" : {
    "bpm" : 91,
    "confidence" : 3
  }
},{
  "dateTime" : "03/17/21 17:38:54",
  "value" : {
    "bpm" : 88,
    "confidence" : 3
  }
},{
  "dateTime" : "03/17/21 17:38:55",
  "value" : {
    "bpm" : 86,
    "confidence" : 3
  }
},{
  "dateTime" : "03/17/21 17:38:56",
  "value" : {
    "bpm" : 85,
    "confidence" : 3
  }
},{
  "dateTime" : "03/17/21 17:38:57",
  "value" : {
    "bpm" : 84,
    "confidence" : 3
  }
},{
  "dateTime" : "03/17/21 17:38:58",
  "value" : {
    "bpm" : 83,
    "confidence" : 3
  }
},{
  "dateTime" : "03/17/21 17:39:00",
  "value" : {
    "bpm" : 82,
    "confidence" : 2
  }
},{
  "dateTime" : "03/17/21 17:39:03",
  "value" : {
    "bpm" : 82,
    "confidence" : 2
  }
},{
  "dateTime" : "03/17/21 17:39:06",
  "value" : {
    "bpm" : 82,
    "confidence" : 3
  }
},{
  "dateTime" : "03/17/21 17:39:07",
  "value" : {
    "bpm" : 81,
    "confidence" : 3
  }
},{
  "dateTime" : "03/17/21 17:39:10",
  "value" : {
    "bpm" : 81,
    "confidence" : 3
  }
},{
  "dateTime" : "03/17/21 17:39:13",
  "value" : {
    "bpm" : 81,
    "confidence" : 3
  }
},{
  "dateTime" : "03/17/21 17:39:14",
  "value" : {
    "bpm" : 81,
    "confidence" : 2
  }
},{
  "dateTime" : "03/17/21 17:39:16",
  "value" : {
    "bpm" : 82,
    "confidence" : 2
  }
},{
  "dateTime" : "03/17/21 17:39:19",
  "value" : {
    "bpm" : 82,
    "confidence" : 2
  }
},{
  "dateTime" : "03/17/21 17:39:22",
  "value" : {
    "bpm" : 83,
    "confidence" : 2
  }
},{
  "dateTime" : "03/17/21 17:39:25",
  "value" : {
    "bpm" : 83,
    "confidence" : 2
  }
},{
  "dateTime" : "03/17/21 17:39:27",
  "value" : {
    "bpm" : 84,
    "confidence" : 2
  }
},{
  "dateTime" : "03/17/21 17:39:30",
  "value" : {
    "bpm" : 84,
    "confidence" : 2
  }
},{
  "dateTime" : "03/17/21 17:39:32",
  "value" : {
    "bpm" : 85,
    "confidence" : 2
  }
},{
  "dateTime" : "03/17/21 17:39:33",
  "value" : {
    "bpm" : 86,
    "confidence" : 2
  }
},{
  "dateTime" : "03/17/21 17:39:34",
  "value" : {
    "bpm" : 87,
    "confidence" : 2
  }
},{
  "dateTime" : "03/17/21 17:39:35",
  "value" : {
    "bpm" : 88,
    "confidence" : 2
  }
},{
  "dateTime" : "03/17/21 17:39:37",
  "value" : {
    "bpm" : 89,
    "confidence" : 2
  }
},{
  "dateTime" : "03/17/21 17:39:39",
  "value" : {
    "bpm" : 90,
    "confidence" : 2
  }
},{
  "dateTime" : "03/17/21 17:39:40",
  "value" : {
    "bpm" : 91,
    "confidence" : 2
  }
},{
  "dateTime" : "03/17/21 17:39:41",
  "value" : {
    "bpm" : 92,
    "confidence" : 2
  }
},{
  "dateTime" : "03/17/21 17:39:43",
  "value" : {
    "bpm" : 93,
    "confidence" : 2
  }
},{
  "dateTime" : "03/17/21 17:39:46",
  "value" : {
    "bpm" : 94,
    "confidence" : 2
  }
},{
  "dateTime" : "03/17/21 17:39:49",
  "value" : {
    "bpm" : 93,
    "confidence" : 2
  }
},{
  "dateTime" : "03/17/21 17:39:51",
  "value" : {
    "bpm" : 95,
    "confidence" : 2
  }
},{
  "dateTime" : "03/17/21 17:39:52",
  "value" : {
    "bpm" : 96,
    "confidence" : 2
  }
},{
  "dateTime" : "03/17/21 17:39:53",
  "value" : {
    "bpm" : 97,
    "confidence" : 2
  }
},{
  "dateTime" : "03/17/21 17:39:54",
  "value" : {
    "bpm" : 98,
    "confidence" : 2
  }
},{
  "dateTime" : "03/17/21 17:39:55",
  "value" : {
    "bpm" : 99,
    "confidence" : 2
  }
},{
  "dateTime" : "03/17/21 17:39:56",
  "value" : {
    "bpm" : 100,
    "confidence" : 2
  }
},{
  "dateTime" : "03/17/21 17:39:57",
  "value" : {
    "bpm" : 101,
    "confidence" : 2
  }
},{
  "dateTime" : "03/17/21 17:39:58",
  "value" : {
    "bpm" : 100,
    "confidence" : 2
  }
},{
  "dateTime" : "03/17/21 17:40:01",
  "value" : {
    "bpm" : 100,
    "confidence" : 2
  }
},{
  "dateTime" : "03/17/21 17:40:03",
  "value" : {
    "bpm" : 101,
    "confidence" : 2
  }
},{
  "dateTime" : "03/17/21 17:40:04",
  "value" : {
    "bpm" : 102,
    "confidence" : 2
  }
},{
  "dateTime" : "03/17/21 17:40:07",
  "value" : {
    "bpm" : 104,
    "confidence" : 2
  }
},{
  "dateTime" : "03/17/21 17:40:10",
  "value" : {
    "bpm" : 104,
    "confidence" : 2
  }
},{
  "dateTime" : "03/17/21 17:40:11",
  "value" : {
    "bpm" : 97,
    "confidence" : 3
  }
},{
  "dateTime" : "03/17/21 17:40:12",
  "value" : {
    "bpm" : 95,
    "confidence" : 3
  }
},{
  "dateTime" : "03/17/21 17:40:13",
  "value" : {
    "bpm" : 93,
    "confidence" : 3
  }
},{
  "dateTime" : "03/17/21 17:40:14",
  "value" : {
    "bpm" : 93,
    "confidence" : 2
  }
},{
  "dateTime" : "03/17/21 17:40:15",
  "value" : {
    "bpm" : 90,
    "confidence" : 3
  }
},{
  "dateTime" : "03/17/21 17:40:16",
  "value" : {
    "bpm" : 87,
    "confidence" : 3
  }
},{
  "dateTime" : "03/17/21 17:40:17",
  "value" : {
    "bpm" : 87,
    "confidence" : 2
  }
},{
  "dateTime" : "03/17/21 17:40:18",
  "value" : {
    "bpm" : 85,
    "confidence" : 3
  }
},{
  "dateTime" : "03/17/21 17:40:19",
  "value" : {
    "bpm" : 85,
    "confidence" : 2
  }
},{
  "dateTime" : "03/17/21 17:40:22",
  "value" : {
    "bpm" : 85,
    "confidence" : 2
  }
},{
  "dateTime" : "03/17/21 17:40:25",
  "value" : {
    "bpm" : 85,
    "confidence" : 2
  }
},{
  "dateTime" : "03/17/21 17:40:26",
  "value" : {
    "bpm" : 86,
    "confidence" : 2
  }
},{
  "dateTime" : "03/17/21 17:40:28",
  "value" : {
    "bpm" : 87,
    "confidence" : 2
  }
},{
  "dateTime" : "03/17/21 17:40:31",
  "value" : {
    "bpm" : 87,
    "confidence" : 2
  }
},{
  "dateTime" : "03/17/21 17:40:34",
  "value" : {
    "bpm" : 88,
    "confidence" : 2
  }
},{
  "dateTime" : "03/17/21 17:40:35",
  "value" : {
    "bpm" : 89,
    "confidence" : 2
  }
},{
  "dateTime" : "03/17/21 17:40:36",
  "value" : {
    "bpm" : 90,
    "confidence" : 2
  }
},{
  "dateTime" : "03/17/21 17:40:38",
  "value" : {
    "bpm" : 91,
    "confidence" : 2
  }
},{
  "dateTime" : "03/17/21 17:40:41",
  "value" : {
    "bpm" : 92,
    "confidence" : 2
  }
},{
  "dateTime" : "03/17/21 17:40:42",
  "value" : {
    "bpm" : 94,
    "confidence" : 2
  }
},{
  "dateTime" : "03/17/21 17:40:43",
  "value" : {
    "bpm" : 95,
    "confidence" : 2
  }
},{
  "dateTime" : "03/17/21 17:40:44",
  "value" : {
    "bpm" : 96,
    "confidence" : 2
  }
},{
  "dateTime" : "03/17/21 17:40:46",
  "value" : {
    "bpm" : 97,
    "confidence" : 2
  }
},{
  "dateTime" : "03/17/21 17:40:48",
  "value" : {
    "bpm" : 98,
    "confidence" : 2
  }
},{
  "dateTime" : "03/17/21 17:40:49",
  "value" : {
    "bpm" : 100,
    "confidence" : 2
  }
},{
  "dateTime" : "03/17/21 17:40:50",
  "value" : {
    "bpm" : 101,
    "confidence" : 2
  }
},{
  "dateTime" : "03/17/21 17:40:51",
  "value" : {
    "bpm" : 102,
    "confidence" : 2
  }
},{
  "dateTime" : "03/17/21 17:40:54",
  "value" : {
    "bpm" : 102,
    "confidence" : 2
  }
},{
  "dateTime" : "03/17/21 17:40:57",
  "value" : {
    "bpm" : 102,
    "confidence" : 2
  }
},{
  "dateTime" : "03/17/21 17:41:00",
  "value" : {
    "bpm" : 102,
    "confidence" : 2
  }
},{
  "dateTime" : "03/17/21 17:41:03",
  "value" : {
    "bpm" : 102,
    "confidence" : 2
  }
},{
  "dateTime" : "03/17/21 17:41:04",
  "value" : {
    "bpm" : 102,
    "confidence" : 2
  }
},{
  "dateTime" : "03/17/21 17:41:05",
  "value" : {
    "bpm" : 104,
    "confidence" : 2
  }
},{
  "dateTime" : "03/17/21 17:41:07",
  "value" : {
    "bpm" : 103,
    "confidence" : 2
  }
},{
  "dateTime" : "03/17/21 17:41:08",
  "value" : {
    "bpm" : 104,
    "confidence" : 2
  }
},{
  "dateTime" : "03/17/21 17:41:09",
  "value" : {
    "bpm" : 106,
    "confidence" : 2
  }
},{
  "dateTime" : "03/17/21 17:41:12",
  "value" : {
    "bpm" : 105,
    "confidence" : 2
  }
},{
  "dateTime" : "03/17/21 17:41:13",
  "value" : {
    "bpm" : 106,
    "confidence" : 2
  }
},{
  "dateTime" : "03/17/21 17:41:14",
  "value" : {
    "bpm" : 107,
    "confidence" : 2
  }
},{
  "dateTime" : "03/17/21 17:41:15",
  "value" : {
    "bpm" : 108,
    "confidence" : 2
  }
},{
  "dateTime" : "03/17/21 17:41:16",
  "value" : {
    "bpm" : 109,
    "confidence" : 2
  }
},{
  "dateTime" : "03/17/21 17:41:19",
  "value" : {
    "bpm" : 109,
    "confidence" : 2
  }
},{
  "dateTime" : "03/17/21 17:41:20",
  "value" : {
    "bpm" : 111,
    "confidence" : 2
  }
},{
  "dateTime" : "03/17/21 17:41:21",
  "value" : {
    "bpm" : 112,
    "confidence" : 2
  }
},{
  "dateTime" : "03/17/21 17:41:22",
  "value" : {
    "bpm" : 112,
    "confidence" : 1
  }
},{
  "dateTime" : "03/17/21 17:41:25",
  "value" : {
    "bpm" : 111,
    "confidence" : 1
  }
},{
  "dateTime" : "03/17/21 17:41:26",
  "value" : {
    "bpm" : 109,
    "confidence" : 1
  }
},{
  "dateTime" : "03/17/21 17:41:27",
  "value" : {
    "bpm" : 108,
    "confidence" : 1
  }
},{
  "dateTime" : "03/17/21 17:41:28",
  "value" : {
    "bpm" : 106,
    "confidence" : 1
  }
},{
  "dateTime" : "03/17/21 17:41:29",
  "value" : {
    "bpm" : 107,
    "confidence" : 1
  }
},{
  "dateTime" : "03/17/21 17:41:31",
  "value" : {
    "bpm" : 108,
    "confidence" : 1
  }
},{
  "dateTime" : "03/17/21 17:41:32",
  "value" : {
    "bpm" : 109,
    "confidence" : 1
  }
},{
  "dateTime" : "03/17/21 17:41:33",
  "value" : {
    "bpm" : 110,
    "confidence" : 1
  }
},{
  "dateTime" : "03/17/21 17:41:34",
  "value" : {
    "bpm" : 112,
    "confidence" : 1
  }
},{
  "dateTime" : "03/17/21 17:41:35",
  "value" : {
    "bpm" : 111,
    "confidence" : 1
  }
},{
  "dateTime" : "03/17/21 17:41:36",
  "value" : {
    "bpm" : 112,
    "confidence" : 1
  }
},{
  "dateTime" : "03/17/21 17:41:37",
  "value" : {
    "bpm" : 113,
    "confidence" : 1
  }
},{
  "dateTime" : "03/17/21 17:41:38",
  "value" : {
    "bpm" : 114,
    "confidence" : 1
  }
},{
  "dateTime" : "03/17/21 17:41:39",
  "value" : {
    "bpm" : 116,
    "confidence" : 1
  }
},{
  "dateTime" : "03/17/21 17:41:40",
  "value" : {
    "bpm" : 117,
    "confidence" : 1
  }
},{
  "dateTime" : "03/17/21 17:41:42",
  "value" : {
    "bpm" : 142,
    "confidence" : 3
  }
},{
  "dateTime" : "03/17/21 17:41:43",
  "value" : {
    "bpm" : 142,
    "confidence" : 2
  }
},{
  "dateTime" : "03/17/21 17:41:46",
  "value" : {
    "bpm" : 142,
    "confidence" : 2
  }
},{
  "dateTime" : "03/17/21 17:41:49",
  "value" : {
    "bpm" : 142,
    "confidence" : 2
  }
},{
  "dateTime" : "03/17/21 17:41:52",
  "value" : {
    "bpm" : 142,
    "confidence" : 2
  }
},{
  "dateTime" : "03/17/21 17:41:53",
  "value" : {
    "bpm" : 141,
    "confidence" : 2
  }
},{
  "dateTime" : "03/17/21 17:41:56",
  "value" : {
    "bpm" : 142,
    "confidence" : 2
  }
},{
  "dateTime" : "03/17/21 17:41:57",
  "value" : {
    "bpm" : 143,
    "confidence" : 2
  }
},{
  "dateTime" : "03/17/21 17:41:58",
  "value" : {
    "bpm" : 144,
    "confidence" : 2
  }
},{
  "dateTime" : "03/17/21 17:42:01",
  "value" : {
    "bpm" : 144,
    "confidence" : 2
  }
},{
  "dateTime" : "03/17/21 17:42:04",
  "value" : {
    "bpm" : 144,
    "confidence" : 2
  }
},{
  "dateTime" : "03/17/21 17:42:05",
  "value" : {
    "bpm" : 143,
    "confidence" : 2
  }
},{
  "dateTime" : "03/17/21 17:42:08",
  "value" : {
    "bpm" : 143,
    "confidence" : 2
  }
},{
  "dateTime" : "03/17/21 17:42:11",
  "value" : {
    "bpm" : 143,
    "confidence" : 2
  }
},{
  "dateTime" : "03/17/21 17:42:12",
  "value" : {
    "bpm" : 143,
    "confidence" : 1
  }
},{
  "dateTime" : "03/17/21 17:42:15",
  "value" : {
    "bpm" : 143,
    "confidence" : 1
  }
},{
  "dateTime" : "03/17/21 17:42:18",
  "value" : {
    "bpm" : 145,
    "confidence" : 1
  }
},{
  "dateTime" : "03/17/21 17:42:19",
  "value" : {
    "bpm" : 146,
    "confidence" : 1
  }
},{
  "dateTime" : "03/17/21 17:42:20",
  "value" : {
    "bpm" : 147,
    "confidence" : 1
  }
},{
  "dateTime" : "03/17/21 17:42:23",
  "value" : {
    "bpm" : 147,
    "confidence" : 1
  }
},{
  "dateTime" : "03/17/21 17:42:26",
  "value" : {
    "bpm" : 147,
    "confidence" : 1
  }
},{
  "dateTime" : "03/17/21 17:42:29",
  "value" : {
    "bpm" : 148,
    "confidence" : 1
  }
},{
  "dateTime" : "03/17/21 17:42:30",
  "value" : {
    "bpm" : 148,
    "confidence" : 1
  }
},{
  "dateTime" : "03/17/21 17:42:33",
  "value" : {
    "bpm" : 148,
    "confidence" : 1
  }
},{
  "dateTime" : "03/17/21 17:42:34",
  "value" : {
    "bpm" : 147,
    "confidence" : 1
  }
},{
  "dateTime" : "03/17/21 17:42:37",
  "value" : {
    "bpm" : 147,
    "confidence" : 1
  }
},{
  "dateTime" : "03/17/21 17:42:40",
  "value" : {
    "bpm" : 147,
    "confidence" : 1
  }
},{
  "dateTime" : "03/17/21 17:42:43",
  "value" : {
    "bpm" : 147,
    "confidence" : 1
  }
},{
  "dateTime" : "03/17/21 17:42:46",
  "value" : {
    "bpm" : 147,
    "confidence" : 1
  }
},{
  "dateTime" : "03/17/21 17:42:49",
  "value" : {
    "bpm" : 146,
    "confidence" : 1
  }
},{
  "dateTime" : "03/17/21 17:42:52",
  "value" : {
    "bpm" : 146,
    "confidence" : 1
  }
},{
  "dateTime" : "03/17/21 17:42:55",
  "value" : {
    "bpm" : 146,
    "confidence" : 1
  }
},{
  "dateTime" : "03/17/21 17:42:58",
  "value" : {
    "bpm" : 146,
    "confidence" : 1
  }
},{
  "dateTime" : "03/17/21 17:42:59",
  "value" : {
    "bpm" : 145,
    "confidence" : 1
  }
},{
  "dateTime" : "03/17/21 17:43:02",
  "value" : {
    "bpm" : 145,
    "confidence" : 1
  }
},{
  "dateTime" : "03/17/21 17:43:03",
  "value" : {
    "bpm" : 144,
    "confidence" : 1
  }
},{
  "dateTime" : "03/17/21 17:43:04",
  "value" : {
    "bpm" : 143,
    "confidence" : 1
  }
},{
  "dateTime" : "03/17/21 17:43:06",
  "value" : {
    "bpm" : 142,
    "confidence" : 1
  }
},{
  "dateTime" : "03/17/21 17:43:09",
  "value" : {
    "bpm" : 143,
    "confidence" : 1
  }
},{
  "dateTime" : "03/17/21 17:43:11",
  "value" : {
    "bpm" : 144,
    "confidence" : 1
  }
},{
  "dateTime" : "03/17/21 17:43:12",
  "value" : {
    "bpm" : 146,
    "confidence" : 1
  }
},{
  "dateTime" : "03/17/21 17:43:14",
  "value" : {
    "bpm" : 147,
    "confidence" : 1
  }
},{
  "dateTime" : "03/17/21 17:43:15",
  "value" : {
    "bpm" : 148,
    "confidence" : 1
  }
},{
  "dateTime" : "03/17/21 17:43:17",
  "value" : {
    "bpm" : 149,
    "confidence" : 1
  }
},{
  "dateTime" : "03/17/21 17:43:18",
  "value" : {
    "bpm" : 150,
    "confidence" : 1
  }
},{
  "dateTime" : "03/17/21 17:43:21",
  "value" : {
    "bpm" : 150,
    "confidence" : 1
  }
},{
  "dateTime" : "03/17/21 17:43:24",
  "value" : {
    "bpm" : 150,
    "confidence" : 1
  }
},{
  "dateTime" : "03/17/21 17:43:27",
  "value" : {
    "bpm" : 149,
    "confidence" : 1
  }
},{
  "dateTime" : "03/17/21 17:43:30",
  "value" : {
    "bpm" : 150,
    "confidence" : 1
  }
},{
  "dateTime" : "03/17/21 17:43:31",
  "value" : {
    "bpm" : 150,
    "confidence" : 1
  }
},{
  "dateTime" : "03/17/21 17:43:34",
  "value" : {
    "bpm" : 150,
    "confidence" : 1
  }
},{
  "dateTime" : "03/17/21 17:43:35",
  "value" : {
    "bpm" : 150,
    "confidence" : 0
  }
},{
  "dateTime" : "03/17/21 17:43:36",
  "value" : {
    "bpm" : 150,
    "confidence" : 1
  }
},{
  "dateTime" : "03/17/21 17:43:39",
  "value" : {
    "bpm" : 152,
    "confidence" : 1
  }
},{
  "dateTime" : "03/17/21 17:43:40",
  "value" : {
    "bpm" : 153,
    "confidence" : 1
  }
},{
  "dateTime" : "03/17/21 17:43:41",
  "value" : {
    "bpm" : 154,
    "confidence" : 1
  }
},{
  "dateTime" : "03/17/21 17:43:42",
  "value" : {
    "bpm" : 155,
    "confidence" : 1
  }
},{
  "dateTime" : "03/17/21 17:43:43",
  "value" : {
    "bpm" : 156,
    "confidence" : 1
  }
},{
  "dateTime" : "03/17/21 17:43:44",
  "value" : {
    "bpm" : 157,
    "confidence" : 1
  }
},{
  "dateTime" : "03/17/21 17:43:46",
  "value" : {
    "bpm" : 156,
    "confidence" : 1
  }
},{
  "dateTime" : "03/17/21 17:43:49",
  "value" : {
    "bpm" : 156,
    "confidence" : 1
  }
},{
  "dateTime" : "03/17/21 17:43:52",
  "value" : {
    "bpm" : 156,
    "confidence" : 1
  }
},{
  "dateTime" : "03/17/21 17:43:53",
  "value" : {
    "bpm" : 155,
    "confidence" : 1
  }
},{
  "dateTime" : "03/17/21 17:43:56",
  "value" : {
    "bpm" : 155,
    "confidence" : 1
  }
},{
  "dateTime" : "03/17/21 17:43:59",
  "value" : {
    "bpm" : 155,
    "confidence" : 1
  }
},{
  "dateTime" : "03/17/21 17:44:00",
  "value" : {
    "bpm" : 154,
    "confidence" : 1
  }
},{
  "dateTime" : "03/17/21 17:44:02",
  "value" : {
    "bpm" : 153,
    "confidence" : 1
  }
},{
  "dateTime" : "03/17/21 17:44:03",
  "value" : {
    "bpm" : 152,
    "confidence" : 1
  }
},{
  "dateTime" : "03/17/21 17:44:05",
  "value" : {
    "bpm" : 151,
    "confidence" : 1
  }
},{
  "dateTime" : "03/17/21 17:44:07",
  "value" : {
    "bpm" : 150,
    "confidence" : 1
  }
},{
  "dateTime" : "03/17/21 17:44:08",
  "value" : {
    "bpm" : 149,
    "confidence" : 1
  }
},{
  "dateTime" : "03/17/21 17:44:09",
  "value" : {
    "bpm" : 148,
    "confidence" : 1
  }
},{
  "dateTime" : "03/17/21 17:44:10",
  "value" : {
    "bpm" : 147,
    "confidence" : 1
  }
},{
  "dateTime" : "03/17/21 17:44:12",
  "value" : {
    "bpm" : 146,
    "confidence" : 1
  }
},{
  "dateTime" : "03/17/21 17:44:14",
  "value" : {
    "bpm" : 145,
    "confidence" : 0
  }
},{
  "dateTime" : "03/17/21 17:44:16",
  "value" : {
    "bpm" : 144,
    "confidence" : 0
  }
},{
  "dateTime" : "03/17/21 17:44:17",
  "value" : {
    "bpm" : 143,
    "confidence" : 1
  }
},{
  "dateTime" : "03/17/21 17:44:18",
  "value" : {
    "bpm" : 142,
    "confidence" : 1
  }
},{
  "dateTime" : "03/17/21 17:44:20",
  "value" : {
    "bpm" : 139,
    "confidence" : 1
  }
},{
  "dateTime" : "03/17/21 17:44:23",
  "value" : {
    "bpm" : 138,
    "confidence" : 1
  }
},{
  "dateTime" : "03/17/21 17:44:24",
  "value" : {
    "bpm" : 137,
    "confidence" : 1
  }
},{
  "dateTime" : "03/17/21 17:44:26",
  "value" : {
    "bpm" : 136,
    "confidence" : 1
  }
},{
  "dateTime" : "03/17/21 17:44:27",
  "value" : {
    "bpm" : 135,
    "confidence" : 1
  }
},{
  "dateTime" : "03/17/21 17:44:28",
  "value" : {
    "bpm" : 133,
    "confidence" : 1
  }
},{
  "dateTime" : "03/17/21 17:44:29",
  "value" : {
    "bpm" : 132,
    "confidence" : 1
  }
},{
  "dateTime" : "03/17/21 17:44:30",
  "value" : {
    "bpm" : 131,
    "confidence" : 1
  }
},{
  "dateTime" : "03/17/21 17:44:31",
  "value" : {
    "bpm" : 130,
    "confidence" : 1
  }
},{
  "dateTime" : "03/17/21 17:44:32",
  "value" : {
    "bpm" : 129,
    "confidence" : 1
  }
},{
  "dateTime" : "03/17/21 17:44:33",
  "value" : {
    "bpm" : 128,
    "confidence" : 1
  }
},{
  "dateTime" : "03/17/21 17:44:34",
  "value" : {
    "bpm" : 126,
    "confidence" : 1
  }
},{
  "dateTime" : "03/17/21 17:44:35",
  "value" : {
    "bpm" : 125,
    "confidence" : 1
  }
},{
  "dateTime" : "03/17/21 17:44:36",
  "value" : {
    "bpm" : 124,
    "confidence" : 1
  }
},{
  "dateTime" : "03/17/21 17:44:37",
  "value" : {
    "bpm" : 122,
    "confidence" : 1
  }
},{
  "dateTime" : "03/17/21 17:44:38",
  "value" : {
    "bpm" : 121,
    "confidence" : 0
  }
},{
  "dateTime" : "03/17/21 17:44:39",
  "value" : {
    "bpm" : 115,
    "confidence" : 0
  }
},{
  "dateTime" : "03/17/21 17:44:40",
  "value" : {
    "bpm" : 114,
    "confidence" : 0
  }
},{
  "dateTime" : "03/17/21 17:44:43",
  "value" : {
    "bpm" : 114,
    "confidence" : 0
  }
},{
  "dateTime" : "03/17/21 17:44:44",
  "value" : {
    "bpm" : 114,
    "confidence" : 1
  }
},{
  "dateTime" : "03/17/21 17:44:45",
  "value" : {
    "bpm" : 116,
    "confidence" : 1
  }
},{
  "dateTime" : "03/17/21 17:44:48",
  "value" : {
    "bpm" : 116,
    "confidence" : 1
  }
},{
  "dateTime" : "03/17/21 17:44:51",
  "value" : {
    "bpm" : 116,
    "confidence" : 1
  }
},{
  "dateTime" : "03/17/21 17:44:52",
  "value" : {
    "bpm" : 115,
    "confidence" : 1
  }
},{
  "dateTime" : "03/17/21 17:44:55",
  "value" : {
    "bpm" : 117,
    "confidence" : 1
  }
},{
  "dateTime" : "03/17/21 17:44:56",
  "value" : {
    "bpm" : 118,
    "confidence" : 1
  }
},{
  "dateTime" : "03/17/21 17:44:57",
  "value" : {
    "bpm" : 119,
    "confidence" : 1
  }
},{
  "dateTime" : "03/17/21 17:44:58",
  "value" : {
    "bpm" : 120,
    "confidence" : 1
  }
},{
  "dateTime" : "03/17/21 17:44:59",
  "value" : {
    "bpm" : 121,
    "confidence" : 1
  }
},{
  "dateTime" : "03/17/21 17:45:02",
  "value" : {
    "bpm" : 123,
    "confidence" : 1
  }
},{
  "dateTime" : "03/17/21 17:45:03",
  "value" : {
    "bpm" : 124,
    "confidence" : 1
  }
},{
  "dateTime" : "03/17/21 17:45:06",
  "value" : {
    "bpm" : 124,
    "confidence" : 1
  }
},{
  "dateTime" : "03/17/21 17:45:07",
  "value" : {
    "bpm" : 125,
    "confidence" : 1
  }
},{
  "dateTime" : "03/17/21 17:45:10",
  "value" : {
    "bpm" : 125,
    "confidence" : 1
  }
},{
  "dateTime" : "03/17/21 17:45:13",
  "value" : {
    "bpm" : 125,
    "confidence" : 1
  }
},{
  "dateTime" : "03/17/21 17:45:16",
  "value" : {
    "bpm" : 125,
    "confidence" : 1
  }
},{
  "dateTime" : "03/17/21 17:45:17",
  "value" : {
    "bpm" : 114,
    "confidence" : 3
  }
},{
  "dateTime" : "03/17/21 17:45:18",
  "value" : {
    "bpm" : 114,
    "confidence" : 1
  }
},{
  "dateTime" : "03/17/21 17:45:21",
  "value" : {
    "bpm" : 107,
    "confidence" : 3
  }
},{
  "dateTime" : "03/17/21 17:45:22",
  "value" : {
    "bpm" : 107,
    "confidence" : 2
  }
},{
  "dateTime" : "03/17/21 17:45:23",
  "value" : {
    "bpm" : 106,
    "confidence" : 2
  }
},{
  "dateTime" : "03/17/21 17:45:25",
  "value" : {
    "bpm" : 105,
    "confidence" : 2
  }
},{
  "dateTime" : "03/17/21 17:45:27",
  "value" : {
    "bpm" : 104,
    "confidence" : 2
  }
},{
  "dateTime" : "03/17/21 17:45:30",
  "value" : {
    "bpm" : 104,
    "confidence" : 2
  }
},{
  "dateTime" : "03/17/21 17:45:31",
  "value" : {
    "bpm" : 105,
    "confidence" : 2
  }
},{
  "dateTime" : "03/17/21 17:45:34",
  "value" : {
    "bpm" : 106,
    "confidence" : 2
  }
},{
  "dateTime" : "03/17/21 17:45:35",
  "value" : {
    "bpm" : 107,
    "confidence" : 2
  }
},{
  "dateTime" : "03/17/21 17:45:38",
  "value" : {
    "bpm" : 107,
    "confidence" : 2
  }
},{
  "dateTime" : "03/17/21 17:45:40",
  "value" : {
    "bpm" : 109,
    "confidence" : 2
  }
},{
  "dateTime" : "03/17/21 17:45:41",
  "value" : {
    "bpm" : 111,
    "confidence" : 2
  }
},{
  "dateTime" : "03/17/21 17:45:42",
  "value" : {
    "bpm" : 112,
    "confidence" : 2
  }
},{
  "dateTime" : "03/17/21 17:45:43",
  "value" : {
    "bpm" : 112,
    "confidence" : 2
  }
},{
  "dateTime" : "03/17/21 17:45:46",
  "value" : {
    "bpm" : 112,
    "confidence" : 2
  }
},{
  "dateTime" : "03/17/21 17:45:49",
  "value" : {
    "bpm" : 111,
    "confidence" : 2
  }
},{
  "dateTime" : "03/17/21 17:45:50",
  "value" : {
    "bpm" : 110,
    "confidence" : 2
  }
},{
  "dateTime" : "03/17/21 17:45:52",
  "value" : {
    "bpm" : 112,
    "confidence" : 2
  }
},{
  "dateTime" : "03/17/21 17:45:53",
  "value" : {
    "bpm" : 113,
    "confidence" : 2
  }
},{
  "dateTime" : "03/17/21 17:45:54",
  "value" : {
    "bpm" : 114,
    "confidence" : 2
  }
},{
  "dateTime" : "03/17/21 17:45:55",
  "value" : {
    "bpm" : 115,
    "confidence" : 2
  }
},{
  "dateTime" : "03/17/21 17:45:56",
  "value" : {
    "bpm" : 116,
    "confidence" : 2
  }
},{
  "dateTime" : "03/17/21 17:45:59",
  "value" : {
    "bpm" : 116,
    "confidence" : 2
  }
},{
  "dateTime" : "03/17/21 17:46:00",
  "value" : {
    "bpm" : 115,
    "confidence" : 2
  }
},{
  "dateTime" : "03/17/21 17:46:02",
  "value" : {
    "bpm" : 116,
    "confidence" : 2
  }
},{
  "dateTime" : "03/17/21 17:46:04",
  "value" : {
    "bpm" : 117,
    "confidence" : 2
  }
},{
  "dateTime" : "03/17/21 17:46:07",
  "value" : {
    "bpm" : 117,
    "confidence" : 2
  }
},{
  "dateTime" : "03/17/21 17:46:10",
  "value" : {
    "bpm" : 117,
    "confidence" : 2
  }
},{
  "dateTime" : "03/17/21 17:46:13",
  "value" : {
    "bpm" : 116,
    "confidence" : 2
  }
},{
  "dateTime" : "03/17/21 17:46:14",
  "value" : {
    "bpm" : 116,
    "confidence" : 1
  }
},{
  "dateTime" : "03/17/21 17:46:16",
  "value" : {
    "bpm" : 119,
    "confidence" : 1
  }
},{
  "dateTime" : "03/17/21 17:46:18",
  "value" : {
    "bpm" : 120,
    "confidence" : 1
  }
},{
  "dateTime" : "03/17/21 17:46:19",
  "value" : {
    "bpm" : 122,
    "confidence" : 1
  }
},{
  "dateTime" : "03/17/21 17:46:22",
  "value" : {
    "bpm" : 124,
    "confidence" : 1
  }
},{
  "dateTime" : "03/17/21 17:46:23",
  "value" : {
    "bpm" : 126,
    "confidence" : 1
  }
},{
  "dateTime" : "03/17/21 17:46:24",
  "value" : {
    "bpm" : 127,
    "confidence" : 1
  }
},{
  "dateTime" : "03/17/21 17:46:25",
  "value" : {
    "bpm" : 129,
    "confidence" : 1
  }
},{
  "dateTime" : "03/17/21 17:46:28",
  "value" : {
    "bpm" : 129,
    "confidence" : 1
  }
},{
  "dateTime" : "03/17/21 17:46:31",
  "value" : {
    "bpm" : 128,
    "confidence" : 1
  }
},{
  "dateTime" : "03/17/21 17:46:32",
  "value" : {
    "bpm" : 129,
    "confidence" : 1
  }
},{
  "dateTime" : "03/17/21 17:46:33",
  "value" : {
    "bpm" : 128,
    "confidence" : 1
  }
},{
  "dateTime" : "03/17/21 17:46:35",
  "value" : {
    "bpm" : 127,
    "confidence" : 1
  }
},{
  "dateTime" : "03/17/21 17:46:36",
  "value" : {
    "bpm" : 126,
    "confidence" : 1
  }
},{
  "dateTime" : "03/17/21 17:46:37",
  "value" : {
    "bpm" : 124,
    "confidence" : 1
  }
},{
  "dateTime" : "03/17/21 17:46:38",
  "value" : {
    "bpm" : 123,
    "confidence" : 1
  }
},{
  "dateTime" : "03/17/21 17:46:39",
  "value" : {
    "bpm" : 122,
    "confidence" : 1
  }
},{
  "dateTime" : "03/17/21 17:46:40",
  "value" : {
    "bpm" : 121,
    "confidence" : 1
  }
},{
  "dateTime" : "03/17/21 17:46:42",
  "value" : {
    "bpm" : 120,
    "confidence" : 1
  }
},{
  "dateTime" : "03/17/21 17:46:45",
  "value" : {
    "bpm" : 119,
    "confidence" : 1
  }
},{
  "dateTime" : "03/17/21 17:46:46",
  "value" : {
    "bpm" : 117,
    "confidence" : 1
  }
},{
  "dateTime" : "03/17/21 17:46:47",
  "value" : {
    "bpm" : 115,
    "confidence" : 1
  }
},{
  "dateTime" : "03/17/21 17:46:48",
  "value" : {
    "bpm" : 100,
    "confidence" : 3
  }
},{
  "dateTime" : "03/17/21 17:46:49",
  "value" : {
    "bpm" : 95,
    "confidence" : 3
  }
},{
  "dateTime" : "03/17/21 17:46:50",
  "value" : {
    "bpm" : 95,
    "confidence" : 1
  }
},{
  "dateTime" : "03/17/21 17:46:51",
  "value" : {
    "bpm" : 94,
    "confidence" : 1
  }
},{
  "dateTime" : "03/17/21 17:46:53",
  "value" : {
    "bpm" : 93,
    "confidence" : 1
  }
},{
  "dateTime" : "03/17/21 17:46:54",
  "value" : {
    "bpm" : 92,
    "confidence" : 1
  }
},{
  "dateTime" : "03/17/21 17:46:55",
  "value" : {
    "bpm" : 90,
    "confidence" : 3
  }
},{
  "dateTime" : "03/17/21 17:46:56",
  "value" : {
    "bpm" : 90,
    "confidence" : 2
  }
},{
  "dateTime" : "03/17/21 17:46:59",
  "value" : {
    "bpm" : 90,
    "confidence" : 2
  }
},{
  "dateTime" : "03/17/21 17:47:01",
  "value" : {
    "bpm" : 89,
    "confidence" : 2
  }
},{
  "dateTime" : "03/17/21 17:47:04",
  "value" : {
    "bpm" : 89,
    "confidence" : 2
  }
},{
  "dateTime" : "03/17/21 17:47:05",
  "value" : {
    "bpm" : 89,
    "confidence" : 3
  }
},{
  "dateTime" : "03/17/21 17:47:08",
  "value" : {
    "bpm" : 88,
    "confidence" : 3
  }
},{
  "dateTime" : "03/17/21 17:47:09",
  "value" : {
    "bpm" : 88,
    "confidence" : 2
  }
},{
  "dateTime" : "03/17/21 17:47:12",
  "value" : {
    "bpm" : 88,
    "confidence" : 2
  }
},{
  "dateTime" : "03/17/21 17:47:13",
  "value" : {
    "bpm" : 88,
    "confidence" : 2
  }
},{
  "dateTime" : "03/17/21 17:47:16",
  "value" : {
    "bpm" : 88,
    "confidence" : 2
  }
},{
  "dateTime" : "03/17/21 17:47:18",
  "value" : {
    "bpm" : 89,
    "confidence" : 2
  }
},{
  "dateTime" : "03/17/21 17:47:19",
  "value" : {
    "bpm" : 90,
    "confidence" : 2
  }
},{
  "dateTime" : "03/17/21 17:47:21",
  "value" : {
    "bpm" : 91,
    "confidence" : 2
  }
},{
  "dateTime" : "03/17/21 17:47:22",
  "value" : {
    "bpm" : 92,
    "confidence" : 2
  }
},{
  "dateTime" : "03/17/21 17:47:23",
  "value" : {
    "bpm" : 93,
    "confidence" : 2
  }
},{
  "dateTime" : "03/17/21 17:47:24",
  "value" : {
    "bpm" : 94,
    "confidence" : 2
  }
},{
  "dateTime" : "03/17/21 17:47:25",
  "value" : {
    "bpm" : 95,
    "confidence" : 2
  }
},{
  "dateTime" : "03/17/21 17:47:27",
  "value" : {
    "bpm" : 96,
    "confidence" : 2
  }
},{
  "dateTime" : "03/17/21 17:47:28",
  "value" : {
    "bpm" : 97,
    "confidence" : 2
  }
},{
  "dateTime" : "03/17/21 17:47:29",
  "value" : {
    "bpm" : 98,
    "confidence" : 2
  }
},{
  "dateTime" : "03/17/21 17:47:30",
  "value" : {
    "bpm" : 99,
    "confidence" : 2
  }
},{
  "dateTime" : "03/17/21 17:47:31",
  "value" : {
    "bpm" : 100,
    "confidence" : 2
  }
},{
  "dateTime" : "03/17/21 17:47:34",
  "value" : {
    "bpm" : 100,
    "confidence" : 2
  }
},{
  "dateTime" : "03/17/21 17:47:37",
  "value" : {
    "bpm" : 99,
    "confidence" : 2
  }
},{
  "dateTime" : "03/17/21 17:47:38",
  "value" : {
    "bpm" : 98,
    "confidence" : 2
  }
},{
  "dateTime" : "03/17/21 17:47:41",
  "value" : {
    "bpm" : 97,
    "confidence" : 2
  }
},{
  "dateTime" : "03/17/21 17:47:42",
  "value" : {
    "bpm" : 96,
    "confidence" : 2
  }
},{
  "dateTime" : "03/17/21 17:47:43",
  "value" : {
    "bpm" : 95,
    "confidence" : 2
  }
},{
  "dateTime" : "03/17/21 17:47:45",
  "value" : {
    "bpm" : 90,
    "confidence" : 3
  }
},{
  "dateTime" : "03/17/21 17:47:46",
  "value" : {
    "bpm" : 89,
    "confidence" : 3
  }
},{
  "dateTime" : "03/17/21 17:47:47",
  "value" : {
    "bpm" : 89,
    "confidence" : 2
  }
},{
  "dateTime" : "03/17/21 17:47:50",
  "value" : {
    "bpm" : 89,
    "confidence" : 2
  }
},{
  "dateTime" : "03/17/21 17:47:53",
  "value" : {
    "bpm" : 89,
    "confidence" : 2
  }
},{
  "dateTime" : "03/17/21 17:47:55",
  "value" : {
    "bpm" : 90,
    "confidence" : 2
  }
},{
  "dateTime" : "03/17/21 17:47:56",
  "value" : {
    "bpm" : 91,
    "confidence" : 2
  }
},{
  "dateTime" : "03/17/21 17:47:57",
  "value" : {
    "bpm" : 92,
    "confidence" : 2
  }
},{
  "dateTime" : "03/17/21 17:47:59",
  "value" : {
    "bpm" : 93,
    "confidence" : 2
  }
},{
  "dateTime" : "03/17/21 17:48:00",
  "value" : {
    "bpm" : 94,
    "confidence" : 2
  }
},{
  "dateTime" : "03/17/21 17:48:01",
  "value" : {
    "bpm" : 95,
    "confidence" : 2
  }
},{
  "dateTime" : "03/17/21 17:48:03",
  "value" : {
    "bpm" : 96,
    "confidence" : 2
  }
},{
  "dateTime" : "03/17/21 17:48:04",
  "value" : {
    "bpm" : 97,
    "confidence" : 2
  }
},{
  "dateTime" : "03/17/21 17:48:07",
  "value" : {
    "bpm" : 97,
    "confidence" : 2
  }
},{
  "dateTime" : "03/17/21 17:48:08",
  "value" : {
    "bpm" : 96,
    "confidence" : 2
  }
},{
  "dateTime" : "03/17/21 17:48:10",
  "value" : {
    "bpm" : 95,
    "confidence" : 2
  }
},{
  "dateTime" : "03/17/21 17:48:12",
  "value" : {
    "bpm" : 94,
    "confidence" : 2
  }
},{
  "dateTime" : "03/17/21 17:48:14",
  "value" : {
    "bpm" : 95,
    "confidence" : 2
  }
},{
  "dateTime" : "03/17/21 17:48:15",
  "value" : {
    "bpm" : 96,
    "confidence" : 2
  }
},{
  "dateTime" : "03/17/21 17:48:17",
  "value" : {
    "bpm" : 97,
    "confidence" : 2
  }
},{
  "dateTime" : "03/17/21 17:48:20",
  "value" : {
    "bpm" : 98,
    "confidence" : 2
  }
},{
  "dateTime" : "03/17/21 17:48:23",
  "value" : {
    "bpm" : 99,
    "confidence" : 2
  }
},{
  "dateTime" : "03/17/21 17:48:26",
  "value" : {
    "bpm" : 98,
    "confidence" : 2
  }
},{
  "dateTime" : "03/17/21 17:48:29",
  "value" : {
    "bpm" : 99,
    "confidence" : 2
  }
},{
  "dateTime" : "03/17/21 17:48:32",
  "value" : {
    "bpm" : 99,
    "confidence" : 2
  }
},{
  "dateTime" : "03/17/21 17:48:35",
  "value" : {
    "bpm" : 99,
    "confidence" : 2
  }
},{
  "dateTime" : "03/17/21 17:48:37",
  "value" : {
    "bpm" : 100,
    "confidence" : 2
  }
},{
  "dateTime" : "03/17/21 17:48:39",
  "value" : {
    "bpm" : 99,
    "confidence" : 2
  }
},{
  "dateTime" : "03/17/21 17:48:40",
  "value" : {
    "bpm" : 98,
    "confidence" : 2
  }
},{
  "dateTime" : "03/17/21 17:48:41",
  "value" : {
    "bpm" : 97,
    "confidence" : 2
  }
},{
  "dateTime" : "03/17/21 17:48:42",
  "value" : {
    "bpm" : 96,
    "confidence" : 2
  }
},{
  "dateTime" : "03/17/21 17:48:43",
  "value" : {
    "bpm" : 95,
    "confidence" : 2
  }
},{
  "dateTime" : "03/17/21 17:48:44",
  "value" : {
    "bpm" : 94,
    "confidence" : 2
  }
},{
  "dateTime" : "03/17/21 17:48:46",
  "value" : {
    "bpm" : 93,
    "confidence" : 2
  }
},{
  "dateTime" : "03/17/21 17:48:47",
  "value" : {
    "bpm" : 93,
    "confidence" : 2
  }
},{
  "dateTime" : "03/17/21 17:48:49",
  "value" : {
    "bpm" : 92,
    "confidence" : 2
  }
},{
  "dateTime" : "03/17/21 17:48:51",
  "value" : {
    "bpm" : 91,
    "confidence" : 2
  }
},{
  "dateTime" : "03/17/21 17:48:52",
  "value" : {
    "bpm" : 90,
    "confidence" : 3
  }
},{
  "dateTime" : "03/17/21 17:48:53",
  "value" : {
    "bpm" : 90,
    "confidence" : 2
  }
},{
  "dateTime" : "03/17/21 17:48:56",
  "value" : {
    "bpm" : 90,
    "confidence" : 2
  }
},{
  "dateTime" : "03/17/21 17:48:59",
  "value" : {
    "bpm" : 91,
    "confidence" : 2
  }
},{
  "dateTime" : "03/17/21 17:49:02",
  "value" : {
    "bpm" : 91,
    "confidence" : 2
  }
},{
  "dateTime" : "03/17/21 17:49:05",
  "value" : {
    "bpm" : 91,
    "confidence" : 2
  }
},{
  "dateTime" : "03/17/21 17:49:06",
  "value" : {
    "bpm" : 92,
    "confidence" : 2
  }
},{
  "dateTime" : "03/17/21 17:49:07",
  "value" : {
    "bpm" : 93,
    "confidence" : 2
  }
},{
  "dateTime" : "03/17/21 17:49:09",
  "value" : {
    "bpm" : 94,
    "confidence" : 2
  }
},{
  "dateTime" : "03/17/21 17:49:10",
  "value" : {
    "bpm" : 95,
    "confidence" : 2
  }
},{
  "dateTime" : "03/17/21 17:49:11",
  "value" : {
    "bpm" : 96,
    "confidence" : 2
  }
},{
  "dateTime" : "03/17/21 17:49:12",
  "value" : {
    "bpm" : 97,
    "confidence" : 2
  }
},{
  "dateTime" : "03/17/21 17:49:13",
  "value" : {
    "bpm" : 98,
    "confidence" : 2
  }
},{
  "dateTime" : "03/17/21 17:49:16",
  "value" : {
    "bpm" : 98,
    "confidence" : 2
  }
},{
  "dateTime" : "03/17/21 17:49:18",
  "value" : {
    "bpm" : 97,
    "confidence" : 2
  }
},{
  "dateTime" : "03/17/21 17:49:21",
  "value" : {
    "bpm" : 97,
    "confidence" : 2
  }
},{
  "dateTime" : "03/17/21 17:49:24",
  "value" : {
    "bpm" : 97,
    "confidence" : 2
  }
},{
  "dateTime" : "03/17/21 17:49:25",
  "value" : {
    "bpm" : 98,
    "confidence" : 2
  }
},{
  "dateTime" : "03/17/21 17:49:28",
  "value" : {
    "bpm" : 98,
    "confidence" : 2
  }
},{
  "dateTime" : "03/17/21 17:49:30",
  "value" : {
    "bpm" : 99,
    "confidence" : 2
  }
},{
  "dateTime" : "03/17/21 17:49:31",
  "value" : {
    "bpm" : 100,
    "confidence" : 2
  }
},{
  "dateTime" : "03/17/21 17:49:34",
  "value" : {
    "bpm" : 100,
    "confidence" : 2
  }
},{
  "dateTime" : "03/17/21 17:49:36",
  "value" : {
    "bpm" : 101,
    "confidence" : 2
  }
},{
  "dateTime" : "03/17/21 17:49:39",
  "value" : {
    "bpm" : 101,
    "confidence" : 2
  }
},{
  "dateTime" : "03/17/21 17:49:40",
  "value" : {
    "bpm" : 101,
    "confidence" : 2
  }
},{
  "dateTime" : "03/17/21 17:49:43",
  "value" : {
    "bpm" : 101,
    "confidence" : 2
  }
},{
  "dateTime" : "03/17/21 17:49:44",
  "value" : {
    "bpm" : 103,
    "confidence" : 2
  }
},{
  "dateTime" : "03/17/21 17:49:45",
  "value" : {
    "bpm" : 104,
    "confidence" : 2
  }
},{
  "dateTime" : "03/17/21 17:49:48",
  "value" : {
    "bpm" : 105,
    "confidence" : 2
  }
},{
  "dateTime" : "03/17/21 17:49:51",
  "value" : {
    "bpm" : 106,
    "confidence" : 2
  }
},{
  "dateTime" : "03/17/21 17:49:52",
  "value" : {
    "bpm" : 107,
    "confidence" : 2
  }
},{
  "dateTime" : "03/17/21 17:49:54",
  "value" : {
    "bpm" : 109,
    "confidence" : 2
  }
},{
  "dateTime" : "03/17/21 17:49:55",
  "value" : {
    "bpm" : 110,
    "confidence" : 2
  }
},{
  "dateTime" : "03/17/21 17:49:58",
  "value" : {
    "bpm" : 110,
    "confidence" : 2
  }
},{
  "dateTime" : "03/17/21 17:50:00",
  "value" : {
    "bpm" : 111,
    "confidence" : 2
  }
},{
  "dateTime" : "03/17/21 17:50:01",
  "value" : {
    "bpm" : 110,
    "confidence" : 2
  }
},{
  "dateTime" : "03/17/21 17:50:04",
  "value" : {
    "bpm" : 109,
    "confidence" : 2
  }
},{
  "dateTime" : "03/17/21 17:50:07",
  "value" : {
    "bpm" : 109,
    "confidence" : 2
  }
},{
  "dateTime" : "03/17/21 17:50:08",
  "value" : {
    "bpm" : 108,
    "confidence" : 2
  }
},{
  "dateTime" : "03/17/21 17:50:10",
  "value" : {
    "bpm" : 109,
    "confidence" : 1
  }
},{
  "dateTime" : "03/17/21 17:50:13",
  "value" : {
    "bpm" : 109,
    "confidence" : 1
  }
},{
  "dateTime" : "03/17/21 17:50:14",
  "value" : {
    "bpm" : 109,
    "confidence" : 2
  }
},{
  "dateTime" : "03/17/21 17:50:15",
  "value" : {
    "bpm" : 110,
    "confidence" : 2
  }
},{
  "dateTime" : "03/17/21 17:50:18",
  "value" : {
    "bpm" : 110,
    "confidence" : 2
  }
},{
  "dateTime" : "03/17/21 17:50:19",
  "value" : {
    "bpm" : 109,
    "confidence" : 2
  }
},{
  "dateTime" : "03/17/21 17:50:22",
  "value" : {
    "bpm" : 109,
    "confidence" : 2
  }
},{
  "dateTime" : "03/17/21 17:50:23",
  "value" : {
    "bpm" : 110,
    "confidence" : 2
  }
},{
  "dateTime" : "03/17/21 17:50:25",
  "value" : {
    "bpm" : 112,
    "confidence" : 2
  }
},{
  "dateTime" : "03/17/21 17:50:26",
  "value" : {
    "bpm" : 113,
    "confidence" : 2
  }
},{
  "dateTime" : "03/17/21 17:50:27",
  "value" : {
    "bpm" : 115,
    "confidence" : 2
  }
},{
  "dateTime" : "03/17/21 17:50:28",
  "value" : {
    "bpm" : 117,
    "confidence" : 2
  }
},{
  "dateTime" : "03/17/21 17:50:29",
  "value" : {
    "bpm" : 116,
    "confidence" : 2
  }
},{
  "dateTime" : "03/17/21 17:50:31",
  "value" : {
    "bpm" : 118,
    "confidence" : 2
  }
},{
  "dateTime" : "03/17/21 17:50:34",
  "value" : {
    "bpm" : 118,
    "confidence" : 2
  }
},{
  "dateTime" : "03/17/21 17:50:35",
  "value" : {
    "bpm" : 116,
    "confidence" : 2
  }
},{
  "dateTime" : "03/17/21 17:50:37",
  "value" : {
    "bpm" : 115,
    "confidence" : 2
  }
},{
  "dateTime" : "03/17/21 17:50:39",
  "value" : {
    "bpm" : 116,
    "confidence" : 2
  }
},{
  "dateTime" : "03/17/21 17:50:41",
  "value" : {
    "bpm" : 117,
    "confidence" : 2
  }
},{
  "dateTime" : "03/17/21 17:50:43",
  "value" : {
    "bpm" : 119,
    "confidence" : 2
  }
},{
  "dateTime" : "03/17/21 17:50:44",
  "value" : {
    "bpm" : 120,
    "confidence" : 2
  }
},{
  "dateTime" : "03/17/21 17:50:47",
  "value" : {
    "bpm" : 120,
    "confidence" : 2
  }
},{
  "dateTime" : "03/17/21 17:50:50",
  "value" : {
    "bpm" : 120,
    "confidence" : 2
  }
},{
  "dateTime" : "03/17/21 17:50:52",
  "value" : {
    "bpm" : 119,
    "confidence" : 2
  }
},{
  "dateTime" : "03/17/21 17:50:54",
  "value" : {
    "bpm" : 118,
    "confidence" : 2
  }
},{
  "dateTime" : "03/17/21 17:50:57",
  "value" : {
    "bpm" : 118,
    "confidence" : 2
  }
},{
  "dateTime" : "03/17/21 17:51:00",
  "value" : {
    "bpm" : 118,
    "confidence" : 2
  }
},{
  "dateTime" : "03/17/21 17:51:01",
  "value" : {
    "bpm" : 118,
    "confidence" : 1
  }
},{
  "dateTime" : "03/17/21 17:51:04",
  "value" : {
    "bpm" : 118,
    "confidence" : 1
  }
},{
  "dateTime" : "03/17/21 17:51:05",
  "value" : {
    "bpm" : 119,
    "confidence" : 1
  }
},{
  "dateTime" : "03/17/21 17:51:06",
  "value" : {
    "bpm" : 121,
    "confidence" : 1
  }
},{
  "dateTime" : "03/17/21 17:51:08",
  "value" : {
    "bpm" : 122,
    "confidence" : 1
  }
},{
  "dateTime" : "03/17/21 17:51:10",
  "value" : {
    "bpm" : 123,
    "confidence" : 1
  }
},{
  "dateTime" : "03/17/21 17:51:12",
  "value" : {
    "bpm" : 124,
    "confidence" : 1
  }
},{
  "dateTime" : "03/17/21 17:51:13",
  "value" : {
    "bpm" : 125,
    "confidence" : 1
  }
},{
  "dateTime" : "03/17/21 17:51:16",
  "value" : {
    "bpm" : 125,
    "confidence" : 1
  }
},{
  "dateTime" : "03/17/21 17:51:18",
  "value" : {
    "bpm" : 124,
    "confidence" : 1
  }
},{
  "dateTime" : "03/17/21 17:51:19",
  "value" : {
    "bpm" : 123,
    "confidence" : 1
  }
},{
  "dateTime" : "03/17/21 17:51:21",
  "value" : {
    "bpm" : 122,
    "confidence" : 1
  }
},{
  "dateTime" : "03/17/21 17:51:22",
  "value" : {
    "bpm" : 121,
    "confidence" : 1
  }
},{
  "dateTime" : "03/17/21 17:51:23",
  "value" : {
    "bpm" : 120,
    "confidence" : 1
  }
},{
  "dateTime" : "03/17/21 17:51:26",
  "value" : {
    "bpm" : 120,
    "confidence" : 1
  }
},{
  "dateTime" : "03/17/21 17:51:29",
  "value" : {
    "bpm" : 120,
    "confidence" : 1
  }
},{
  "dateTime" : "03/17/21 17:51:30",
  "value" : {
    "bpm" : 119,
    "confidence" : 1
  }
},{
  "dateTime" : "03/17/21 17:51:32",
  "value" : {
    "bpm" : 118,
    "confidence" : 1
  }
},{
  "dateTime" : "03/17/21 17:51:35",
  "value" : {
    "bpm" : 119,
    "confidence" : 1
  }
},{
  "dateTime" : "03/17/21 17:51:37",
  "value" : {
    "bpm" : 120,
    "confidence" : 1
  }
},{
  "dateTime" : "03/17/21 17:51:40",
  "value" : {
    "bpm" : 121,
    "confidence" : 1
  }
},{
  "dateTime" : "03/17/21 17:51:43",
  "value" : {
    "bpm" : 120,
    "confidence" : 1
  }
},{
  "dateTime" : "03/17/21 17:51:46",
  "value" : {
    "bpm" : 120,
    "confidence" : 1
  }
},{
  "dateTime" : "03/17/21 17:51:49",
  "value" : {
    "bpm" : 120,
    "confidence" : 1
  }
},{
  "dateTime" : "03/17/21 17:51:52",
  "value" : {
    "bpm" : 120,
    "confidence" : 1
  }
},{
  "dateTime" : "03/17/21 17:51:55",
  "value" : {
    "bpm" : 120,
    "confidence" : 1
  }
},{
  "dateTime" : "03/17/21 17:51:58",
  "value" : {
    "bpm" : 121,
    "confidence" : 1
  }
},{
  "dateTime" : "03/17/21 17:51:59",
  "value" : {
    "bpm" : 122,
    "confidence" : 1
  }
},{
  "dateTime" : "03/17/21 17:52:00",
  "value" : {
    "bpm" : 123,
    "confidence" : 1
  }
},{
  "dateTime" : "03/17/21 17:52:01",
  "value" : {
    "bpm" : 124,
    "confidence" : 1
  }
},{
  "dateTime" : "03/17/21 17:52:03",
  "value" : {
    "bpm" : 125,
    "confidence" : 1
  }
},{
  "dateTime" : "03/17/21 17:52:04",
  "value" : {
    "bpm" : 126,
    "confidence" : 1
  }
},{
  "dateTime" : "03/17/21 17:52:06",
  "value" : {
    "bpm" : 125,
    "confidence" : 1
  }
},{
  "dateTime" : "03/17/21 17:52:08",
  "value" : {
    "bpm" : 124,
    "confidence" : 1
  }
},{
  "dateTime" : "03/17/21 17:52:09",
  "value" : {
    "bpm" : 123,
    "confidence" : 1
  }
},{
  "dateTime" : "03/17/21 17:52:12",
  "value" : {
    "bpm" : 123,
    "confidence" : 1
  }
},{
  "dateTime" : "03/17/21 17:52:13",
  "value" : {
    "bpm" : 122,
    "confidence" : 1
  }
},{
  "dateTime" : "03/17/21 17:52:16",
  "value" : {
    "bpm" : 124,
    "confidence" : 1
  }
},{
  "dateTime" : "03/17/21 17:52:17",
  "value" : {
    "bpm" : 125,
    "confidence" : 1
  }
},{
  "dateTime" : "03/17/21 17:52:18",
  "value" : {
    "bpm" : 126,
    "confidence" : 1
  }
},{
  "dateTime" : "03/17/21 17:52:21",
  "value" : {
    "bpm" : 125,
    "confidence" : 1
  }
},{
  "dateTime" : "03/17/21 17:52:24",
  "value" : {
    "bpm" : 125,
    "confidence" : 1
  }
},{
  "dateTime" : "03/17/21 17:52:27",
  "value" : {
    "bpm" : 125,
    "confidence" : 1
  }
},{
  "dateTime" : "03/17/21 17:52:30",
  "value" : {
    "bpm" : 124,
    "confidence" : 1
  }
},{
  "dateTime" : "03/17/21 17:52:31",
  "value" : {
    "bpm" : 123,
    "confidence" : 1
  }
},{
  "dateTime" : "03/17/21 17:52:32",
  "value" : {
    "bpm" : 122,
    "confidence" : 1
  }
},{
  "dateTime" : "03/17/21 17:52:34",
  "value" : {
    "bpm" : 121,
    "confidence" : 1
  }
},{
  "dateTime" : "03/17/21 17:52:35",
  "value" : {
    "bpm" : 120,
    "confidence" : 1
  }
},{
  "dateTime" : "03/17/21 17:52:36",
  "value" : {
    "bpm" : 119,
    "confidence" : 1
  }
},{
  "dateTime" : "03/17/21 17:52:37",
  "value" : {
    "bpm" : 118,
    "confidence" : 1
  }
},{
  "dateTime" : "03/17/21 17:52:38",
  "value" : {
    "bpm" : 117,
    "confidence" : 1
  }
},{
  "dateTime" : "03/17/21 17:52:39",
  "value" : {
    "bpm" : 116,
    "confidence" : 1
  }
},{
  "dateTime" : "03/17/21 17:52:41",
  "value" : {
    "bpm" : 114,
    "confidence" : 1
  }
},{
  "dateTime" : "03/17/21 17:52:42",
  "value" : {
    "bpm" : 112,
    "confidence" : 1
  }
},{
  "dateTime" : "03/17/21 17:52:44",
  "value" : {
    "bpm" : 111,
    "confidence" : 1
  }
},{
  "dateTime" : "03/17/21 17:52:45",
  "value" : {
    "bpm" : 111,
    "confidence" : 2
  }
},{
  "dateTime" : "03/17/21 17:52:48",
  "value" : {
    "bpm" : 111,
    "confidence" : 2
  }
},{
  "dateTime" : "03/17/21 17:52:51",
  "value" : {
    "bpm" : 111,
    "confidence" : 2
  }
},{
  "dateTime" : "03/17/21 17:52:53",
  "value" : {
    "bpm" : 110,
    "confidence" : 2
  }
},{
  "dateTime" : "03/17/21 17:52:56",
  "value" : {
    "bpm" : 106,
    "confidence" : 3
  }
},{
  "dateTime" : "03/17/21 17:52:57",
  "value" : {
    "bpm" : 105,
    "confidence" : 3
  }
},{
  "dateTime" : "03/17/21 17:52:59",
  "value" : {
    "bpm" : 105,
    "confidence" : 2
  }
},{
  "dateTime" : "03/17/21 17:53:01",
  "value" : {
    "bpm" : 106,
    "confidence" : 2
  }
},{
  "dateTime" : "03/17/21 17:53:02",
  "value" : {
    "bpm" : 107,
    "confidence" : 2
  }
},{
  "dateTime" : "03/17/21 17:53:03",
  "value" : {
    "bpm" : 108,
    "confidence" : 2
  }
},{
  "dateTime" : "03/17/21 17:53:05",
  "value" : {
    "bpm" : 109,
    "confidence" : 2
  }
},{
  "dateTime" : "03/17/21 17:53:06",
  "value" : {
    "bpm" : 109,
    "confidence" : 2
  }
},{
  "dateTime" : "03/17/21 17:53:07",
  "value" : {
    "bpm" : 110,
    "confidence" : 2
  }
},{
  "dateTime" : "03/17/21 17:53:10",
  "value" : {
    "bpm" : 110,
    "confidence" : 2
  }
},{
  "dateTime" : "03/17/21 17:53:13",
  "value" : {
    "bpm" : 110,
    "confidence" : 2
  }
},{
  "dateTime" : "03/17/21 17:53:16",
  "value" : {
    "bpm" : 111,
    "confidence" : 2
  }
},{
  "dateTime" : "03/17/21 17:53:19",
  "value" : {
    "bpm" : 111,
    "confidence" : 2
  }
},{
  "dateTime" : "03/17/21 17:53:22",
  "value" : {
    "bpm" : 111,
    "confidence" : 2
  }
},{
  "dateTime" : "03/17/21 17:53:24",
  "value" : {
    "bpm" : 109,
    "confidence" : 2
  }
},{
  "dateTime" : "03/17/21 17:53:26",
  "value" : {
    "bpm" : 108,
    "confidence" : 2
  }
},{
  "dateTime" : "03/17/21 17:53:29",
  "value" : {
    "bpm" : 108,
    "confidence" : 2
  }
},{
  "dateTime" : "03/17/21 17:53:32",
  "value" : {
    "bpm" : 108,
    "confidence" : 2
  }
},{
  "dateTime" : "03/17/21 17:53:35",
  "value" : {
    "bpm" : 108,
    "confidence" : 2
  }
},{
  "dateTime" : "03/17/21 17:53:38",
  "value" : {
    "bpm" : 107,
    "confidence" : 2
  }
},{
  "dateTime" : "03/17/21 17:53:40",
  "value" : {
    "bpm" : 106,
    "confidence" : 2
  }
},{
  "dateTime" : "03/17/21 17:53:42",
  "value" : {
    "bpm" : 105,
    "confidence" : 2
  }
},{
  "dateTime" : "03/17/21 17:53:44",
  "value" : {
    "bpm" : 104,
    "confidence" : 2
  }
},{
  "dateTime" : "03/17/21 17:53:45",
  "value" : {
    "bpm" : 103,
    "confidence" : 2
  }
},{
  "dateTime" : "03/17/21 17:53:48",
  "value" : {
    "bpm" : 102,
    "confidence" : 2
  }
},{
  "dateTime" : "03/17/21 17:53:50",
  "value" : {
    "bpm" : 101,
    "confidence" : 2
  }
},{
  "dateTime" : "03/17/21 17:53:52",
  "value" : {
    "bpm" : 100,
    "confidence" : 2
  }
},{
  "dateTime" : "03/17/21 17:53:54",
  "value" : {
    "bpm" : 106,
    "confidence" : 2
  }
},{
  "dateTime" : "03/17/21 17:53:57",
  "value" : {
    "bpm" : 111,
    "confidence" : 2
  }
},{
  "dateTime" : "03/17/21 17:53:58",
  "value" : {
    "bpm" : 113,
    "confidence" : 2
  }
},{
  "dateTime" : "03/17/21 17:53:59",
  "value" : {
    "bpm" : 112,
    "confidence" : 2
  }
},{
  "dateTime" : "03/17/21 17:54:01",
  "value" : {
    "bpm" : 111,
    "confidence" : 2
  }
},{
  "dateTime" : "03/17/21 17:54:03",
  "value" : {
    "bpm" : 110,
    "confidence" : 2
  }
},{
  "dateTime" : "03/17/21 17:54:04",
  "value" : {
    "bpm" : 111,
    "confidence" : 2
  }
},{
  "dateTime" : "03/17/21 17:54:05",
  "value" : {
    "bpm" : 111,
    "confidence" : 2
  }
},{
  "dateTime" : "03/17/21 17:54:08",
  "value" : {
    "bpm" : 111,
    "confidence" : 2
  }
},{
  "dateTime" : "03/17/21 17:54:09",
  "value" : {
    "bpm" : 110,
    "confidence" : 2
  }
},{
  "dateTime" : "03/17/21 17:54:10",
  "value" : {
    "bpm" : 111,
    "confidence" : 2
  }
},{
  "dateTime" : "03/17/21 17:54:11",
  "value" : {
    "bpm" : 112,
    "confidence" : 2
  }
},{
  "dateTime" : "03/17/21 17:54:13",
  "value" : {
    "bpm" : 114,
    "confidence" : 2
  }
},{
  "dateTime" : "03/17/21 17:54:14",
  "value" : {
    "bpm" : 116,
    "confidence" : 2
  }
},{
  "dateTime" : "03/17/21 17:54:16",
  "value" : {
    "bpm" : 118,
    "confidence" : 2
  }
},{
  "dateTime" : "03/17/21 17:54:17",
  "value" : {
    "bpm" : 119,
    "confidence" : 2
  }
},{
  "dateTime" : "03/17/21 17:54:18",
  "value" : {
    "bpm" : 121,
    "confidence" : 2
  }
},{
  "dateTime" : "03/17/21 17:54:19",
  "value" : {
    "bpm" : 122,
    "confidence" : 2
  }
},{
  "dateTime" : "03/17/21 17:54:20",
  "value" : {
    "bpm" : 125,
    "confidence" : 2
  }
},{
  "dateTime" : "03/17/21 17:54:23",
  "value" : {
    "bpm" : 125,
    "confidence" : 2
  }
},{
  "dateTime" : "03/17/21 17:54:24",
  "value" : {
    "bpm" : 126,
    "confidence" : 2
  }
},{
  "dateTime" : "03/17/21 17:54:26",
  "value" : {
    "bpm" : 127,
    "confidence" : 2
  }
},{
  "dateTime" : "03/17/21 17:54:27",
  "value" : {
    "bpm" : 126,
    "confidence" : 2
  }
},{
  "dateTime" : "03/17/21 17:54:30",
  "value" : {
    "bpm" : 126,
    "confidence" : 2
  }
},{
  "dateTime" : "03/17/21 17:54:32",
  "value" : {
    "bpm" : 125,
    "confidence" : 2
  }
},{
  "dateTime" : "03/17/21 17:54:35",
  "value" : {
    "bpm" : 125,
    "confidence" : 2
  }
},{
  "dateTime" : "03/17/21 17:54:38",
  "value" : {
    "bpm" : 127,
    "confidence" : 2
  }
},{
  "dateTime" : "03/17/21 17:54:39",
  "value" : {
    "bpm" : 125,
    "confidence" : 2
  }
},{
  "dateTime" : "03/17/21 17:54:40",
  "value" : {
    "bpm" : 120,
    "confidence" : 2
  }
},{
  "dateTime" : "03/17/21 17:54:41",
  "value" : {
    "bpm" : 119,
    "confidence" : 2
  }
},{
  "dateTime" : "03/17/21 17:54:43",
  "value" : {
    "bpm" : 118,
    "confidence" : 2
  }
},{
  "dateTime" : "03/17/21 17:54:45",
  "value" : {
    "bpm" : 117,
    "confidence" : 2
  }
},{
  "dateTime" : "03/17/21 17:54:47",
  "value" : {
    "bpm" : 116,
    "confidence" : 2
  }
},{
  "dateTime" : "03/17/21 17:54:48",
  "value" : {
    "bpm" : 116,
    "confidence" : 2
  }
},{
  "dateTime" : "03/17/21 17:54:50",
  "value" : {
    "bpm" : 115,
    "confidence" : 2
  }
},{
  "dateTime" : "03/17/21 17:54:53",
  "value" : {
    "bpm" : 115,
    "confidence" : 2
  }
},{
  "dateTime" : "03/17/21 17:54:54",
  "value" : {
    "bpm" : 116,
    "confidence" : 2
  }
},{
  "dateTime" : "03/17/21 17:54:55",
  "value" : {
    "bpm" : 118,
    "confidence" : 2
  }
},{
  "dateTime" : "03/17/21 17:54:56",
  "value" : {
    "bpm" : 120,
    "confidence" : 2
  }
},{
  "dateTime" : "03/17/21 17:54:57",
  "value" : {
    "bpm" : 122,
    "confidence" : 2
  }
},{
  "dateTime" : "03/17/21 17:54:58",
  "value" : {
    "bpm" : 123,
    "confidence" : 2
  }
},{
  "dateTime" : "03/17/21 17:55:00",
  "value" : {
    "bpm" : 125,
    "confidence" : 2
  }
},{
  "dateTime" : "03/17/21 17:55:01",
  "value" : {
    "bpm" : 127,
    "confidence" : 2
  }
},{
  "dateTime" : "03/17/21 17:55:02",
  "value" : {
    "bpm" : 128,
    "confidence" : 2
  }
},{
  "dateTime" : "03/17/21 17:55:03",
  "value" : {
    "bpm" : 130,
    "confidence" : 2
  }
},{
  "dateTime" : "03/17/21 17:55:05",
  "value" : {
    "bpm" : 131,
    "confidence" : 2
  }
},{
  "dateTime" : "03/17/21 17:55:07",
  "value" : {
    "bpm" : 130,
    "confidence" : 2
  }
},{
  "dateTime" : "03/17/21 17:55:09",
  "value" : {
    "bpm" : 129,
    "confidence" : 2
  }
},{
  "dateTime" : "03/17/21 17:55:10",
  "value" : {
    "bpm" : 128,
    "confidence" : 2
  }
},{
  "dateTime" : "03/17/21 17:55:11",
  "value" : {
    "bpm" : 127,
    "confidence" : 2
  }
},{
  "dateTime" : "03/17/21 17:55:12",
  "value" : {
    "bpm" : 126,
    "confidence" : 2
  }
},{
  "dateTime" : "03/17/21 17:55:13",
  "value" : {
    "bpm" : 125,
    "confidence" : 2
  }
},{
  "dateTime" : "03/17/21 17:55:14",
  "value" : {
    "bpm" : 124,
    "confidence" : 2
  }
},{
  "dateTime" : "03/17/21 17:55:16",
  "value" : {
    "bpm" : 123,
    "confidence" : 2
  }
},{
  "dateTime" : "03/17/21 17:55:17",
  "value" : {
    "bpm" : 121,
    "confidence" : 2
  }
},{
  "dateTime" : "03/17/21 17:55:18",
  "value" : {
    "bpm" : 119,
    "confidence" : 2
  }
},{
  "dateTime" : "03/17/21 17:55:21",
  "value" : {
    "bpm" : 119,
    "confidence" : 2
  }
},{
  "dateTime" : "03/17/21 17:55:24",
  "value" : {
    "bpm" : 119,
    "confidence" : 2
  }
},{
  "dateTime" : "03/17/21 17:55:27",
  "value" : {
    "bpm" : 119,
    "confidence" : 1
  }
},{
  "dateTime" : "03/17/21 17:55:28",
  "value" : {
    "bpm" : 118,
    "confidence" : 1
  }
},{
  "dateTime" : "03/17/21 17:55:29",
  "value" : {
    "bpm" : 113,
    "confidence" : 2
  }
},{
  "dateTime" : "03/17/21 17:55:30",
  "value" : {
    "bpm" : 110,
    "confidence" : 2
  }
},{
  "dateTime" : "03/17/21 17:55:31",
  "value" : {
    "bpm" : 108,
    "confidence" : 2
  }
},{
  "dateTime" : "03/17/21 17:55:34",
  "value" : {
    "bpm" : 107,
    "confidence" : 2
  }
},{
  "dateTime" : "03/17/21 17:55:36",
  "value" : {
    "bpm" : 108,
    "confidence" : 2
  }
},{
  "dateTime" : "03/17/21 17:55:38",
  "value" : {
    "bpm" : 109,
    "confidence" : 2
  }
},{
  "dateTime" : "03/17/21 17:55:39",
  "value" : {
    "bpm" : 110,
    "confidence" : 2
  }
},{
  "dateTime" : "03/17/21 17:55:42",
  "value" : {
    "bpm" : 110,
    "confidence" : 2
  }
},{
  "dateTime" : "03/17/21 17:55:43",
  "value" : {
    "bpm" : 111,
    "confidence" : 2
  }
},{
  "dateTime" : "03/17/21 17:55:44",
  "value" : {
    "bpm" : 112,
    "confidence" : 2
  }
},{
  "dateTime" : "03/17/21 17:55:45",
  "value" : {
    "bpm" : 113,
    "confidence" : 2
  }
},{
  "dateTime" : "03/17/21 17:55:47",
  "value" : {
    "bpm" : 115,
    "confidence" : 2
  }
},{
  "dateTime" : "03/17/21 17:55:48",
  "value" : {
    "bpm" : 116,
    "confidence" : 2
  }
},{
  "dateTime" : "03/17/21 17:55:51",
  "value" : {
    "bpm" : 116,
    "confidence" : 2
  }
},{
  "dateTime" : "03/17/21 17:55:52",
  "value" : {
    "bpm" : 115,
    "confidence" : 2
  }
},{
  "dateTime" : "03/17/21 17:55:55",
  "value" : {
    "bpm" : 116,
    "confidence" : 2
  }
},{
  "dateTime" : "03/17/21 17:55:56",
  "value" : {
    "bpm" : 117,
    "confidence" : 2
  }
},{
  "dateTime" : "03/17/21 17:55:58",
  "value" : {
    "bpm" : 118,
    "confidence" : 2
  }
},{
  "dateTime" : "03/17/21 17:56:01",
  "value" : {
    "bpm" : 119,
    "confidence" : 2
  }
},{
  "dateTime" : "03/17/21 17:56:04",
  "value" : {
    "bpm" : 119,
    "confidence" : 2
  }
},{
  "dateTime" : "03/17/21 17:56:05",
  "value" : {
    "bpm" : 120,
    "confidence" : 2
  }
},{
  "dateTime" : "03/17/21 17:56:08",
  "value" : {
    "bpm" : 121,
    "confidence" : 2
  }
},{
  "dateTime" : "03/17/21 17:56:09",
  "value" : {
    "bpm" : 122,
    "confidence" : 2
  }
},{
  "dateTime" : "03/17/21 17:56:10",
  "value" : {
    "bpm" : 123,
    "confidence" : 2
  }
},{
  "dateTime" : "03/17/21 17:56:11",
  "value" : {
    "bpm" : 124,
    "confidence" : 2
  }
},{
  "dateTime" : "03/17/21 17:56:14",
  "value" : {
    "bpm" : 124,
    "confidence" : 2
  }
},{
  "dateTime" : "03/17/21 17:56:17",
  "value" : {
    "bpm" : 123,
    "confidence" : 2
  }
},{
  "dateTime" : "03/17/21 17:56:18",
  "value" : {
    "bpm" : 123,
    "confidence" : 2
  }
},{
  "dateTime" : "03/17/21 17:56:21",
  "value" : {
    "bpm" : 124,
    "confidence" : 2
  }
},{
  "dateTime" : "03/17/21 17:56:22",
  "value" : {
    "bpm" : 125,
    "confidence" : 2
  }
},{
  "dateTime" : "03/17/21 17:56:23",
  "value" : {
    "bpm" : 126,
    "confidence" : 2
  }
},{
  "dateTime" : "03/17/21 17:56:24",
  "value" : {
    "bpm" : 128,
    "confidence" : 2
  }
},{
  "dateTime" : "03/17/21 17:56:25",
  "value" : {
    "bpm" : 127,
    "confidence" : 2
  }
},{
  "dateTime" : "03/17/21 17:56:28",
  "value" : {
    "bpm" : 128,
    "confidence" : 2
  }
},{
  "dateTime" : "03/17/21 17:56:30",
  "value" : {
    "bpm" : 129,
    "confidence" : 2
  }
},{
  "dateTime" : "03/17/21 17:56:32",
  "value" : {
    "bpm" : 130,
    "confidence" : 1
  }
},{
  "dateTime" : "03/17/21 17:56:34",
  "value" : {
    "bpm" : 131,
    "confidence" : 1
  }
},{
  "dateTime" : "03/17/21 17:56:37",
  "value" : {
    "bpm" : 131,
    "confidence" : 1
  }
},{
  "dateTime" : "03/17/21 17:56:38",
  "value" : {
    "bpm" : 132,
    "confidence" : 1
  }
},{
  "dateTime" : "03/17/21 17:56:40",
  "value" : {
    "bpm" : 131,
    "confidence" : 1
  }
},{
  "dateTime" : "03/17/21 17:56:43",
  "value" : {
    "bpm" : 130,
    "confidence" : 1
  }
},{
  "dateTime" : "03/17/21 17:56:45",
  "value" : {
    "bpm" : 129,
    "confidence" : 1
  }
},{
  "dateTime" : "03/17/21 17:56:48",
  "value" : {
    "bpm" : 128,
    "confidence" : 1
  }
},{
  "dateTime" : "03/17/21 17:56:50",
  "value" : {
    "bpm" : 127,
    "confidence" : 1
  }
},{
  "dateTime" : "03/17/21 17:56:51",
  "value" : {
    "bpm" : 126,
    "confidence" : 1
  }
},{
  "dateTime" : "03/17/21 17:56:54",
  "value" : {
    "bpm" : 126,
    "confidence" : 1
  }
},{
  "dateTime" : "03/17/21 17:56:55",
  "value" : {
    "bpm" : 125,
    "confidence" : 1
  }
},{
  "dateTime" : "03/17/21 17:56:57",
  "value" : {
    "bpm" : 121,
    "confidence" : 1
  }
},{
  "dateTime" : "03/17/21 17:56:58",
  "value" : {
    "bpm" : 119,
    "confidence" : 1
  }
},{
  "dateTime" : "03/17/21 17:56:59",
  "value" : {
    "bpm" : 118,
    "confidence" : 1
  }
},{
  "dateTime" : "03/17/21 17:57:01",
  "value" : {
    "bpm" : 119,
    "confidence" : 1
  }
},{
  "dateTime" : "03/17/21 17:57:03",
  "value" : {
    "bpm" : 120,
    "confidence" : 1
  }
},{
  "dateTime" : "03/17/21 17:57:04",
  "value" : {
    "bpm" : 121,
    "confidence" : 1
  }
},{
  "dateTime" : "03/17/21 17:57:05",
  "value" : {
    "bpm" : 122,
    "confidence" : 1
  }
},{
  "dateTime" : "03/17/21 17:57:06",
  "value" : {
    "bpm" : 123,
    "confidence" : 1
  }
},{
  "dateTime" : "03/17/21 17:57:07",
  "value" : {
    "bpm" : 125,
    "confidence" : 1
  }
},{
  "dateTime" : "03/17/21 17:57:08",
  "value" : {
    "bpm" : 126,
    "confidence" : 1
  }
},{
  "dateTime" : "03/17/21 17:57:10",
  "value" : {
    "bpm" : 125,
    "confidence" : 1
  }
},{
  "dateTime" : "03/17/21 17:57:12",
  "value" : {
    "bpm" : 127,
    "confidence" : 1
  }
},{
  "dateTime" : "03/17/21 17:57:13",
  "value" : {
    "bpm" : 128,
    "confidence" : 1
  }
},{
  "dateTime" : "03/17/21 17:57:15",
  "value" : {
    "bpm" : 125,
    "confidence" : 1
  }
},{
  "dateTime" : "03/17/21 17:57:16",
  "value" : {
    "bpm" : 122,
    "confidence" : 1
  }
},{
  "dateTime" : "03/17/21 17:57:19",
  "value" : {
    "bpm" : 123,
    "confidence" : 1
  }
},{
  "dateTime" : "03/17/21 17:57:21",
  "value" : {
    "bpm" : 124,
    "confidence" : 1
  }
},{
  "dateTime" : "03/17/21 17:57:22",
  "value" : {
    "bpm" : 125,
    "confidence" : 1
  }
},{
  "dateTime" : "03/17/21 17:57:23",
  "value" : {
    "bpm" : 126,
    "confidence" : 1
  }
},{
  "dateTime" : "03/17/21 17:57:24",
  "value" : {
    "bpm" : 125,
    "confidence" : 1
  }
},{
  "dateTime" : "03/17/21 17:57:27",
  "value" : {
    "bpm" : 125,
    "confidence" : 1
  }
},{
  "dateTime" : "03/17/21 17:57:30",
  "value" : {
    "bpm" : 124,
    "confidence" : 1
  }
},{
  "dateTime" : "03/17/21 17:57:31",
  "value" : {
    "bpm" : 122,
    "confidence" : 1
  }
},{
  "dateTime" : "03/17/21 17:57:32",
  "value" : {
    "bpm" : 120,
    "confidence" : 1
  }
},{
  "dateTime" : "03/17/21 17:57:33",
  "value" : {
    "bpm" : 118,
    "confidence" : 1
  }
},{
  "dateTime" : "03/17/21 17:57:34",
  "value" : {
    "bpm" : 116,
    "confidence" : 1
  }
},{
  "dateTime" : "03/17/21 17:57:35",
  "value" : {
    "bpm" : 115,
    "confidence" : 1
  }
},{
  "dateTime" : "03/17/21 17:57:37",
  "value" : {
    "bpm" : 116,
    "confidence" : 1
  }
},{
  "dateTime" : "03/17/21 17:57:40",
  "value" : {
    "bpm" : 116,
    "confidence" : 1
  }
},{
  "dateTime" : "03/17/21 17:57:42",
  "value" : {
    "bpm" : 116,
    "confidence" : 2
  }
},{
  "dateTime" : "03/17/21 17:57:44",
  "value" : {
    "bpm" : 115,
    "confidence" : 2
  }
},{
  "dateTime" : "03/17/21 17:57:45",
  "value" : {
    "bpm" : 113,
    "confidence" : 2
  }
},{
  "dateTime" : "03/17/21 17:57:48",
  "value" : {
    "bpm" : 113,
    "confidence" : 2
  }
},{
  "dateTime" : "03/17/21 17:57:50",
  "value" : {
    "bpm" : 114,
    "confidence" : 2
  }
},{
  "dateTime" : "03/17/21 17:57:51",
  "value" : {
    "bpm" : 114,
    "confidence" : 2
  }
},{
  "dateTime" : "03/17/21 17:57:54",
  "value" : {
    "bpm" : 115,
    "confidence" : 2
  }
},{
  "dateTime" : "03/17/21 17:57:55",
  "value" : {
    "bpm" : 114,
    "confidence" : 2
  }
},{
  "dateTime" : "03/17/21 17:57:58",
  "value" : {
    "bpm" : 114,
    "confidence" : 2
  }
},{
  "dateTime" : "03/17/21 17:57:59",
  "value" : {
    "bpm" : 116,
    "confidence" : 2
  }
},{
  "dateTime" : "03/17/21 17:58:00",
  "value" : {
    "bpm" : 118,
    "confidence" : 2
  }
},{
  "dateTime" : "03/17/21 17:58:02",
  "value" : {
    "bpm" : 117,
    "confidence" : 1
  }
},{
  "dateTime" : "03/17/21 17:58:04",
  "value" : {
    "bpm" : 116,
    "confidence" : 1
  }
},{
  "dateTime" : "03/17/21 17:58:07",
  "value" : {
    "bpm" : 116,
    "confidence" : 1
  }
},{
  "dateTime" : "03/17/21 17:58:10",
  "value" : {
    "bpm" : 116,
    "confidence" : 1
  }
},{
  "dateTime" : "03/17/21 17:58:13",
  "value" : {
    "bpm" : 115,
    "confidence" : 1
  }
},{
  "dateTime" : "03/17/21 17:58:16",
  "value" : {
    "bpm" : 115,
    "confidence" : 1
  }
},{
  "dateTime" : "03/17/21 17:58:17",
  "value" : {
    "bpm" : 118,
    "confidence" : 1
  }
},{
  "dateTime" : "03/17/21 17:58:18",
  "value" : {
    "bpm" : 120,
    "confidence" : 1
  }
},{
  "dateTime" : "03/17/21 17:58:19",
  "value" : {
    "bpm" : 121,
    "confidence" : 1
  }
},{
  "dateTime" : "03/17/21 17:58:20",
  "value" : {
    "bpm" : 122,
    "confidence" : 1
  }
},{
  "dateTime" : "03/17/21 17:58:21",
  "value" : {
    "bpm" : 123,
    "confidence" : 1
  }
},{
  "dateTime" : "03/17/21 17:58:23",
  "value" : {
    "bpm" : 124,
    "confidence" : 1
  }
},{
  "dateTime" : "03/17/21 17:58:24",
  "value" : {
    "bpm" : 125,
    "confidence" : 1
  }
},{
  "dateTime" : "03/17/21 17:58:26",
  "value" : {
    "bpm" : 124,
    "confidence" : 1
  }
},{
  "dateTime" : "03/17/21 17:58:27",
  "value" : {
    "bpm" : 125,
    "confidence" : 1
  }
},{
  "dateTime" : "03/17/21 17:58:28",
  "value" : {
    "bpm" : 126,
    "confidence" : 1
  }
},{
  "dateTime" : "03/17/21 17:58:29",
  "value" : {
    "bpm" : 127,
    "confidence" : 1
  }
},{
  "dateTime" : "03/17/21 17:58:30",
  "value" : {
    "bpm" : 128,
    "confidence" : 2
  }
},{
  "dateTime" : "03/17/21 17:58:32",
  "value" : {
    "bpm" : 129,
    "confidence" : 2
  }
},{
  "dateTime" : "03/17/21 17:58:33",
  "value" : {
    "bpm" : 130,
    "confidence" : 2
  }
},{
  "dateTime" : "03/17/21 17:58:34",
  "value" : {
    "bpm" : 131,
    "confidence" : 2
  }
},{
  "dateTime" : "03/17/21 17:58:35",
  "value" : {
    "bpm" : 131,
    "confidence" : 2
  }
},{
  "dateTime" : "03/17/21 17:58:37",
  "value" : {
    "bpm" : 130,
    "confidence" : 2
  }
},{
  "dateTime" : "03/17/21 17:58:38",
  "value" : {
    "bpm" : 129,
    "confidence" : 2
  }
},{
  "dateTime" : "03/17/21 17:58:39",
  "value" : {
    "bpm" : 128,
    "confidence" : 2
  }
},{
  "dateTime" : "03/17/21 17:58:40",
  "value" : {
    "bpm" : 127,
    "confidence" : 2
  }
},{
  "dateTime" : "03/17/21 17:58:43",
  "value" : {
    "bpm" : 127,
    "confidence" : 2
  }
},{
  "dateTime" : "03/17/21 17:58:45",
  "value" : {
    "bpm" : 128,
    "confidence" : 2
  }
},{
  "dateTime" : "03/17/21 17:58:46",
  "value" : {
    "bpm" : 130,
    "confidence" : 2
  }
},{
  "dateTime" : "03/17/21 17:58:47",
  "value" : {
    "bpm" : 131,
    "confidence" : 2
  }
},{
  "dateTime" : "03/17/21 17:58:48",
  "value" : {
    "bpm" : 132,
    "confidence" : 2
  }
},{
  "dateTime" : "03/17/21 17:58:49",
  "value" : {
    "bpm" : 132,
    "confidence" : 1
  }
},{
  "dateTime" : "03/17/21 17:58:50",
  "value" : {
    "bpm" : 131,
    "confidence" : 1
  }
},{
  "dateTime" : "03/17/21 17:58:51",
  "value" : {
    "bpm" : 132,
    "confidence" : 1
  }
},{
  "dateTime" : "03/17/21 17:58:52",
  "value" : {
    "bpm" : 133,
    "confidence" : 1
  }
},{
  "dateTime" : "03/17/21 17:58:54",
  "value" : {
    "bpm" : 134,
    "confidence" : 1
  }
},{
  "dateTime" : "03/17/21 17:58:55",
  "value" : {
    "bpm" : 136,
    "confidence" : 1
  }
},{
  "dateTime" : "03/17/21 17:58:58",
  "value" : {
    "bpm" : 136,
    "confidence" : 1
  }
},{
  "dateTime" : "03/17/21 17:58:59",
  "value" : {
    "bpm" : 135,
    "confidence" : 1
  }
},{
  "dateTime" : "03/17/21 17:59:00",
  "value" : {
    "bpm" : 135,
    "confidence" : 2
  }
},{
  "dateTime" : "03/17/21 17:59:02",
  "value" : {
    "bpm" : 134,
    "confidence" : 2
  }
},{
  "dateTime" : "03/17/21 17:59:05",
  "value" : {
    "bpm" : 134,
    "confidence" : 1
  }
},{
  "dateTime" : "03/17/21 17:59:08",
  "value" : {
    "bpm" : 135,
    "confidence" : 1
  }
},{
  "dateTime" : "03/17/21 17:59:11",
  "value" : {
    "bpm" : 135,
    "confidence" : 1
  }
},{
  "dateTime" : "03/17/21 17:59:14",
  "value" : {
    "bpm" : 135,
    "confidence" : 1
  }
},{
  "dateTime" : "03/17/21 17:59:15",
  "value" : {
    "bpm" : 137,
    "confidence" : 1
  }
},{
  "dateTime" : "03/17/21 17:59:18",
  "value" : {
    "bpm" : 135,
    "confidence" : 1
  }
},{
  "dateTime" : "03/17/21 17:59:19",
  "value" : {
    "bpm" : 132,
    "confidence" : 1
  }
},{
  "dateTime" : "03/17/21 17:59:20",
  "value" : {
    "bpm" : 129,
    "confidence" : 1
  }
},{
  "dateTime" : "03/17/21 17:59:21",
  "value" : {
    "bpm" : 127,
    "confidence" : 1
  }
},{
  "dateTime" : "03/17/21 17:59:22",
  "value" : {
    "bpm" : 125,
    "confidence" : 1
  }
},{
  "dateTime" : "03/17/21 17:59:24",
  "value" : {
    "bpm" : 126,
    "confidence" : 1
  }
},{
  "dateTime" : "03/17/21 17:59:27",
  "value" : {
    "bpm" : 127,
    "confidence" : 1
  }
},{
  "dateTime" : "03/17/21 17:59:29",
  "value" : {
    "bpm" : 126,
    "confidence" : 1
  }
},{
  "dateTime" : "03/17/21 17:59:30",
  "value" : {
    "bpm" : 124,
    "confidence" : 1
  }
},{
  "dateTime" : "03/17/21 17:59:31",
  "value" : {
    "bpm" : 122,
    "confidence" : 1
  }
},{
  "dateTime" : "03/17/21 17:59:32",
  "value" : {
    "bpm" : 120,
    "confidence" : 1
  }
},{
  "dateTime" : "03/17/21 17:59:33",
  "value" : {
    "bpm" : 118,
    "confidence" : 1
  }
},{
  "dateTime" : "03/17/21 17:59:34",
  "value" : {
    "bpm" : 116,
    "confidence" : 1
  }
},{
  "dateTime" : "03/17/21 17:59:35",
  "value" : {
    "bpm" : 115,
    "confidence" : 1
  }
},{
  "dateTime" : "03/17/21 17:59:36",
  "value" : {
    "bpm" : 113,
    "confidence" : 1
  }
},{
  "dateTime" : "03/17/21 17:59:38",
  "value" : {
    "bpm" : 114,
    "confidence" : 1
  }
},{
  "dateTime" : "03/17/21 17:59:39",
  "value" : {
    "bpm" : 116,
    "confidence" : 2
  }
},{
  "dateTime" : "03/17/21 17:59:40",
  "value" : {
    "bpm" : 117,
    "confidence" : 2
  }
},{
  "dateTime" : "03/17/21 17:59:41",
  "value" : {
    "bpm" : 118,
    "confidence" : 2
  }
},{
  "dateTime" : "03/17/21 17:59:42",
  "value" : {
    "bpm" : 119,
    "confidence" : 2
  }
},{
  "dateTime" : "03/17/21 17:59:45",
  "value" : {
    "bpm" : 119,
    "confidence" : 2
  }
},{
  "dateTime" : "03/17/21 17:59:48",
  "value" : {
    "bpm" : 119,
    "confidence" : 2
  }
},{
  "dateTime" : "03/17/21 17:59:50",
  "value" : {
    "bpm" : 119,
    "confidence" : 1
  }
},{
  "dateTime" : "03/17/21 17:59:51",
  "value" : {
    "bpm" : 118,
    "confidence" : 1
  }
},{
  "dateTime" : "03/17/21 17:59:52",
  "value" : {
    "bpm" : 119,
    "confidence" : 1
  }
},{
  "dateTime" : "03/17/21 17:59:54",
  "value" : {
    "bpm" : 120,
    "confidence" : 1
  }
},{
  "dateTime" : "03/17/21 17:59:56",
  "value" : {
    "bpm" : 121,
    "confidence" : 1
  }
},{
  "dateTime" : "03/17/21 17:59:57",
  "value" : {
    "bpm" : 122,
    "confidence" : 1
  }
},{
  "dateTime" : "03/17/21 17:59:58",
  "value" : {
    "bpm" : 123,
    "confidence" : 1
  }
},{
  "dateTime" : "03/17/21 17:59:59",
  "value" : {
    "bpm" : 124,
    "confidence" : 1
  }
},{
  "dateTime" : "03/17/21 18:00:00",
  "value" : {
    "bpm" : 123,
    "confidence" : 1
  }
},{
  "dateTime" : "03/17/21 18:00:03",
  "value" : {
    "bpm" : 123,
    "confidence" : 1
  }
},{
  "dateTime" : "03/17/21 18:00:04",
  "value" : {
    "bpm" : 120,
    "confidence" : 1
  }
},{
  "dateTime" : "03/17/21 18:00:05",
  "value" : {
    "bpm" : 118,
    "confidence" : 1
  }
},{
  "dateTime" : "03/17/21 18:00:06",
  "value" : {
    "bpm" : 117,
    "confidence" : 1
  }
},{
  "dateTime" : "03/17/21 18:00:09",
  "value" : {
    "bpm" : 117,
    "confidence" : 1
  }
},{
  "dateTime" : "03/17/21 18:00:12",
  "value" : {
    "bpm" : 117,
    "confidence" : 1
  }
},{
  "dateTime" : "03/17/21 18:00:15",
  "value" : {
    "bpm" : 117,
    "confidence" : 1
  }
},{
  "dateTime" : "03/17/21 18:00:18",
  "value" : {
    "bpm" : 117,
    "confidence" : 1
  }
},{
  "dateTime" : "03/17/21 18:00:19",
  "value" : {
    "bpm" : 118,
    "confidence" : 1
  }
},{
  "dateTime" : "03/17/21 18:00:20",
  "value" : {
    "bpm" : 119,
    "confidence" : 1
  }
},{
  "dateTime" : "03/17/21 18:00:21",
  "value" : {
    "bpm" : 121,
    "confidence" : 1
  }
},{
  "dateTime" : "03/17/21 18:00:22",
  "value" : {
    "bpm" : 122,
    "confidence" : 1
  }
},{
  "dateTime" : "03/17/21 18:00:23",
  "value" : {
    "bpm" : 123,
    "confidence" : 1
  }
},{
  "dateTime" : "03/17/21 18:00:26",
  "value" : {
    "bpm" : 123,
    "confidence" : 1
  }
},{
  "dateTime" : "03/17/21 18:00:29",
  "value" : {
    "bpm" : 122,
    "confidence" : 1
  }
},{
  "dateTime" : "03/17/21 18:00:32",
  "value" : {
    "bpm" : 122,
    "confidence" : 1
  }
},{
  "dateTime" : "03/17/21 18:00:33",
  "value" : {
    "bpm" : 121,
    "confidence" : 1
  }
},{
  "dateTime" : "03/17/21 18:00:35",
  "value" : {
    "bpm" : 123,
    "confidence" : 1
  }
},{
  "dateTime" : "03/17/21 18:00:36",
  "value" : {
    "bpm" : 122,
    "confidence" : 1
  }
},{
  "dateTime" : "03/17/21 18:00:37",
  "value" : {
    "bpm" : 121,
    "confidence" : 1
  }
},{
  "dateTime" : "03/17/21 18:00:38",
  "value" : {
    "bpm" : 120,
    "confidence" : 1
  }
},{
  "dateTime" : "03/17/21 18:00:39",
  "value" : {
    "bpm" : 119,
    "confidence" : 1
  }
},{
  "dateTime" : "03/17/21 18:00:41",
  "value" : {
    "bpm" : 118,
    "confidence" : 1
  }
},{
  "dateTime" : "03/17/21 18:00:44",
  "value" : {
    "bpm" : 118,
    "confidence" : 1
  }
},{
  "dateTime" : "03/17/21 18:00:45",
  "value" : {
    "bpm" : 119,
    "confidence" : 1
  }
},{
  "dateTime" : "03/17/21 18:00:46",
  "value" : {
    "bpm" : 120,
    "confidence" : 1
  }
},{
  "dateTime" : "03/17/21 18:00:47",
  "value" : {
    "bpm" : 119,
    "confidence" : 1
  }
},{
  "dateTime" : "03/17/21 18:00:50",
  "value" : {
    "bpm" : 119,
    "confidence" : 1
  }
},{
  "dateTime" : "03/17/21 18:00:52",
  "value" : {
    "bpm" : 120,
    "confidence" : 1
  }
},{
  "dateTime" : "03/17/21 18:00:53",
  "value" : {
    "bpm" : 121,
    "confidence" : 1
  }
},{
  "dateTime" : "03/17/21 18:00:54",
  "value" : {
    "bpm" : 122,
    "confidence" : 1
  }
},{
  "dateTime" : "03/17/21 18:00:55",
  "value" : {
    "bpm" : 123,
    "confidence" : 1
  }
},{
  "dateTime" : "03/17/21 18:00:57",
  "value" : {
    "bpm" : 122,
    "confidence" : 1
  }
},{
  "dateTime" : "03/17/21 18:00:58",
  "value" : {
    "bpm" : 123,
    "confidence" : 1
  }
},{
  "dateTime" : "03/17/21 18:01:00",
  "value" : {
    "bpm" : 125,
    "confidence" : 1
  }
},{
  "dateTime" : "03/17/21 18:01:01",
  "value" : {
    "bpm" : 126,
    "confidence" : 1
  }
},{
  "dateTime" : "03/17/21 18:01:02",
  "value" : {
    "bpm" : 127,
    "confidence" : 1
  }
},{
  "dateTime" : "03/17/21 18:01:03",
  "value" : {
    "bpm" : 129,
    "confidence" : 1
  }
},{
  "dateTime" : "03/17/21 18:01:04",
  "value" : {
    "bpm" : 128,
    "confidence" : 1
  }
},{
  "dateTime" : "03/17/21 18:01:05",
  "value" : {
    "bpm" : 127,
    "confidence" : 1
  }
},{
  "dateTime" : "03/17/21 18:01:06",
  "value" : {
    "bpm" : 128,
    "confidence" : 1
  }
},{
  "dateTime" : "03/17/21 18:01:08",
  "value" : {
    "bpm" : 130,
    "confidence" : 1
  }
},{
  "dateTime" : "03/17/21 18:01:13",
  "value" : {
    "bpm" : 128,
    "confidence" : 1
  }
},{
  "dateTime" : "03/17/21 18:01:18",
  "value" : {
    "bpm" : 127,
    "confidence" : 1
  }
},{
  "dateTime" : "03/17/21 18:01:23",
  "value" : {
    "bpm" : 122,
    "confidence" : 1
  }
},{
  "dateTime" : "03/17/21 18:01:28",
  "value" : {
    "bpm" : 116,
    "confidence" : 1
  }
},{
  "dateTime" : "03/17/21 18:01:33",
  "value" : {
    "bpm" : 107,
    "confidence" : 1
  }
},{
  "dateTime" : "03/17/21 18:01:38",
  "value" : {
    "bpm" : 107,
    "confidence" : 2
  }
},{
  "dateTime" : "03/17/21 18:01:43",
  "value" : {
    "bpm" : 106,
    "confidence" : 2
  }
},{
  "dateTime" : "03/17/21 18:01:48",
  "value" : {
    "bpm" : 102,
    "confidence" : 2
  }
},{
  "dateTime" : "03/17/21 18:01:53",
  "value" : {
    "bpm" : 97,
    "confidence" : 2
  }
},{
  "dateTime" : "03/17/21 18:01:58",
  "value" : {
    "bpm" : 98,
    "confidence" : 1
  }
},{
  "dateTime" : "03/17/21 18:02:03",
  "value" : {
    "bpm" : 96,
    "confidence" : 1
  }
},{
  "dateTime" : "03/17/21 18:02:08",
  "value" : {
    "bpm" : 96,
    "confidence" : 2
  }
},{
  "dateTime" : "03/17/21 18:02:13",
  "value" : {
    "bpm" : 98,
    "confidence" : 2
  }
},{
  "dateTime" : "03/17/21 18:02:18",
  "value" : {
    "bpm" : 95,
    "confidence" : 1
  }
},{
  "dateTime" : "03/17/21 18:02:23",
  "value" : {
    "bpm" : 94,
    "confidence" : 1
  }
},{
  "dateTime" : "03/17/21 18:02:38",
  "value" : {
    "bpm" : 94,
    "confidence" : 1
  }
},{
  "dateTime" : "03/17/21 18:02:51",
  "value" : {
    "bpm" : 99,
    "confidence" : 1
  }
},{
  "dateTime" : "03/17/21 18:02:56",
  "value" : {
    "bpm" : 100,
    "confidence" : 1
  }
},{
  "dateTime" : "03/17/21 18:03:11",
  "value" : {
    "bpm" : 100,
    "confidence" : 1
  }
},{
  "dateTime" : "03/17/21 18:03:16",
  "value" : {
    "bpm" : 104,
    "confidence" : 1
  }
},{
  "dateTime" : "03/17/21 18:03:31",
  "value" : {
    "bpm" : 104,
    "confidence" : 1
  }
},{
  "dateTime" : "03/17/21 18:03:41",
  "value" : {
    "bpm" : 102,
    "confidence" : 0
  }
},{
  "dateTime" : "03/17/21 18:03:46",
  "value" : {
    "bpm" : 101,
    "confidence" : 1
  }
},{
  "dateTime" : "03/17/21 18:04:01",
  "value" : {
    "bpm" : 101,
    "confidence" : 1
  }
},{
  "dateTime" : "03/17/21 18:04:06",
  "value" : {
    "bpm" : 101,
    "confidence" : 0
  }
},{
  "dateTime" : "03/17/21 18:04:11",
  "value" : {
    "bpm" : 101,
    "confidence" : 1
  }
},{
  "dateTime" : "03/17/21 18:04:16",
  "value" : {
    "bpm" : 100,
    "confidence" : 0
  }
},{
  "dateTime" : "03/17/21 18:04:31",
  "value" : {
    "bpm" : 100,
    "confidence" : 0
  }
},{
  "dateTime" : "03/17/21 18:04:46",
  "value" : {
    "bpm" : 100,
    "confidence" : 0
  }
},{
  "dateTime" : "03/17/21 18:05:01",
  "value" : {
    "bpm" : 100,
    "confidence" : 0
  }
},{
  "dateTime" : "03/17/21 18:05:16",
  "value" : {
    "bpm" : 100,
    "confidence" : 0
  }
},{
  "dateTime" : "03/17/21 18:05:21",
  "value" : {
    "bpm" : 102,
    "confidence" : 0
  }
},{
  "dateTime" : "03/17/21 18:05:26",
  "value" : {
    "bpm" : 106,
    "confidence" : 0
  }
},{
  "dateTime" : "03/17/21 18:05:31",
  "value" : {
    "bpm" : 107,
    "confidence" : 0
  }
},{
  "dateTime" : "03/17/21 18:05:36",
  "value" : {
    "bpm" : 107,
    "confidence" : 1
  }
},{
  "dateTime" : "03/17/21 18:05:41",
  "value" : {
    "bpm" : 108,
    "confidence" : 1
  }
},{
  "dateTime" : "03/17/21 18:05:46",
  "value" : {
    "bpm" : 109,
    "confidence" : 1
  }
},{
  "dateTime" : "03/17/21 18:05:56",
  "value" : {
    "bpm" : 108,
    "confidence" : 1
  }
},{
  "dateTime" : "03/17/21 19:00:16",
  "value" : {
    "bpm" : 70,
    "confidence" : 0
  }
},{
  "dateTime" : "03/17/21 19:54:52",
  "value" : {
    "bpm" : 70,
    "confidence" : 0
  }
}]