[{
  "dateTime" : "12/28/20 14:27:14",
  "value" : {
    "bpm" : 70,
    "confidence" : 0
  }
},{
  "dateTime" : "12/28/20 14:27:29",
  "value" : {
    "bpm" : 70,
    "confidence" : 0
  }
},{
  "dateTime" : "12/28/20 14:27:34",
  "value" : {
    "bpm" : 74,
    "confidence" : 0
  }
},{
  "dateTime" : "12/28/20 14:27:39",
  "value" : {
    "bpm" : 88,
    "confidence" : 0
  }
},{
  "dateTime" : "12/28/20 14:27:44",
  "value" : {
    "bpm" : 88,
    "confidence" : 1
  }
},{
  "dateTime" : "12/28/20 14:27:49",
  "value" : {
    "bpm" : 91,
    "confidence" : 1
  }
},{
  "dateTime" : "12/28/20 14:27:54",
  "value" : {
    "bpm" : 90,
    "confidence" : 1
  }
},{
  "dateTime" : "12/28/20 14:27:59",
  "value" : {
    "bpm" : 89,
    "confidence" : 1
  }
},{
  "dateTime" : "12/28/20 14:28:09",
  "value" : {
    "bpm" : 89,
    "confidence" : 2
  }
},{
  "dateTime" : "12/28/20 14:28:19",
  "value" : {
    "bpm" : 90,
    "confidence" : 2
  }
},{
  "dateTime" : "12/28/20 14:28:24",
  "value" : {
    "bpm" : 90,
    "confidence" : 1
  }
},{
  "dateTime" : "12/28/20 14:28:29",
  "value" : {
    "bpm" : 91,
    "confidence" : 1
  }
},{
  "dateTime" : "12/28/20 14:28:34",
  "value" : {
    "bpm" : 92,
    "confidence" : 1
  }
},{
  "dateTime" : "12/28/20 14:28:39",
  "value" : {
    "bpm" : 91,
    "confidence" : 1
  }
},{
  "dateTime" : "12/28/20 14:28:44",
  "value" : {
    "bpm" : 90,
    "confidence" : 2
  }
},{
  "dateTime" : "12/28/20 14:28:49",
  "value" : {
    "bpm" : 91,
    "confidence" : 2
  }
},{
  "dateTime" : "12/28/20 14:28:59",
  "value" : {
    "bpm" : 92,
    "confidence" : 2
  }
},{
  "dateTime" : "12/28/20 14:29:14",
  "value" : {
    "bpm" : 92,
    "confidence" : 2
  }
},{
  "dateTime" : "12/28/20 14:29:24",
  "value" : {
    "bpm" : 95,
    "confidence" : 2
  }
},{
  "dateTime" : "12/28/20 14:29:29",
  "value" : {
    "bpm" : 102,
    "confidence" : 2
  }
},{
  "dateTime" : "12/28/20 14:29:34",
  "value" : {
    "bpm" : 105,
    "confidence" : 2
  }
},{
  "dateTime" : "12/28/20 14:29:39",
  "value" : {
    "bpm" : 104,
    "confidence" : 2
  }
},{
  "dateTime" : "12/28/20 14:29:44",
  "value" : {
    "bpm" : 103,
    "confidence" : 1
  }
},{
  "dateTime" : "12/28/20 14:29:49",
  "value" : {
    "bpm" : 101,
    "confidence" : 2
  }
},{
  "dateTime" : "12/28/20 14:29:54",
  "value" : {
    "bpm" : 96,
    "confidence" : 2
  }
},{
  "dateTime" : "12/28/20 14:29:59",
  "value" : {
    "bpm" : 93,
    "confidence" : 2
  }
},{
  "dateTime" : "12/28/20 14:30:04",
  "value" : {
    "bpm" : 89,
    "confidence" : 2
  }
},{
  "dateTime" : "12/28/20 14:30:19",
  "value" : {
    "bpm" : 88,
    "confidence" : 1
  }
},{
  "dateTime" : "12/28/20 14:30:29",
  "value" : {
    "bpm" : 87,
    "confidence" : 1
  }
},{
  "dateTime" : "12/28/20 14:30:34",
  "value" : {
    "bpm" : 86,
    "confidence" : 1
  }
},{
  "dateTime" : "12/28/20 14:30:39",
  "value" : {
    "bpm" : 85,
    "confidence" : 1
  }
},{
  "dateTime" : "12/28/20 14:30:44",
  "value" : {
    "bpm" : 87,
    "confidence" : 1
  }
},{
  "dateTime" : "12/28/20 14:30:49",
  "value" : {
    "bpm" : 88,
    "confidence" : 2
  }
},{
  "dateTime" : "12/28/20 14:30:59",
  "value" : {
    "bpm" : 89,
    "confidence" : 2
  }
},{
  "dateTime" : "12/28/20 14:31:04",
  "value" : {
    "bpm" : 91,
    "confidence" : 2
  }
},{
  "dateTime" : "12/28/20 14:31:09",
  "value" : {
    "bpm" : 92,
    "confidence" : 2
  }
},{
  "dateTime" : "12/28/20 14:31:24",
  "value" : {
    "bpm" : 92,
    "confidence" : 2
  }
},{
  "dateTime" : "12/28/20 14:31:39",
  "value" : {
    "bpm" : 92,
    "confidence" : 2
  }
},{
  "dateTime" : "12/28/20 14:31:54",
  "value" : {
    "bpm" : 94,
    "confidence" : 1
  }
},{
  "dateTime" : "12/28/20 14:31:59",
  "value" : {
    "bpm" : 99,
    "confidence" : 2
  }
},{
  "dateTime" : "12/28/20 14:32:04",
  "value" : {
    "bpm" : 102,
    "confidence" : 1
  }
},{
  "dateTime" : "12/28/20 14:32:09",
  "value" : {
    "bpm" : 101,
    "confidence" : 1
  }
},{
  "dateTime" : "12/28/20 14:32:14",
  "value" : {
    "bpm" : 97,
    "confidence" : 1
  }
},{
  "dateTime" : "12/28/20 14:32:19",
  "value" : {
    "bpm" : 98,
    "confidence" : 2
  }
},{
  "dateTime" : "12/28/20 14:32:24",
  "value" : {
    "bpm" : 99,
    "confidence" : 2
  }
},{
  "dateTime" : "12/28/20 14:32:29",
  "value" : {
    "bpm" : 102,
    "confidence" : 1
  }
},{
  "dateTime" : "12/28/20 14:32:34",
  "value" : {
    "bpm" : 103,
    "confidence" : 1
  }
},{
  "dateTime" : "12/28/20 14:32:44",
  "value" : {
    "bpm" : 105,
    "confidence" : 1
  }
},{
  "dateTime" : "12/28/20 14:32:49",
  "value" : {
    "bpm" : 108,
    "confidence" : 1
  }
},{
  "dateTime" : "12/28/20 14:32:54",
  "value" : {
    "bpm" : 109,
    "confidence" : 1
  }
},{
  "dateTime" : "12/28/20 14:32:59",
  "value" : {
    "bpm" : 108,
    "confidence" : 1
  }
},{
  "dateTime" : "12/28/20 14:33:04",
  "value" : {
    "bpm" : 106,
    "confidence" : 1
  }
},{
  "dateTime" : "12/28/20 14:33:09",
  "value" : {
    "bpm" : 104,
    "confidence" : 2
  }
},{
  "dateTime" : "12/28/20 14:33:14",
  "value" : {
    "bpm" : 105,
    "confidence" : 2
  }
},{
  "dateTime" : "12/28/20 14:33:19",
  "value" : {
    "bpm" : 101,
    "confidence" : 2
  }
},{
  "dateTime" : "12/28/20 14:33:24",
  "value" : {
    "bpm" : 98,
    "confidence" : 1
  }
},{
  "dateTime" : "12/28/20 14:33:29",
  "value" : {
    "bpm" : 101,
    "confidence" : 1
  }
},{
  "dateTime" : "12/28/20 14:33:34",
  "value" : {
    "bpm" : 105,
    "confidence" : 1
  }
},{
  "dateTime" : "12/28/20 14:33:39",
  "value" : {
    "bpm" : 109,
    "confidence" : 1
  }
},{
  "dateTime" : "12/28/20 14:33:44",
  "value" : {
    "bpm" : 110,
    "confidence" : 2
  }
},{
  "dateTime" : "12/28/20 14:33:49",
  "value" : {
    "bpm" : 109,
    "confidence" : 2
  }
},{
  "dateTime" : "12/28/20 14:33:54",
  "value" : {
    "bpm" : 105,
    "confidence" : 2
  }
},{
  "dateTime" : "12/28/20 14:33:59",
  "value" : {
    "bpm" : 101,
    "confidence" : 2
  }
},{
  "dateTime" : "12/28/20 14:34:04",
  "value" : {
    "bpm" : 105,
    "confidence" : 2
  }
},{
  "dateTime" : "12/28/20 14:34:09",
  "value" : {
    "bpm" : 107,
    "confidence" : 1
  }
},{
  "dateTime" : "12/28/20 14:34:14",
  "value" : {
    "bpm" : 111,
    "confidence" : 1
  }
},{
  "dateTime" : "12/28/20 14:34:19",
  "value" : {
    "bpm" : 113,
    "confidence" : 1
  }
},{
  "dateTime" : "12/28/20 14:34:24",
  "value" : {
    "bpm" : 115,
    "confidence" : 1
  }
},{
  "dateTime" : "12/28/20 14:34:29",
  "value" : {
    "bpm" : 117,
    "confidence" : 1
  }
},{
  "dateTime" : "12/28/20 14:34:39",
  "value" : {
    "bpm" : 119,
    "confidence" : 1
  }
},{
  "dateTime" : "12/28/20 14:34:49",
  "value" : {
    "bpm" : 118,
    "confidence" : 1
  }
},{
  "dateTime" : "12/28/20 14:34:54",
  "value" : {
    "bpm" : 115,
    "confidence" : 1
  }
},{
  "dateTime" : "12/28/20 14:34:59",
  "value" : {
    "bpm" : 114,
    "confidence" : 1
  }
},{
  "dateTime" : "12/28/20 14:35:04",
  "value" : {
    "bpm" : 115,
    "confidence" : 1
  }
},{
  "dateTime" : "12/28/20 14:35:09",
  "value" : {
    "bpm" : 117,
    "confidence" : 1
  }
},{
  "dateTime" : "12/28/20 14:35:19",
  "value" : {
    "bpm" : 118,
    "confidence" : 1
  }
},{
  "dateTime" : "12/28/20 14:35:34",
  "value" : {
    "bpm" : 118,
    "confidence" : 1
  }
},{
  "dateTime" : "12/28/20 14:35:44",
  "value" : {
    "bpm" : 119,
    "confidence" : 1
  }
},{
  "dateTime" : "12/28/20 14:35:49",
  "value" : {
    "bpm" : 122,
    "confidence" : 1
  }
},{
  "dateTime" : "12/28/20 14:35:54",
  "value" : {
    "bpm" : 125,
    "confidence" : 1
  }
},{
  "dateTime" : "12/28/20 14:35:59",
  "value" : {
    "bpm" : 125,
    "confidence" : 1
  }
},{
  "dateTime" : "12/28/20 14:36:04",
  "value" : {
    "bpm" : 128,
    "confidence" : 1
  }
},{
  "dateTime" : "12/28/20 14:36:09",
  "value" : {
    "bpm" : 131,
    "confidence" : 1
  }
},{
  "dateTime" : "12/28/20 14:36:14",
  "value" : {
    "bpm" : 132,
    "confidence" : 1
  }
},{
  "dateTime" : "12/28/20 14:36:19",
  "value" : {
    "bpm" : 131,
    "confidence" : 1
  }
},{
  "dateTime" : "12/28/20 14:36:24",
  "value" : {
    "bpm" : 134,
    "confidence" : 1
  }
},{
  "dateTime" : "12/28/20 14:36:29",
  "value" : {
    "bpm" : 135,
    "confidence" : 1
  }
},{
  "dateTime" : "12/28/20 14:36:34",
  "value" : {
    "bpm" : 134,
    "confidence" : 1
  }
},{
  "dateTime" : "12/28/20 14:36:39",
  "value" : {
    "bpm" : 137,
    "confidence" : 1
  }
},{
  "dateTime" : "12/28/20 14:36:44",
  "value" : {
    "bpm" : 140,
    "confidence" : 1
  }
},{
  "dateTime" : "12/28/20 14:36:49",
  "value" : {
    "bpm" : 138,
    "confidence" : 1
  }
},{
  "dateTime" : "12/28/20 14:36:54",
  "value" : {
    "bpm" : 137,
    "confidence" : 0
  }
},{
  "dateTime" : "12/28/20 14:37:04",
  "value" : {
    "bpm" : 133,
    "confidence" : 1
  }
},{
  "dateTime" : "12/28/20 14:37:14",
  "value" : {
    "bpm" : 134,
    "confidence" : 1
  }
},{
  "dateTime" : "12/28/20 14:37:19",
  "value" : {
    "bpm" : 131,
    "confidence" : 1
  }
},{
  "dateTime" : "12/28/20 14:37:29",
  "value" : {
    "bpm" : 134,
    "confidence" : 1
  }
},{
  "dateTime" : "12/28/20 14:37:34",
  "value" : {
    "bpm" : 132,
    "confidence" : 1
  }
},{
  "dateTime" : "12/28/20 14:37:39",
  "value" : {
    "bpm" : 135,
    "confidence" : 1
  }
},{
  "dateTime" : "12/28/20 14:37:44",
  "value" : {
    "bpm" : 139,
    "confidence" : 1
  }
},{
  "dateTime" : "12/28/20 14:37:49",
  "value" : {
    "bpm" : 140,
    "confidence" : 1
  }
},{
  "dateTime" : "12/28/20 14:37:59",
  "value" : {
    "bpm" : 142,
    "confidence" : 1
  }
},{
  "dateTime" : "12/28/20 14:38:04",
  "value" : {
    "bpm" : 145,
    "confidence" : 1
  }
},{
  "dateTime" : "12/28/20 14:38:09",
  "value" : {
    "bpm" : 148,
    "confidence" : 0
  }
},{
  "dateTime" : "12/28/20 14:38:14",
  "value" : {
    "bpm" : 151,
    "confidence" : 0
  }
},{
  "dateTime" : "12/28/20 14:38:24",
  "value" : {
    "bpm" : 150,
    "confidence" : 0
  }
},{
  "dateTime" : "12/28/20 14:38:29",
  "value" : {
    "bpm" : 149,
    "confidence" : 0
  }
},{
  "dateTime" : "12/28/20 14:38:34",
  "value" : {
    "bpm" : 150,
    "confidence" : 1
  }
},{
  "dateTime" : "12/28/20 14:38:39",
  "value" : {
    "bpm" : 151,
    "confidence" : 1
  }
},{
  "dateTime" : "12/28/20 14:38:44",
  "value" : {
    "bpm" : 154,
    "confidence" : 1
  }
},{
  "dateTime" : "12/28/20 14:38:49",
  "value" : {
    "bpm" : 156,
    "confidence" : 1
  }
},{
  "dateTime" : "12/28/20 14:38:54",
  "value" : {
    "bpm" : 156,
    "confidence" : 2
  }
},{
  "dateTime" : "12/28/20 14:39:09",
  "value" : {
    "bpm" : 156,
    "confidence" : 2
  }
},{
  "dateTime" : "12/28/20 14:39:14",
  "value" : {
    "bpm" : 155,
    "confidence" : 1
  }
},{
  "dateTime" : "12/28/20 14:39:19",
  "value" : {
    "bpm" : 149,
    "confidence" : 1
  }
},{
  "dateTime" : "12/28/20 14:39:24",
  "value" : {
    "bpm" : 148,
    "confidence" : 1
  }
},{
  "dateTime" : "12/28/20 14:39:29",
  "value" : {
    "bpm" : 146,
    "confidence" : 1
  }
},{
  "dateTime" : "12/28/20 14:39:34",
  "value" : {
    "bpm" : 148,
    "confidence" : 1
  }
},{
  "dateTime" : "12/28/20 14:39:39",
  "value" : {
    "bpm" : 150,
    "confidence" : 1
  }
},{
  "dateTime" : "12/28/20 14:39:44",
  "value" : {
    "bpm" : 154,
    "confidence" : 1
  }
},{
  "dateTime" : "12/28/20 14:39:49",
  "value" : {
    "bpm" : 157,
    "confidence" : 1
  }
},{
  "dateTime" : "12/28/20 14:39:54",
  "value" : {
    "bpm" : 159,
    "confidence" : 1
  }
},{
  "dateTime" : "12/28/20 14:39:59",
  "value" : {
    "bpm" : 160,
    "confidence" : 1
  }
},{
  "dateTime" : "12/28/20 14:40:14",
  "value" : {
    "bpm" : 159,
    "confidence" : 0
  }
},{
  "dateTime" : "12/28/20 14:40:19",
  "value" : {
    "bpm" : 153,
    "confidence" : 0
  }
},{
  "dateTime" : "12/28/20 14:40:24",
  "value" : {
    "bpm" : 149,
    "confidence" : 0
  }
},{
  "dateTime" : "12/28/20 14:40:29",
  "value" : {
    "bpm" : 146,
    "confidence" : 1
  }
},{
  "dateTime" : "12/28/20 14:40:34",
  "value" : {
    "bpm" : 141,
    "confidence" : 0
  }
},{
  "dateTime" : "12/28/20 14:40:39",
  "value" : {
    "bpm" : 138,
    "confidence" : 0
  }
},{
  "dateTime" : "12/28/20 14:40:44",
  "value" : {
    "bpm" : 135,
    "confidence" : 0
  }
},{
  "dateTime" : "12/28/20 14:40:49",
  "value" : {
    "bpm" : 132,
    "confidence" : 1
  }
},{
  "dateTime" : "12/28/20 14:40:54",
  "value" : {
    "bpm" : 129,
    "confidence" : 1
  }
},{
  "dateTime" : "12/28/20 14:40:59",
  "value" : {
    "bpm" : 127,
    "confidence" : 2
  }
},{
  "dateTime" : "12/28/20 14:41:04",
  "value" : {
    "bpm" : 125,
    "confidence" : 2
  }
},{
  "dateTime" : "12/28/20 14:41:09",
  "value" : {
    "bpm" : 122,
    "confidence" : 2
  }
},{
  "dateTime" : "12/28/20 14:41:14",
  "value" : {
    "bpm" : 119,
    "confidence" : 2
  }
},{
  "dateTime" : "12/28/20 14:41:24",
  "value" : {
    "bpm" : 120,
    "confidence" : 2
  }
},{
  "dateTime" : "12/28/20 14:41:39",
  "value" : {
    "bpm" : 121,
    "confidence" : 2
  }
},{
  "dateTime" : "12/28/20 14:41:54",
  "value" : {
    "bpm" : 121,
    "confidence" : 2
  }
},{
  "dateTime" : "12/28/20 14:41:59",
  "value" : {
    "bpm" : 122,
    "confidence" : 2
  }
},{
  "dateTime" : "12/28/20 14:42:09",
  "value" : {
    "bpm" : 120,
    "confidence" : 2
  }
},{
  "dateTime" : "12/28/20 14:42:19",
  "value" : {
    "bpm" : 121,
    "confidence" : 2
  }
},{
  "dateTime" : "12/28/20 14:42:24",
  "value" : {
    "bpm" : 120,
    "confidence" : 1
  }
},{
  "dateTime" : "12/28/20 14:42:29",
  "value" : {
    "bpm" : 123,
    "confidence" : 1
  }
},{
  "dateTime" : "12/28/20 14:42:39",
  "value" : {
    "bpm" : 124,
    "confidence" : 1
  }
},{
  "dateTime" : "12/28/20 14:42:49",
  "value" : {
    "bpm" : 123,
    "confidence" : 1
  }
},{
  "dateTime" : "12/28/20 14:43:04",
  "value" : {
    "bpm" : 123,
    "confidence" : 1
  }
},{
  "dateTime" : "12/28/20 14:43:19",
  "value" : {
    "bpm" : 125,
    "confidence" : 2
  }
},{
  "dateTime" : "12/28/20 14:43:24",
  "value" : {
    "bpm" : 126,
    "confidence" : 1
  }
},{
  "dateTime" : "12/28/20 14:43:39",
  "value" : {
    "bpm" : 126,
    "confidence" : 1
  }
},{
  "dateTime" : "12/28/20 14:43:44",
  "value" : {
    "bpm" : 124,
    "confidence" : 1
  }
},{
  "dateTime" : "12/28/20 14:43:49",
  "value" : {
    "bpm" : 123,
    "confidence" : 1
  }
},{
  "dateTime" : "12/28/20 14:43:54",
  "value" : {
    "bpm" : 122,
    "confidence" : 1
  }
},{
  "dateTime" : "12/28/20 14:43:59",
  "value" : {
    "bpm" : 120,
    "confidence" : 1
  }
},{
  "dateTime" : "12/28/20 14:44:04",
  "value" : {
    "bpm" : 114,
    "confidence" : 1
  }
},{
  "dateTime" : "12/28/20 14:44:09",
  "value" : {
    "bpm" : 110,
    "confidence" : 1
  }
},{
  "dateTime" : "12/28/20 14:44:14",
  "value" : {
    "bpm" : 113,
    "confidence" : 1
  }
},{
  "dateTime" : "12/28/20 14:44:29",
  "value" : {
    "bpm" : 113,
    "confidence" : 1
  }
},{
  "dateTime" : "12/28/20 14:44:39",
  "value" : {
    "bpm" : 114,
    "confidence" : 1
  }
},{
  "dateTime" : "12/28/20 14:44:54",
  "value" : {
    "bpm" : 114,
    "confidence" : 1
  }
},{
  "dateTime" : "12/28/20 14:44:55",
  "value" : {
    "bpm" : 114,
    "confidence" : 1
  }
},{
  "dateTime" : "12/28/20 14:45:00",
  "value" : {
    "bpm" : 115,
    "confidence" : 1
  }
},{
  "dateTime" : "12/28/20 14:45:05",
  "value" : {
    "bpm" : 120,
    "confidence" : 1
  }
},{
  "dateTime" : "12/28/20 14:45:10",
  "value" : {
    "bpm" : 122,
    "confidence" : 1
  }
},{
  "dateTime" : "12/28/20 14:45:15",
  "value" : {
    "bpm" : 123,
    "confidence" : 1
  }
},{
  "dateTime" : "12/28/20 14:45:20",
  "value" : {
    "bpm" : 118,
    "confidence" : 1
  }
},{
  "dateTime" : "12/28/20 14:45:25",
  "value" : {
    "bpm" : 113,
    "confidence" : 1
  }
},{
  "dateTime" : "12/28/20 14:45:30",
  "value" : {
    "bpm" : 109,
    "confidence" : 1
  }
},{
  "dateTime" : "12/28/20 14:45:40",
  "value" : {
    "bpm" : 108,
    "confidence" : 1
  }
},{
  "dateTime" : "12/28/20 14:45:55",
  "value" : {
    "bpm" : 109,
    "confidence" : 1
  }
},{
  "dateTime" : "12/28/20 14:46:00",
  "value" : {
    "bpm" : 110,
    "confidence" : 1
  }
},{
  "dateTime" : "12/28/20 14:46:05",
  "value" : {
    "bpm" : 113,
    "confidence" : 1
  }
},{
  "dateTime" : "12/28/20 14:46:10",
  "value" : {
    "bpm" : 114,
    "confidence" : 1
  }
},{
  "dateTime" : "12/28/20 14:46:15",
  "value" : {
    "bpm" : 115,
    "confidence" : 1
  }
},{
  "dateTime" : "12/28/20 14:46:20",
  "value" : {
    "bpm" : 116,
    "confidence" : 1
  }
},{
  "dateTime" : "12/28/20 14:46:35",
  "value" : {
    "bpm" : 113,
    "confidence" : 1
  }
},{
  "dateTime" : "12/28/20 14:46:40",
  "value" : {
    "bpm" : 108,
    "confidence" : 1
  }
},{
  "dateTime" : "12/28/20 14:46:45",
  "value" : {
    "bpm" : 105,
    "confidence" : 1
  }
},{
  "dateTime" : "12/28/20 14:46:50",
  "value" : {
    "bpm" : 103,
    "confidence" : 1
  }
},{
  "dateTime" : "12/28/20 14:46:55",
  "value" : {
    "bpm" : 102,
    "confidence" : 2
  }
},{
  "dateTime" : "12/28/20 14:47:00",
  "value" : {
    "bpm" : 101,
    "confidence" : 2
  }
},{
  "dateTime" : "12/28/20 14:47:05",
  "value" : {
    "bpm" : 100,
    "confidence" : 1
  }
},{
  "dateTime" : "12/28/20 14:47:10",
  "value" : {
    "bpm" : 99,
    "confidence" : 1
  }
},{
  "dateTime" : "12/28/20 14:47:15",
  "value" : {
    "bpm" : 105,
    "confidence" : 1
  }
},{
  "dateTime" : "12/28/20 14:47:20",
  "value" : {
    "bpm" : 106,
    "confidence" : 1
  }
},{
  "dateTime" : "12/28/20 14:47:35",
  "value" : {
    "bpm" : 106,
    "confidence" : 1
  }
},{
  "dateTime" : "12/28/20 14:47:40",
  "value" : {
    "bpm" : 105,
    "confidence" : 1
  }
},{
  "dateTime" : "12/28/20 14:47:45",
  "value" : {
    "bpm" : 105,
    "confidence" : 1
  }
},{
  "dateTime" : "12/28/20 14:47:50",
  "value" : {
    "bpm" : 107,
    "confidence" : 1
  }
},{
  "dateTime" : "12/28/20 14:47:55",
  "value" : {
    "bpm" : 105,
    "confidence" : 1
  }
},{
  "dateTime" : "12/28/20 14:48:00",
  "value" : {
    "bpm" : 103,
    "confidence" : 1
  }
},{
  "dateTime" : "12/28/20 14:48:05",
  "value" : {
    "bpm" : 103,
    "confidence" : 2
  }
},{
  "dateTime" : "12/28/20 14:48:10",
  "value" : {
    "bpm" : 104,
    "confidence" : 1
  }
},{
  "dateTime" : "12/28/20 14:48:15",
  "value" : {
    "bpm" : 106,
    "confidence" : 1
  }
},{
  "dateTime" : "12/28/20 14:48:20",
  "value" : {
    "bpm" : 105,
    "confidence" : 1
  }
},{
  "dateTime" : "12/28/20 14:48:25",
  "value" : {
    "bpm" : 103,
    "confidence" : 1
  }
},{
  "dateTime" : "12/28/20 14:48:30",
  "value" : {
    "bpm" : 100,
    "confidence" : 1
  }
},{
  "dateTime" : "12/28/20 14:48:35",
  "value" : {
    "bpm" : 97,
    "confidence" : 1
  }
},{
  "dateTime" : "12/28/20 14:48:40",
  "value" : {
    "bpm" : 95,
    "confidence" : 1
  }
},{
  "dateTime" : "12/28/20 14:48:45",
  "value" : {
    "bpm" : 98,
    "confidence" : 1
  }
},{
  "dateTime" : "12/28/20 14:48:50",
  "value" : {
    "bpm" : 99,
    "confidence" : 2
  }
},{
  "dateTime" : "12/28/20 14:48:55",
  "value" : {
    "bpm" : 97,
    "confidence" : 1
  }
},{
  "dateTime" : "12/28/20 14:49:10",
  "value" : {
    "bpm" : 96,
    "confidence" : 1
  }
},{
  "dateTime" : "12/28/20 14:49:15",
  "value" : {
    "bpm" : 96,
    "confidence" : 2
  }
},{
  "dateTime" : "12/28/20 14:49:30",
  "value" : {
    "bpm" : 94,
    "confidence" : 2
  }
},{
  "dateTime" : "12/28/20 14:49:35",
  "value" : {
    "bpm" : 92,
    "confidence" : 1
  }
},{
  "dateTime" : "12/28/20 14:49:40",
  "value" : {
    "bpm" : 91,
    "confidence" : 1
  }
},{
  "dateTime" : "12/28/20 14:49:50",
  "value" : {
    "bpm" : 90,
    "confidence" : 1
  }
},{
  "dateTime" : "12/28/20 14:50:05",
  "value" : {
    "bpm" : 90,
    "confidence" : 1
  }
},{
  "dateTime" : "12/28/20 14:50:20",
  "value" : {
    "bpm" : 91,
    "confidence" : 1
  }
},{
  "dateTime" : "12/28/20 14:50:35",
  "value" : {
    "bpm" : 94,
    "confidence" : 1
  }
},{
  "dateTime" : "12/28/20 14:50:50",
  "value" : {
    "bpm" : 94,
    "confidence" : 2
  }
},{
  "dateTime" : "12/28/20 14:51:00",
  "value" : {
    "bpm" : 95,
    "confidence" : 2
  }
},{
  "dateTime" : "12/28/20 14:51:05",
  "value" : {
    "bpm" : 98,
    "confidence" : 2
  }
},{
  "dateTime" : "12/28/20 14:51:10",
  "value" : {
    "bpm" : 98,
    "confidence" : 1
  }
},{
  "dateTime" : "12/28/20 14:51:25",
  "value" : {
    "bpm" : 98,
    "confidence" : 1
  }
},{
  "dateTime" : "12/28/20 14:51:30",
  "value" : {
    "bpm" : 99,
    "confidence" : 1
  }
},{
  "dateTime" : "12/28/20 14:51:40",
  "value" : {
    "bpm" : 101,
    "confidence" : 1
  }
},{
  "dateTime" : "12/28/20 14:51:55",
  "value" : {
    "bpm" : 101,
    "confidence" : 2
  }
},{
  "dateTime" : "12/28/20 14:52:00",
  "value" : {
    "bpm" : 102,
    "confidence" : 2
  }
},{
  "dateTime" : "12/28/20 14:52:05",
  "value" : {
    "bpm" : 99,
    "confidence" : 2
  }
},{
  "dateTime" : "12/28/20 14:52:10",
  "value" : {
    "bpm" : 102,
    "confidence" : 2
  }
},{
  "dateTime" : "12/28/20 14:52:15",
  "value" : {
    "bpm" : 105,
    "confidence" : 2
  }
},{
  "dateTime" : "12/28/20 14:52:20",
  "value" : {
    "bpm" : 101,
    "confidence" : 2
  }
},{
  "dateTime" : "12/28/20 14:52:25",
  "value" : {
    "bpm" : 98,
    "confidence" : 2
  }
},{
  "dateTime" : "12/28/20 14:52:30",
  "value" : {
    "bpm" : 97,
    "confidence" : 2
  }
},{
  "dateTime" : "12/28/20 14:52:35",
  "value" : {
    "bpm" : 99,
    "confidence" : 2
  }
},{
  "dateTime" : "12/28/20 14:52:40",
  "value" : {
    "bpm" : 97,
    "confidence" : 2
  }
},{
  "dateTime" : "12/28/20 14:52:45",
  "value" : {
    "bpm" : 95,
    "confidence" : 2
  }
},{
  "dateTime" : "12/28/20 14:53:00",
  "value" : {
    "bpm" : 96,
    "confidence" : 2
  }
},{
  "dateTime" : "12/28/20 14:53:10",
  "value" : {
    "bpm" : 98,
    "confidence" : 2
  }
},{
  "dateTime" : "12/28/20 14:53:15",
  "value" : {
    "bpm" : 100,
    "confidence" : 2
  }
},{
  "dateTime" : "12/28/20 14:53:20",
  "value" : {
    "bpm" : 98,
    "confidence" : 2
  }
},{
  "dateTime" : "12/28/20 14:53:25",
  "value" : {
    "bpm" : 97,
    "confidence" : 2
  }
},{
  "dateTime" : "12/28/20 14:53:35",
  "value" : {
    "bpm" : 95,
    "confidence" : 2
  }
},{
  "dateTime" : "12/28/20 14:53:40",
  "value" : {
    "bpm" : 98,
    "confidence" : 2
  }
},{
  "dateTime" : "12/28/20 14:53:45",
  "value" : {
    "bpm" : 101,
    "confidence" : 2
  }
},{
  "dateTime" : "12/28/20 14:53:55",
  "value" : {
    "bpm" : 98,
    "confidence" : 2
  }
},{
  "dateTime" : "12/28/20 14:54:00",
  "value" : {
    "bpm" : 95,
    "confidence" : 2
  }
},{
  "dateTime" : "12/28/20 14:54:05",
  "value" : {
    "bpm" : 96,
    "confidence" : 2
  }
},{
  "dateTime" : "12/28/20 14:54:10",
  "value" : {
    "bpm" : 99,
    "confidence" : 2
  }
},{
  "dateTime" : "12/28/20 14:54:15",
  "value" : {
    "bpm" : 99,
    "confidence" : 2
  }
},{
  "dateTime" : "12/28/20 14:54:30",
  "value" : {
    "bpm" : 99,
    "confidence" : 2
  }
},{
  "dateTime" : "12/28/20 14:54:35",
  "value" : {
    "bpm" : 98,
    "confidence" : 2
  }
},{
  "dateTime" : "12/28/20 14:54:40",
  "value" : {
    "bpm" : 96,
    "confidence" : 2
  }
},{
  "dateTime" : "12/28/20 14:54:50",
  "value" : {
    "bpm" : 95,
    "confidence" : 2
  }
},{
  "dateTime" : "12/28/20 14:55:00",
  "value" : {
    "bpm" : 100,
    "confidence" : 2
  }
},{
  "dateTime" : "12/28/20 14:55:05",
  "value" : {
    "bpm" : 101,
    "confidence" : 2
  }
},{
  "dateTime" : "12/28/20 14:55:15",
  "value" : {
    "bpm" : 102,
    "confidence" : 2
  }
},{
  "dateTime" : "12/28/20 14:55:20",
  "value" : {
    "bpm" : 103,
    "confidence" : 1
  }
},{
  "dateTime" : "12/28/20 14:55:25",
  "value" : {
    "bpm" : 108,
    "confidence" : 1
  }
},{
  "dateTime" : "12/28/20 14:55:30",
  "value" : {
    "bpm" : 106,
    "confidence" : 2
  }
},{
  "dateTime" : "12/28/20 14:55:40",
  "value" : {
    "bpm" : 107,
    "confidence" : 2
  }
},{
  "dateTime" : "12/28/20 14:55:45",
  "value" : {
    "bpm" : 106,
    "confidence" : 2
  }
},{
  "dateTime" : "12/28/20 14:55:50",
  "value" : {
    "bpm" : 104,
    "confidence" : 2
  }
},{
  "dateTime" : "12/28/20 14:56:00",
  "value" : {
    "bpm" : 106,
    "confidence" : 2
  }
},{
  "dateTime" : "12/28/20 14:56:05",
  "value" : {
    "bpm" : 107,
    "confidence" : 2
  }
},{
  "dateTime" : "12/28/20 14:56:15",
  "value" : {
    "bpm" : 107,
    "confidence" : 1
  }
},{
  "dateTime" : "12/28/20 14:56:20",
  "value" : {
    "bpm" : 105,
    "confidence" : 1
  }
},{
  "dateTime" : "12/28/20 14:56:25",
  "value" : {
    "bpm" : 103,
    "confidence" : 2
  }
},{
  "dateTime" : "12/28/20 14:56:30",
  "value" : {
    "bpm" : 102,
    "confidence" : 2
  }
},{
  "dateTime" : "12/28/20 14:56:35",
  "value" : {
    "bpm" : 100,
    "confidence" : 2
  }
},{
  "dateTime" : "12/28/20 14:56:45",
  "value" : {
    "bpm" : 96,
    "confidence" : 2
  }
},{
  "dateTime" : "12/28/20 14:56:50",
  "value" : {
    "bpm" : 91,
    "confidence" : 2
  }
},{
  "dateTime" : "12/28/20 14:56:55",
  "value" : {
    "bpm" : 90,
    "confidence" : 2
  }
},{
  "dateTime" : "12/28/20 14:57:00",
  "value" : {
    "bpm" : 93,
    "confidence" : 2
  }
},{
  "dateTime" : "12/28/20 14:57:15",
  "value" : {
    "bpm" : 93,
    "confidence" : 2
  }
},{
  "dateTime" : "12/28/20 14:57:30",
  "value" : {
    "bpm" : 93,
    "confidence" : 2
  }
},{
  "dateTime" : "12/28/20 14:57:35",
  "value" : {
    "bpm" : 98,
    "confidence" : 2
  }
},{
  "dateTime" : "12/28/20 14:57:40",
  "value" : {
    "bpm" : 100,
    "confidence" : 2
  }
},{
  "dateTime" : "12/28/20 14:57:45",
  "value" : {
    "bpm" : 98,
    "confidence" : 2
  }
},{
  "dateTime" : "12/28/20 14:57:50",
  "value" : {
    "bpm" : 96,
    "confidence" : 2
  }
},{
  "dateTime" : "12/28/20 14:57:55",
  "value" : {
    "bpm" : 95,
    "confidence" : 2
  }
},{
  "dateTime" : "12/28/20 14:58:00",
  "value" : {
    "bpm" : 94,
    "confidence" : 2
  }
},{
  "dateTime" : "12/28/20 14:58:05",
  "value" : {
    "bpm" : 93,
    "confidence" : 2
  }
},{
  "dateTime" : "12/28/20 14:58:10",
  "value" : {
    "bpm" : 95,
    "confidence" : 2
  }
},{
  "dateTime" : "12/28/20 14:58:15",
  "value" : {
    "bpm" : 93,
    "confidence" : 2
  }
},{
  "dateTime" : "12/28/20 14:58:20",
  "value" : {
    "bpm" : 97,
    "confidence" : 2
  }
},{
  "dateTime" : "12/28/20 14:58:25",
  "value" : {
    "bpm" : 100,
    "confidence" : 2
  }
},{
  "dateTime" : "12/28/20 14:58:30",
  "value" : {
    "bpm" : 98,
    "confidence" : 2
  }
},{
  "dateTime" : "12/28/20 14:58:35",
  "value" : {
    "bpm" : 99,
    "confidence" : 2
  }
},{
  "dateTime" : "12/28/20 14:58:50",
  "value" : {
    "bpm" : 97,
    "confidence" : 2
  }
},{
  "dateTime" : "12/28/20 14:58:55",
  "value" : {
    "bpm" : 96,
    "confidence" : 2
  }
},{
  "dateTime" : "12/28/20 14:59:00",
  "value" : {
    "bpm" : 95,
    "confidence" : 2
  }
},{
  "dateTime" : "12/28/20 14:59:05",
  "value" : {
    "bpm" : 98,
    "confidence" : 2
  }
},{
  "dateTime" : "12/28/20 14:59:10",
  "value" : {
    "bpm" : 104,
    "confidence" : 2
  }
},{
  "dateTime" : "12/28/20 14:59:15",
  "value" : {
    "bpm" : 105,
    "confidence" : 2
  }
},{
  "dateTime" : "12/28/20 14:59:25",
  "value" : {
    "bpm" : 103,
    "confidence" : 2
  }
},{
  "dateTime" : "12/28/20 14:59:40",
  "value" : {
    "bpm" : 107,
    "confidence" : 2
  }
},{
  "dateTime" : "12/28/20 14:59:45",
  "value" : {
    "bpm" : 106,
    "confidence" : 2
  }
},{
  "dateTime" : "12/28/20 14:59:50",
  "value" : {
    "bpm" : 98,
    "confidence" : 2
  }
},{
  "dateTime" : "12/28/20 14:59:55",
  "value" : {
    "bpm" : 96,
    "confidence" : 2
  }
},{
  "dateTime" : "12/28/20 15:00:05",
  "value" : {
    "bpm" : 99,
    "confidence" : 2
  }
},{
  "dateTime" : "12/28/20 15:00:10",
  "value" : {
    "bpm" : 97,
    "confidence" : 2
  }
},{
  "dateTime" : "12/28/20 15:00:15",
  "value" : {
    "bpm" : 96,
    "confidence" : 2
  }
},{
  "dateTime" : "12/28/20 15:00:20",
  "value" : {
    "bpm" : 95,
    "confidence" : 2
  }
},{
  "dateTime" : "12/28/20 15:00:25",
  "value" : {
    "bpm" : 96,
    "confidence" : 2
  }
},{
  "dateTime" : "12/28/20 15:00:30",
  "value" : {
    "bpm" : 100,
    "confidence" : 2
  }
},{
  "dateTime" : "12/28/20 15:00:35",
  "value" : {
    "bpm" : 106,
    "confidence" : 2
  }
},{
  "dateTime" : "12/28/20 15:00:40",
  "value" : {
    "bpm" : 105,
    "confidence" : 2
  }
},{
  "dateTime" : "12/28/20 15:00:45",
  "value" : {
    "bpm" : 104,
    "confidence" : 1
  }
},{
  "dateTime" : "12/28/20 15:00:55",
  "value" : {
    "bpm" : 106,
    "confidence" : 1
  }
},{
  "dateTime" : "12/28/20 15:01:00",
  "value" : {
    "bpm" : 107,
    "confidence" : 1
  }
},{
  "dateTime" : "12/28/20 15:01:05",
  "value" : {
    "bpm" : 106,
    "confidence" : 1
  }
},{
  "dateTime" : "12/28/20 15:01:10",
  "value" : {
    "bpm" : 107,
    "confidence" : 1
  }
},{
  "dateTime" : "12/28/20 15:01:25",
  "value" : {
    "bpm" : 107,
    "confidence" : 1
  }
},{
  "dateTime" : "12/28/20 15:01:30",
  "value" : {
    "bpm" : 106,
    "confidence" : 1
  }
},{
  "dateTime" : "12/28/20 15:01:35",
  "value" : {
    "bpm" : 105,
    "confidence" : 2
  }
},{
  "dateTime" : "12/28/20 15:01:40",
  "value" : {
    "bpm" : 104,
    "confidence" : 1
  }
},{
  "dateTime" : "12/28/20 15:01:45",
  "value" : {
    "bpm" : 101,
    "confidence" : 1
  }
},{
  "dateTime" : "12/28/20 15:01:50",
  "value" : {
    "bpm" : 99,
    "confidence" : 1
  }
},{
  "dateTime" : "12/28/20 15:02:05",
  "value" : {
    "bpm" : 99,
    "confidence" : 1
  }
},{
  "dateTime" : "12/28/20 15:02:10",
  "value" : {
    "bpm" : 96,
    "confidence" : 1
  }
},{
  "dateTime" : "12/28/20 15:02:15",
  "value" : {
    "bpm" : 99,
    "confidence" : 1
  }
},{
  "dateTime" : "12/28/20 15:02:20",
  "value" : {
    "bpm" : 101,
    "confidence" : 1
  }
},{
  "dateTime" : "12/28/20 15:02:25",
  "value" : {
    "bpm" : 103,
    "confidence" : 1
  }
},{
  "dateTime" : "12/28/20 15:02:30",
  "value" : {
    "bpm" : 104,
    "confidence" : 1
  }
},{
  "dateTime" : "12/28/20 15:02:35",
  "value" : {
    "bpm" : 106,
    "confidence" : 1
  }
},{
  "dateTime" : "12/28/20 15:02:40",
  "value" : {
    "bpm" : 105,
    "confidence" : 2
  }
},{
  "dateTime" : "12/28/20 15:02:45",
  "value" : {
    "bpm" : 104,
    "confidence" : 2
  }
},{
  "dateTime" : "12/28/20 15:02:50",
  "value" : {
    "bpm" : 106,
    "confidence" : 2
  }
},{
  "dateTime" : "12/28/20 15:02:56",
  "value" : {
    "bpm" : 108,
    "confidence" : 2
  }
},{
  "dateTime" : "12/28/20 15:03:11",
  "value" : {
    "bpm" : 107,
    "confidence" : 2
  }
},{
  "dateTime" : "12/28/20 15:03:16",
  "value" : {
    "bpm" : 106,
    "confidence" : 1
  }
},{
  "dateTime" : "12/28/20 15:03:31",
  "value" : {
    "bpm" : 106,
    "confidence" : 1
  }
},{
  "dateTime" : "12/28/20 15:03:41",
  "value" : {
    "bpm" : 105,
    "confidence" : 1
  }
},{
  "dateTime" : "12/28/20 15:03:56",
  "value" : {
    "bpm" : 105,
    "confidence" : 1
  }
},{
  "dateTime" : "12/28/20 15:04:11",
  "value" : {
    "bpm" : 105,
    "confidence" : 1
  }
},{
  "dateTime" : "12/28/20 15:04:16",
  "value" : {
    "bpm" : 104,
    "confidence" : 1
  }
},{
  "dateTime" : "12/28/20 15:04:21",
  "value" : {
    "bpm" : 104,
    "confidence" : 2
  }
},{
  "dateTime" : "12/28/20 15:04:26",
  "value" : {
    "bpm" : 104,
    "confidence" : 1
  }
},{
  "dateTime" : "12/28/20 15:04:31",
  "value" : {
    "bpm" : 106,
    "confidence" : 1
  }
},{
  "dateTime" : "12/28/20 15:04:36",
  "value" : {
    "bpm" : 105,
    "confidence" : 1
  }
},{
  "dateTime" : "12/28/20 15:04:41",
  "value" : {
    "bpm" : 104,
    "confidence" : 1
  }
},{
  "dateTime" : "12/28/20 15:04:46",
  "value" : {
    "bpm" : 105,
    "confidence" : 1
  }
},{
  "dateTime" : "12/28/20 15:05:01",
  "value" : {
    "bpm" : 105,
    "confidence" : 1
  }
},{
  "dateTime" : "12/28/20 15:05:11",
  "value" : {
    "bpm" : 104,
    "confidence" : 1
  }
},{
  "dateTime" : "12/28/20 15:05:16",
  "value" : {
    "bpm" : 106,
    "confidence" : 1
  }
},{
  "dateTime" : "12/28/20 15:05:31",
  "value" : {
    "bpm" : 106,
    "confidence" : 2
  }
},{
  "dateTime" : "12/28/20 15:05:41",
  "value" : {
    "bpm" : 105,
    "confidence" : 2
  }
},{
  "dateTime" : "12/28/20 15:05:46",
  "value" : {
    "bpm" : 107,
    "confidence" : 1
  }
},{
  "dateTime" : "12/28/20 15:05:51",
  "value" : {
    "bpm" : 108,
    "confidence" : 2
  }
},{
  "dateTime" : "12/28/20 15:06:01",
  "value" : {
    "bpm" : 107,
    "confidence" : 2
  }
},{
  "dateTime" : "12/28/20 15:06:16",
  "value" : {
    "bpm" : 107,
    "confidence" : 2
  }
},{
  "dateTime" : "12/28/20 15:06:21",
  "value" : {
    "bpm" : 110,
    "confidence" : 2
  }
},{
  "dateTime" : "12/28/20 15:06:26",
  "value" : {
    "bpm" : 110,
    "confidence" : 1
  }
},{
  "dateTime" : "12/28/20 15:06:31",
  "value" : {
    "bpm" : 109,
    "confidence" : 1
  }
},{
  "dateTime" : "12/28/20 15:06:36",
  "value" : {
    "bpm" : 108,
    "confidence" : 1
  }
},{
  "dateTime" : "12/28/20 15:06:41",
  "value" : {
    "bpm" : 106,
    "confidence" : 1
  }
},{
  "dateTime" : "12/28/20 15:06:51",
  "value" : {
    "bpm" : 105,
    "confidence" : 1
  }
},{
  "dateTime" : "12/28/20 15:07:01",
  "value" : {
    "bpm" : 107,
    "confidence" : 1
  }
},{
  "dateTime" : "12/28/20 15:07:06",
  "value" : {
    "bpm" : 108,
    "confidence" : 1
  }
},{
  "dateTime" : "12/28/20 15:07:11",
  "value" : {
    "bpm" : 111,
    "confidence" : 1
  }
},{
  "dateTime" : "12/28/20 15:07:21",
  "value" : {
    "bpm" : 112,
    "confidence" : 1
  }
},{
  "dateTime" : "12/28/20 15:07:31",
  "value" : {
    "bpm" : 113,
    "confidence" : 1
  }
},{
  "dateTime" : "12/28/20 15:07:36",
  "value" : {
    "bpm" : 112,
    "confidence" : 1
  }
},{
  "dateTime" : "12/28/20 15:07:46",
  "value" : {
    "bpm" : 114,
    "confidence" : 1
  }
},{
  "dateTime" : "12/28/20 15:07:51",
  "value" : {
    "bpm" : 115,
    "confidence" : 2
  }
},{
  "dateTime" : "12/28/20 15:07:56",
  "value" : {
    "bpm" : 118,
    "confidence" : 2
  }
},{
  "dateTime" : "12/28/20 15:08:01",
  "value" : {
    "bpm" : 119,
    "confidence" : 2
  }
},{
  "dateTime" : "12/28/20 15:08:06",
  "value" : {
    "bpm" : 121,
    "confidence" : 2
  }
},{
  "dateTime" : "12/28/20 15:08:11",
  "value" : {
    "bpm" : 119,
    "confidence" : 2
  }
},{
  "dateTime" : "12/28/20 15:08:16",
  "value" : {
    "bpm" : 115,
    "confidence" : 2
  }
},{
  "dateTime" : "12/28/20 15:08:21",
  "value" : {
    "bpm" : 93,
    "confidence" : 2
  }
},{
  "dateTime" : "12/28/20 15:08:26",
  "value" : {
    "bpm" : 90,
    "confidence" : 2
  }
},{
  "dateTime" : "12/28/20 15:08:31",
  "value" : {
    "bpm" : 88,
    "confidence" : 2
  }
},{
  "dateTime" : "12/28/20 15:08:36",
  "value" : {
    "bpm" : 91,
    "confidence" : 2
  }
},{
  "dateTime" : "12/28/20 15:08:41",
  "value" : {
    "bpm" : 92,
    "confidence" : 2
  }
},{
  "dateTime" : "12/28/20 15:08:46",
  "value" : {
    "bpm" : 93,
    "confidence" : 2
  }
},{
  "dateTime" : "12/28/20 15:08:56",
  "value" : {
    "bpm" : 95,
    "confidence" : 2
  }
},{
  "dateTime" : "12/28/20 15:09:01",
  "value" : {
    "bpm" : 97,
    "confidence" : 2
  }
},{
  "dateTime" : "12/28/20 15:09:06",
  "value" : {
    "bpm" : 98,
    "confidence" : 2
  }
},{
  "dateTime" : "12/28/20 15:09:11",
  "value" : {
    "bpm" : 101,
    "confidence" : 2
  }
},{
  "dateTime" : "12/28/20 15:09:16",
  "value" : {
    "bpm" : 102,
    "confidence" : 2
  }
},{
  "dateTime" : "12/28/20 15:09:21",
  "value" : {
    "bpm" : 104,
    "confidence" : 2
  }
},{
  "dateTime" : "12/28/20 15:09:26",
  "value" : {
    "bpm" : 105,
    "confidence" : 1
  }
},{
  "dateTime" : "12/28/20 15:09:36",
  "value" : {
    "bpm" : 107,
    "confidence" : 1
  }
},{
  "dateTime" : "12/28/20 15:09:41",
  "value" : {
    "bpm" : 109,
    "confidence" : 1
  }
},{
  "dateTime" : "12/28/20 15:09:46",
  "value" : {
    "bpm" : 111,
    "confidence" : 1
  }
},{
  "dateTime" : "12/28/20 15:09:51",
  "value" : {
    "bpm" : 111,
    "confidence" : 2
  }
},{
  "dateTime" : "12/28/20 15:09:56",
  "value" : {
    "bpm" : 109,
    "confidence" : 2
  }
},{
  "dateTime" : "12/28/20 15:10:06",
  "value" : {
    "bpm" : 108,
    "confidence" : 2
  }
},{
  "dateTime" : "12/28/20 15:10:11",
  "value" : {
    "bpm" : 106,
    "confidence" : 2
  }
},{
  "dateTime" : "12/28/20 15:10:16",
  "value" : {
    "bpm" : 104,
    "confidence" : 2
  }
},{
  "dateTime" : "12/28/20 15:10:21",
  "value" : {
    "bpm" : 103,
    "confidence" : 1
  }
},{
  "dateTime" : "12/28/20 15:10:26",
  "value" : {
    "bpm" : 104,
    "confidence" : 1
  }
},{
  "dateTime" : "12/28/20 15:10:31",
  "value" : {
    "bpm" : 102,
    "confidence" : 1
  }
},{
  "dateTime" : "12/28/20 15:10:36",
  "value" : {
    "bpm" : 105,
    "confidence" : 1
  }
},{
  "dateTime" : "12/28/20 15:10:41",
  "value" : {
    "bpm" : 106,
    "confidence" : 1
  }
},{
  "dateTime" : "12/28/20 15:10:46",
  "value" : {
    "bpm" : 105,
    "confidence" : 1
  }
},{
  "dateTime" : "12/28/20 15:10:51",
  "value" : {
    "bpm" : 101,
    "confidence" : 1
  }
},{
  "dateTime" : "12/28/20 15:10:56",
  "value" : {
    "bpm" : 100,
    "confidence" : 1
  }
},{
  "dateTime" : "12/28/20 15:11:01",
  "value" : {
    "bpm" : 101,
    "confidence" : 1
  }
},{
  "dateTime" : "12/28/20 15:11:11",
  "value" : {
    "bpm" : 103,
    "confidence" : 1
  }
},{
  "dateTime" : "12/28/20 15:11:16",
  "value" : {
    "bpm" : 106,
    "confidence" : 1
  }
},{
  "dateTime" : "12/28/20 15:11:21",
  "value" : {
    "bpm" : 107,
    "confidence" : 1
  }
},{
  "dateTime" : "12/28/20 15:11:31",
  "value" : {
    "bpm" : 109,
    "confidence" : 1
  }
},{
  "dateTime" : "12/28/20 15:11:41",
  "value" : {
    "bpm" : 110,
    "confidence" : 1
  }
},{
  "dateTime" : "12/28/20 15:11:46",
  "value" : {
    "bpm" : 113,
    "confidence" : 2
  }
},{
  "dateTime" : "12/28/20 15:11:51",
  "value" : {
    "bpm" : 115,
    "confidence" : 2
  }
},{
  "dateTime" : "12/28/20 15:11:56",
  "value" : {
    "bpm" : 115,
    "confidence" : 2
  }
},{
  "dateTime" : "12/28/20 15:12:06",
  "value" : {
    "bpm" : 117,
    "confidence" : 2
  }
},{
  "dateTime" : "12/28/20 15:12:11",
  "value" : {
    "bpm" : 120,
    "confidence" : 2
  }
},{
  "dateTime" : "12/28/20 15:12:16",
  "value" : {
    "bpm" : 122,
    "confidence" : 2
  }
},{
  "dateTime" : "12/28/20 15:12:21",
  "value" : {
    "bpm" : 118,
    "confidence" : 2
  }
},{
  "dateTime" : "12/28/20 15:12:26",
  "value" : {
    "bpm" : 112,
    "confidence" : 2
  }
},{
  "dateTime" : "12/28/20 15:12:31",
  "value" : {
    "bpm" : 114,
    "confidence" : 2
  }
},{
  "dateTime" : "12/28/20 15:12:36",
  "value" : {
    "bpm" : 116,
    "confidence" : 2
  }
},{
  "dateTime" : "12/28/20 15:12:41",
  "value" : {
    "bpm" : 114,
    "confidence" : 1
  }
},{
  "dateTime" : "12/28/20 15:12:51",
  "value" : {
    "bpm" : 114,
    "confidence" : 2
  }
},{
  "dateTime" : "12/28/20 15:12:56",
  "value" : {
    "bpm" : 111,
    "confidence" : 2
  }
},{
  "dateTime" : "12/28/20 15:13:01",
  "value" : {
    "bpm" : 109,
    "confidence" : 2
  }
},{
  "dateTime" : "12/28/20 15:13:06",
  "value" : {
    "bpm" : 106,
    "confidence" : 2
  }
},{
  "dateTime" : "12/28/20 15:13:11",
  "value" : {
    "bpm" : 105,
    "confidence" : 2
  }
},{
  "dateTime" : "12/28/20 15:13:16",
  "value" : {
    "bpm" : 107,
    "confidence" : 2
  }
},{
  "dateTime" : "12/28/20 15:13:21",
  "value" : {
    "bpm" : 108,
    "confidence" : 1
  }
},{
  "dateTime" : "12/28/20 15:13:26",
  "value" : {
    "bpm" : 109,
    "confidence" : 1
  }
},{
  "dateTime" : "12/28/20 15:13:31",
  "value" : {
    "bpm" : 106,
    "confidence" : 1
  }
},{
  "dateTime" : "12/28/20 15:13:36",
  "value" : {
    "bpm" : 107,
    "confidence" : 1
  }
},{
  "dateTime" : "12/28/20 15:13:41",
  "value" : {
    "bpm" : 110,
    "confidence" : 1
  }
},{
  "dateTime" : "12/28/20 15:13:46",
  "value" : {
    "bpm" : 112,
    "confidence" : 1
  }
},{
  "dateTime" : "12/28/20 15:13:56",
  "value" : {
    "bpm" : 111,
    "confidence" : 1
  }
},{
  "dateTime" : "12/28/20 15:14:01",
  "value" : {
    "bpm" : 110,
    "confidence" : 1
  }
},{
  "dateTime" : "12/28/20 15:14:11",
  "value" : {
    "bpm" : 108,
    "confidence" : 1
  }
},{
  "dateTime" : "12/28/20 15:14:21",
  "value" : {
    "bpm" : 106,
    "confidence" : 1
  }
},{
  "dateTime" : "12/28/20 15:14:36",
  "value" : {
    "bpm" : 106,
    "confidence" : 1
  }
},{
  "dateTime" : "12/28/20 15:14:41",
  "value" : {
    "bpm" : 107,
    "confidence" : 2
  }
},{
  "dateTime" : "12/28/20 15:14:46",
  "value" : {
    "bpm" : 111,
    "confidence" : 2
  }
},{
  "dateTime" : "12/28/20 15:14:51",
  "value" : {
    "bpm" : 112,
    "confidence" : 2
  }
},{
  "dateTime" : "12/28/20 15:14:56",
  "value" : {
    "bpm" : 113,
    "confidence" : 2
  }
},{
  "dateTime" : "12/28/20 15:15:01",
  "value" : {
    "bpm" : 111,
    "confidence" : 1
  }
},{
  "dateTime" : "12/28/20 15:15:06",
  "value" : {
    "bpm" : 110,
    "confidence" : 1
  }
},{
  "dateTime" : "12/28/20 15:15:11",
  "value" : {
    "bpm" : 108,
    "confidence" : 1
  }
},{
  "dateTime" : "12/28/20 15:15:16",
  "value" : {
    "bpm" : 105,
    "confidence" : 1
  }
},{
  "dateTime" : "12/28/20 15:15:21",
  "value" : {
    "bpm" : 103,
    "confidence" : 1
  }
},{
  "dateTime" : "12/28/20 15:15:26",
  "value" : {
    "bpm" : 105,
    "confidence" : 1
  }
},{
  "dateTime" : "12/28/20 15:15:31",
  "value" : {
    "bpm" : 107,
    "confidence" : 1
  }
},{
  "dateTime" : "12/28/20 15:15:36",
  "value" : {
    "bpm" : 106,
    "confidence" : 1
  }
},{
  "dateTime" : "12/28/20 15:15:46",
  "value" : {
    "bpm" : 107,
    "confidence" : 1
  }
},{
  "dateTime" : "12/28/20 15:15:51",
  "value" : {
    "bpm" : 106,
    "confidence" : 1
  }
},{
  "dateTime" : "12/28/20 15:15:56",
  "value" : {
    "bpm" : 103,
    "confidence" : 1
  }
},{
  "dateTime" : "12/28/20 15:16:01",
  "value" : {
    "bpm" : 102,
    "confidence" : 1
  }
},{
  "dateTime" : "12/28/20 15:16:11",
  "value" : {
    "bpm" : 102,
    "confidence" : 2
  }
},{
  "dateTime" : "12/28/20 15:16:16",
  "value" : {
    "bpm" : 103,
    "confidence" : 2
  }
},{
  "dateTime" : "12/28/20 15:16:21",
  "value" : {
    "bpm" : 101,
    "confidence" : 2
  }
},{
  "dateTime" : "12/28/20 15:16:26",
  "value" : {
    "bpm" : 99,
    "confidence" : 2
  }
},{
  "dateTime" : "12/28/20 15:16:31",
  "value" : {
    "bpm" : 100,
    "confidence" : 2
  }
},{
  "dateTime" : "12/28/20 15:16:41",
  "value" : {
    "bpm" : 101,
    "confidence" : 2
  }
},{
  "dateTime" : "12/28/20 15:16:46",
  "value" : {
    "bpm" : 100,
    "confidence" : 2
  }
},{
  "dateTime" : "12/28/20 15:17:01",
  "value" : {
    "bpm" : 100,
    "confidence" : 2
  }
},{
  "dateTime" : "12/28/20 15:17:06",
  "value" : {
    "bpm" : 96,
    "confidence" : 2
  }
},{
  "dateTime" : "12/28/20 15:17:11",
  "value" : {
    "bpm" : 94,
    "confidence" : 2
  }
},{
  "dateTime" : "12/28/20 15:17:16",
  "value" : {
    "bpm" : 90,
    "confidence" : 2
  }
},{
  "dateTime" : "12/28/20 15:17:21",
  "value" : {
    "bpm" : 91,
    "confidence" : 2
  }
},{
  "dateTime" : "12/28/20 15:17:26",
  "value" : {
    "bpm" : 92,
    "confidence" : 2
  }
},{
  "dateTime" : "12/28/20 15:17:31",
  "value" : {
    "bpm" : 93,
    "confidence" : 2
  }
},{
  "dateTime" : "12/28/20 15:17:41",
  "value" : {
    "bpm" : 95,
    "confidence" : 2
  }
},{
  "dateTime" : "12/28/20 15:17:51",
  "value" : {
    "bpm" : 97,
    "confidence" : 2
  }
},{
  "dateTime" : "12/28/20 15:17:56",
  "value" : {
    "bpm" : 99,
    "confidence" : 2
  }
},{
  "dateTime" : "12/28/20 15:18:01",
  "value" : {
    "bpm" : 97,
    "confidence" : 2
  }
},{
  "dateTime" : "12/28/20 15:18:06",
  "value" : {
    "bpm" : 96,
    "confidence" : 2
  }
},{
  "dateTime" : "12/28/20 15:18:11",
  "value" : {
    "bpm" : 98,
    "confidence" : 2
  }
},{
  "dateTime" : "12/28/20 15:18:21",
  "value" : {
    "bpm" : 98,
    "confidence" : 1
  }
},{
  "dateTime" : "12/28/20 15:18:26",
  "value" : {
    "bpm" : 96,
    "confidence" : 1
  }
},{
  "dateTime" : "12/28/20 15:18:31",
  "value" : {
    "bpm" : 94,
    "confidence" : 2
  }
},{
  "dateTime" : "12/28/20 15:18:36",
  "value" : {
    "bpm" : 95,
    "confidence" : 2
  }
},{
  "dateTime" : "12/28/20 15:18:41",
  "value" : {
    "bpm" : 97,
    "confidence" : 2
  }
},{
  "dateTime" : "12/28/20 15:18:46",
  "value" : {
    "bpm" : 98,
    "confidence" : 2
  }
},{
  "dateTime" : "12/28/20 15:18:51",
  "value" : {
    "bpm" : 99,
    "confidence" : 2
  }
},{
  "dateTime" : "12/28/20 15:19:01",
  "value" : {
    "bpm" : 100,
    "confidence" : 2
  }
},{
  "dateTime" : "12/28/20 15:19:06",
  "value" : {
    "bpm" : 108,
    "confidence" : 2
  }
},{
  "dateTime" : "12/28/20 15:19:11",
  "value" : {
    "bpm" : 112,
    "confidence" : 2
  }
},{
  "dateTime" : "12/28/20 15:19:16",
  "value" : {
    "bpm" : 113,
    "confidence" : 3
  }
},{
  "dateTime" : "12/28/20 15:19:21",
  "value" : {
    "bpm" : 112,
    "confidence" : 2
  }
},{
  "dateTime" : "12/28/20 15:19:26",
  "value" : {
    "bpm" : 110,
    "confidence" : 2
  }
},{
  "dateTime" : "12/28/20 15:19:31",
  "value" : {
    "bpm" : 111,
    "confidence" : 2
  }
},{
  "dateTime" : "12/28/20 15:19:36",
  "value" : {
    "bpm" : 113,
    "confidence" : 2
  }
},{
  "dateTime" : "12/28/20 15:19:41",
  "value" : {
    "bpm" : 114,
    "confidence" : 2
  }
},{
  "dateTime" : "12/28/20 15:19:46",
  "value" : {
    "bpm" : 115,
    "confidence" : 2
  }
},{
  "dateTime" : "12/28/20 15:19:56",
  "value" : {
    "bpm" : 117,
    "confidence" : 1
  }
},{
  "dateTime" : "12/28/20 15:20:02",
  "value" : {
    "bpm" : 112,
    "confidence" : 1
  }
},{
  "dateTime" : "12/28/20 15:20:07",
  "value" : {
    "bpm" : 105,
    "confidence" : 1
  }
},{
  "dateTime" : "12/28/20 15:20:12",
  "value" : {
    "bpm" : 104,
    "confidence" : 1
  }
},{
  "dateTime" : "12/28/20 15:20:17",
  "value" : {
    "bpm" : 101,
    "confidence" : 1
  }
},{
  "dateTime" : "12/28/20 15:20:27",
  "value" : {
    "bpm" : 103,
    "confidence" : 1
  }
},{
  "dateTime" : "12/28/20 15:20:32",
  "value" : {
    "bpm" : 103,
    "confidence" : 2
  }
},{
  "dateTime" : "12/28/20 15:20:37",
  "value" : {
    "bpm" : 105,
    "confidence" : 1
  }
},{
  "dateTime" : "12/28/20 15:20:42",
  "value" : {
    "bpm" : 105,
    "confidence" : 2
  }
},{
  "dateTime" : "12/28/20 15:20:47",
  "value" : {
    "bpm" : 105,
    "confidence" : 1
  }
},{
  "dateTime" : "12/28/20 15:20:52",
  "value" : {
    "bpm" : 102,
    "confidence" : 1
  }
},{
  "dateTime" : "12/28/20 15:20:57",
  "value" : {
    "bpm" : 100,
    "confidence" : 2
  }
},{
  "dateTime" : "12/28/20 15:21:02",
  "value" : {
    "bpm" : 99,
    "confidence" : 2
  }
},{
  "dateTime" : "12/28/20 15:21:07",
  "value" : {
    "bpm" : 98,
    "confidence" : 2
  }
},{
  "dateTime" : "12/28/20 15:21:12",
  "value" : {
    "bpm" : 101,
    "confidence" : 2
  }
},{
  "dateTime" : "12/28/20 15:21:17",
  "value" : {
    "bpm" : 102,
    "confidence" : 2
  }
},{
  "dateTime" : "12/28/20 15:21:27",
  "value" : {
    "bpm" : 105,
    "confidence" : 2
  }
},{
  "dateTime" : "12/28/20 15:21:32",
  "value" : {
    "bpm" : 110,
    "confidence" : 2
  }
},{
  "dateTime" : "12/28/20 15:21:37",
  "value" : {
    "bpm" : 108,
    "confidence" : 2
  }
},{
  "dateTime" : "12/28/20 15:21:42",
  "value" : {
    "bpm" : 104,
    "confidence" : 2
  }
},{
  "dateTime" : "12/28/20 15:21:52",
  "value" : {
    "bpm" : 103,
    "confidence" : 2
  }
},{
  "dateTime" : "12/28/20 15:22:02",
  "value" : {
    "bpm" : 102,
    "confidence" : 2
  }
},{
  "dateTime" : "12/28/20 15:22:07",
  "value" : {
    "bpm" : 101,
    "confidence" : 2
  }
},{
  "dateTime" : "12/28/20 15:22:12",
  "value" : {
    "bpm" : 103,
    "confidence" : 2
  }
},{
  "dateTime" : "12/28/20 15:22:17",
  "value" : {
    "bpm" : 103,
    "confidence" : 1
  }
},{
  "dateTime" : "12/28/20 15:22:27",
  "value" : {
    "bpm" : 102,
    "confidence" : 2
  }
},{
  "dateTime" : "12/28/20 15:22:32",
  "value" : {
    "bpm" : 104,
    "confidence" : 2
  }
},{
  "dateTime" : "12/28/20 15:22:37",
  "value" : {
    "bpm" : 106,
    "confidence" : 2
  }
},{
  "dateTime" : "12/28/20 15:22:42",
  "value" : {
    "bpm" : 108,
    "confidence" : 2
  }
},{
  "dateTime" : "12/28/20 15:22:47",
  "value" : {
    "bpm" : 109,
    "confidence" : 2
  }
},{
  "dateTime" : "12/28/20 15:22:52",
  "value" : {
    "bpm" : 109,
    "confidence" : 1
  }
},{
  "dateTime" : "12/28/20 15:22:57",
  "value" : {
    "bpm" : 111,
    "confidence" : 1
  }
},{
  "dateTime" : "12/28/20 15:23:02",
  "value" : {
    "bpm" : 108,
    "confidence" : 1
  }
},{
  "dateTime" : "12/28/20 15:23:07",
  "value" : {
    "bpm" : 103,
    "confidence" : 1
  }
},{
  "dateTime" : "12/28/20 15:23:17",
  "value" : {
    "bpm" : 105,
    "confidence" : 1
  }
},{
  "dateTime" : "12/28/20 15:23:22",
  "value" : {
    "bpm" : 102,
    "confidence" : 1
  }
},{
  "dateTime" : "12/28/20 15:23:27",
  "value" : {
    "bpm" : 100,
    "confidence" : 1
  }
},{
  "dateTime" : "12/28/20 15:23:32",
  "value" : {
    "bpm" : 99,
    "confidence" : 1
  }
},{
  "dateTime" : "12/28/20 15:23:37",
  "value" : {
    "bpm" : 98,
    "confidence" : 1
  }
},{
  "dateTime" : "12/28/20 15:23:42",
  "value" : {
    "bpm" : 96,
    "confidence" : 1
  }
},{
  "dateTime" : "12/28/20 15:23:47",
  "value" : {
    "bpm" : 96,
    "confidence" : 2
  }
},{
  "dateTime" : "12/28/20 15:23:52",
  "value" : {
    "bpm" : 98,
    "confidence" : 2
  }
},{
  "dateTime" : "12/28/20 15:23:57",
  "value" : {
    "bpm" : 101,
    "confidence" : 2
  }
},{
  "dateTime" : "12/28/20 15:24:02",
  "value" : {
    "bpm" : 102,
    "confidence" : 2
  }
},{
  "dateTime" : "12/28/20 15:24:07",
  "value" : {
    "bpm" : 100,
    "confidence" : 2
  }
},{
  "dateTime" : "12/28/20 15:24:12",
  "value" : {
    "bpm" : 101,
    "confidence" : 1
  }
},{
  "dateTime" : "12/28/20 15:24:17",
  "value" : {
    "bpm" : 102,
    "confidence" : 2
  }
},{
  "dateTime" : "12/28/20 15:24:27",
  "value" : {
    "bpm" : 100,
    "confidence" : 2
  }
},{
  "dateTime" : "12/28/20 15:24:32",
  "value" : {
    "bpm" : 101,
    "confidence" : 2
  }
},{
  "dateTime" : "12/28/20 15:24:37",
  "value" : {
    "bpm" : 100,
    "confidence" : 2
  }
},{
  "dateTime" : "12/28/20 15:24:47",
  "value" : {
    "bpm" : 99,
    "confidence" : 2
  }
},{
  "dateTime" : "12/28/20 15:24:52",
  "value" : {
    "bpm" : 102,
    "confidence" : 2
  }
},{
  "dateTime" : "12/28/20 15:24:57",
  "value" : {
    "bpm" : 99,
    "confidence" : 2
  }
},{
  "dateTime" : "12/28/20 15:25:02",
  "value" : {
    "bpm" : 96,
    "confidence" : 2
  }
},{
  "dateTime" : "12/28/20 15:25:17",
  "value" : {
    "bpm" : 97,
    "confidence" : 2
  }
},{
  "dateTime" : "12/28/20 15:25:22",
  "value" : {
    "bpm" : 99,
    "confidence" : 2
  }
},{
  "dateTime" : "12/28/20 15:25:32",
  "value" : {
    "bpm" : 100,
    "confidence" : 2
  }
},{
  "dateTime" : "12/28/20 15:25:42",
  "value" : {
    "bpm" : 99,
    "confidence" : 2
  }
},{
  "dateTime" : "12/28/20 15:25:52",
  "value" : {
    "bpm" : 100,
    "confidence" : 1
  }
},{
  "dateTime" : "12/28/20 15:25:57",
  "value" : {
    "bpm" : 97,
    "confidence" : 1
  }
},{
  "dateTime" : "12/28/20 15:26:02",
  "value" : {
    "bpm" : 98,
    "confidence" : 2
  }
},{
  "dateTime" : "12/28/20 15:26:07",
  "value" : {
    "bpm" : 97,
    "confidence" : 2
  }
},{
  "dateTime" : "12/28/20 15:26:12",
  "value" : {
    "bpm" : 99,
    "confidence" : 2
  }
},{
  "dateTime" : "12/28/20 15:26:27",
  "value" : {
    "bpm" : 99,
    "confidence" : 2
  }
},{
  "dateTime" : "12/28/20 15:26:32",
  "value" : {
    "bpm" : 99,
    "confidence" : 1
  }
},{
  "dateTime" : "12/28/20 15:26:42",
  "value" : {
    "bpm" : 98,
    "confidence" : 1
  }
},{
  "dateTime" : "12/28/20 15:26:47",
  "value" : {
    "bpm" : 96,
    "confidence" : 2
  }
},{
  "dateTime" : "12/28/20 15:26:57",
  "value" : {
    "bpm" : 100,
    "confidence" : 2
  }
},{
  "dateTime" : "12/28/20 15:27:02",
  "value" : {
    "bpm" : 101,
    "confidence" : 2
  }
},{
  "dateTime" : "12/28/20 15:27:07",
  "value" : {
    "bpm" : 99,
    "confidence" : 2
  }
},{
  "dateTime" : "12/28/20 15:27:12",
  "value" : {
    "bpm" : 97,
    "confidence" : 2
  }
},{
  "dateTime" : "12/28/20 15:27:22",
  "value" : {
    "bpm" : 96,
    "confidence" : 2
  }
},{
  "dateTime" : "12/28/20 15:27:27",
  "value" : {
    "bpm" : 95,
    "confidence" : 2
  }
},{
  "dateTime" : "12/28/20 15:27:37",
  "value" : {
    "bpm" : 94,
    "confidence" : 2
  }
},{
  "dateTime" : "12/28/20 15:27:42",
  "value" : {
    "bpm" : 92,
    "confidence" : 2
  }
},{
  "dateTime" : "12/28/20 15:27:57",
  "value" : {
    "bpm" : 93,
    "confidence" : 2
  }
},{
  "dateTime" : "12/28/20 15:28:02",
  "value" : {
    "bpm" : 96,
    "confidence" : 2
  }
},{
  "dateTime" : "12/28/20 15:28:07",
  "value" : {
    "bpm" : 98,
    "confidence" : 2
  }
},{
  "dateTime" : "12/28/20 15:28:12",
  "value" : {
    "bpm" : 99,
    "confidence" : 2
  }
},{
  "dateTime" : "12/28/20 15:28:22",
  "value" : {
    "bpm" : 101,
    "confidence" : 2
  }
},{
  "dateTime" : "12/28/20 15:28:27",
  "value" : {
    "bpm" : 100,
    "confidence" : 2
  }
},{
  "dateTime" : "12/28/20 15:28:32",
  "value" : {
    "bpm" : 99,
    "confidence" : 2
  }
},{
  "dateTime" : "12/28/20 15:28:37",
  "value" : {
    "bpm" : 99,
    "confidence" : 2
  }
},{
  "dateTime" : "12/28/20 15:28:47",
  "value" : {
    "bpm" : 98,
    "confidence" : 2
  }
},{
  "dateTime" : "12/28/20 15:28:52",
  "value" : {
    "bpm" : 96,
    "confidence" : 2
  }
},{
  "dateTime" : "12/28/20 15:28:57",
  "value" : {
    "bpm" : 95,
    "confidence" : 2
  }
},{
  "dateTime" : "12/28/20 15:29:07",
  "value" : {
    "bpm" : 96,
    "confidence" : 2
  }
},{
  "dateTime" : "12/28/20 15:29:12",
  "value" : {
    "bpm" : 95,
    "confidence" : 2
  }
},{
  "dateTime" : "12/28/20 15:29:17",
  "value" : {
    "bpm" : 96,
    "confidence" : 2
  }
},{
  "dateTime" : "12/28/20 15:29:22",
  "value" : {
    "bpm" : 99,
    "confidence" : 2
  }
},{
  "dateTime" : "12/28/20 15:29:27",
  "value" : {
    "bpm" : 101,
    "confidence" : 2
  }
},{
  "dateTime" : "12/28/20 15:29:32",
  "value" : {
    "bpm" : 97,
    "confidence" : 2
  }
},{
  "dateTime" : "12/28/20 15:29:37",
  "value" : {
    "bpm" : 96,
    "confidence" : 2
  }
},{
  "dateTime" : "12/28/20 15:29:42",
  "value" : {
    "bpm" : 95,
    "confidence" : 2
  }
},{
  "dateTime" : "12/28/20 15:29:52",
  "value" : {
    "bpm" : 96,
    "confidence" : 1
  }
},{
  "dateTime" : "12/28/20 15:30:07",
  "value" : {
    "bpm" : 99,
    "confidence" : 1
  }
},{
  "dateTime" : "12/28/20 15:30:12",
  "value" : {
    "bpm" : 99,
    "confidence" : 2
  }
},{
  "dateTime" : "12/28/20 15:30:22",
  "value" : {
    "bpm" : 100,
    "confidence" : 1
  }
},{
  "dateTime" : "12/28/20 15:30:37",
  "value" : {
    "bpm" : 100,
    "confidence" : 1
  }
},{
  "dateTime" : "12/28/20 15:30:42",
  "value" : {
    "bpm" : 101,
    "confidence" : 2
  }
},{
  "dateTime" : "12/28/20 15:30:47",
  "value" : {
    "bpm" : 99,
    "confidence" : 2
  }
},{
  "dateTime" : "12/28/20 15:30:52",
  "value" : {
    "bpm" : 98,
    "confidence" : 1
  }
},{
  "dateTime" : "12/28/20 15:30:57",
  "value" : {
    "bpm" : 100,
    "confidence" : 1
  }
},{
  "dateTime" : "12/28/20 15:31:02",
  "value" : {
    "bpm" : 101,
    "confidence" : 1
  }
},{
  "dateTime" : "12/28/20 15:31:07",
  "value" : {
    "bpm" : 99,
    "confidence" : 1
  }
},{
  "dateTime" : "12/28/20 15:31:17",
  "value" : {
    "bpm" : 98,
    "confidence" : 1
  }
},{
  "dateTime" : "12/28/20 15:31:22",
  "value" : {
    "bpm" : 97,
    "confidence" : 1
  }
},{
  "dateTime" : "12/28/20 15:31:32",
  "value" : {
    "bpm" : 96,
    "confidence" : 1
  }
},{
  "dateTime" : "12/28/20 15:31:37",
  "value" : {
    "bpm" : 97,
    "confidence" : 1
  }
},{
  "dateTime" : "12/28/20 15:31:42",
  "value" : {
    "bpm" : 97,
    "confidence" : 1
  }
},{
  "dateTime" : "12/28/20 15:31:47",
  "value" : {
    "bpm" : 99,
    "confidence" : 1
  }
},{
  "dateTime" : "12/28/20 15:32:02",
  "value" : {
    "bpm" : 100,
    "confidence" : 1
  }
},{
  "dateTime" : "12/28/20 15:32:07",
  "value" : {
    "bpm" : 99,
    "confidence" : 1
  }
},{
  "dateTime" : "12/28/20 15:32:22",
  "value" : {
    "bpm" : 98,
    "confidence" : 1
  }
},{
  "dateTime" : "12/28/20 15:32:27",
  "value" : {
    "bpm" : 96,
    "confidence" : 1
  }
},{
  "dateTime" : "12/28/20 15:32:32",
  "value" : {
    "bpm" : 95,
    "confidence" : 1
  }
},{
  "dateTime" : "12/28/20 15:32:37",
  "value" : {
    "bpm" : 94,
    "confidence" : 1
  }
},{
  "dateTime" : "12/28/20 15:32:52",
  "value" : {
    "bpm" : 93,
    "confidence" : 1
  }
},{
  "dateTime" : "12/28/20 15:32:57",
  "value" : {
    "bpm" : 92,
    "confidence" : 1
  }
},{
  "dateTime" : "12/28/20 15:33:02",
  "value" : {
    "bpm" : 92,
    "confidence" : 2
  }
},{
  "dateTime" : "12/28/20 15:33:12",
  "value" : {
    "bpm" : 91,
    "confidence" : 2
  }
},{
  "dateTime" : "12/28/20 15:33:17",
  "value" : {
    "bpm" : 90,
    "confidence" : 1
  }
},{
  "dateTime" : "12/28/20 15:33:27",
  "value" : {
    "bpm" : 89,
    "confidence" : 1
  }
},{
  "dateTime" : "12/28/20 15:33:32",
  "value" : {
    "bpm" : 88,
    "confidence" : 1
  }
},{
  "dateTime" : "12/28/20 15:33:37",
  "value" : {
    "bpm" : 88,
    "confidence" : 2
  }
},{
  "dateTime" : "12/28/20 15:33:42",
  "value" : {
    "bpm" : 85,
    "confidence" : 2
  }
},{
  "dateTime" : "12/28/20 15:33:47",
  "value" : {
    "bpm" : 83,
    "confidence" : 2
  }
},{
  "dateTime" : "12/28/20 15:34:02",
  "value" : {
    "bpm" : 83,
    "confidence" : 2
  }
},{
  "dateTime" : "12/28/20 15:34:07",
  "value" : {
    "bpm" : 84,
    "confidence" : 1
  }
},{
  "dateTime" : "12/28/20 15:34:22",
  "value" : {
    "bpm" : 84,
    "confidence" : 2
  }
},{
  "dateTime" : "12/28/20 15:34:27",
  "value" : {
    "bpm" : 85,
    "confidence" : 2
  }
},{
  "dateTime" : "12/28/20 15:34:32",
  "value" : {
    "bpm" : 86,
    "confidence" : 2
  }
},{
  "dateTime" : "12/28/20 15:34:42",
  "value" : {
    "bpm" : 87,
    "confidence" : 2
  }
},{
  "dateTime" : "12/28/20 15:34:47",
  "value" : {
    "bpm" : 86,
    "confidence" : 2
  }
},{
  "dateTime" : "12/28/20 15:35:02",
  "value" : {
    "bpm" : 86,
    "confidence" : 2
  }
},{
  "dateTime" : "12/28/20 15:35:08",
  "value" : {
    "bpm" : 86,
    "confidence" : 2
  }
},{
  "dateTime" : "12/28/20 15:35:18",
  "value" : {
    "bpm" : 87,
    "confidence" : 2
  }
},{
  "dateTime" : "12/28/20 15:35:33",
  "value" : {
    "bpm" : 87,
    "confidence" : 2
  }
},{
  "dateTime" : "12/28/20 15:35:48",
  "value" : {
    "bpm" : 87,
    "confidence" : 2
  }
},{
  "dateTime" : "12/28/20 15:36:03",
  "value" : {
    "bpm" : 88,
    "confidence" : 2
  }
},{
  "dateTime" : "12/28/20 15:36:08",
  "value" : {
    "bpm" : 87,
    "confidence" : 2
  }
},{
  "dateTime" : "12/28/20 15:36:13",
  "value" : {
    "bpm" : 86,
    "confidence" : 2
  }
},{
  "dateTime" : "12/28/20 15:36:18",
  "value" : {
    "bpm" : 82,
    "confidence" : 2
  }
},{
  "dateTime" : "12/28/20 15:36:23",
  "value" : {
    "bpm" : 83,
    "confidence" : 2
  }
},{
  "dateTime" : "12/28/20 15:36:33",
  "value" : {
    "bpm" : 84,
    "confidence" : 2
  }
},{
  "dateTime" : "12/28/20 15:36:43",
  "value" : {
    "bpm" : 85,
    "confidence" : 2
  }
},{
  "dateTime" : "12/28/20 15:36:48",
  "value" : {
    "bpm" : 84,
    "confidence" : 2
  }
},{
  "dateTime" : "12/28/20 15:36:58",
  "value" : {
    "bpm" : 84,
    "confidence" : 3
  }
},{
  "dateTime" : "12/28/20 15:37:08",
  "value" : {
    "bpm" : 86,
    "confidence" : 2
  }
},{
  "dateTime" : "12/28/20 15:37:18",
  "value" : {
    "bpm" : 87,
    "confidence" : 2
  }
},{
  "dateTime" : "12/28/20 15:37:33",
  "value" : {
    "bpm" : 87,
    "confidence" : 2
  }
},{
  "dateTime" : "12/28/20 15:37:38",
  "value" : {
    "bpm" : 88,
    "confidence" : 2
  }
},{
  "dateTime" : "12/28/20 15:37:43",
  "value" : {
    "bpm" : 87,
    "confidence" : 2
  }
},{
  "dateTime" : "12/28/20 15:37:48",
  "value" : {
    "bpm" : 86,
    "confidence" : 2
  }
},{
  "dateTime" : "12/28/20 15:38:03",
  "value" : {
    "bpm" : 86,
    "confidence" : 2
  }
},{
  "dateTime" : "12/28/20 15:38:08",
  "value" : {
    "bpm" : 87,
    "confidence" : 2
  }
},{
  "dateTime" : "12/28/20 15:38:13",
  "value" : {
    "bpm" : 84,
    "confidence" : 3
  }
},{
  "dateTime" : "12/28/20 15:38:18",
  "value" : {
    "bpm" : 84,
    "confidence" : 2
  }
},{
  "dateTime" : "12/28/20 15:38:33",
  "value" : {
    "bpm" : 85,
    "confidence" : 2
  }
},{
  "dateTime" : "12/28/20 15:38:38",
  "value" : {
    "bpm" : 84,
    "confidence" : 2
  }
},{
  "dateTime" : "12/28/20 15:38:43",
  "value" : {
    "bpm" : 83,
    "confidence" : 2
  }
},{
  "dateTime" : "12/28/20 15:38:53",
  "value" : {
    "bpm" : 83,
    "confidence" : 3
  }
},{
  "dateTime" : "12/28/20 15:38:58",
  "value" : {
    "bpm" : 81,
    "confidence" : 3
  }
},{
  "dateTime" : "12/28/20 15:39:03",
  "value" : {
    "bpm" : 82,
    "confidence" : 3
  }
},{
  "dateTime" : "12/28/20 15:39:08",
  "value" : {
    "bpm" : 81,
    "confidence" : 2
  }
},{
  "dateTime" : "12/28/20 15:39:13",
  "value" : {
    "bpm" : 82,
    "confidence" : 2
  }
},{
  "dateTime" : "12/28/20 15:39:18",
  "value" : {
    "bpm" : 84,
    "confidence" : 2
  }
},{
  "dateTime" : "12/28/20 15:39:33",
  "value" : {
    "bpm" : 84,
    "confidence" : 2
  }
},{
  "dateTime" : "12/28/20 15:39:43",
  "value" : {
    "bpm" : 84,
    "confidence" : 1
  }
},{
  "dateTime" : "12/28/20 15:39:53",
  "value" : {
    "bpm" : 86,
    "confidence" : 1
  }
},{
  "dateTime" : "12/28/20 15:39:58",
  "value" : {
    "bpm" : 90,
    "confidence" : 1
  }
},{
  "dateTime" : "12/28/20 15:40:03",
  "value" : {
    "bpm" : 96,
    "confidence" : 1
  }
},{
  "dateTime" : "12/28/20 15:40:08",
  "value" : {
    "bpm" : 100,
    "confidence" : 2
  }
},{
  "dateTime" : "12/28/20 15:40:18",
  "value" : {
    "bpm" : 99,
    "confidence" : 2
  }
},{
  "dateTime" : "12/28/20 15:40:23",
  "value" : {
    "bpm" : 100,
    "confidence" : 2
  }
},{
  "dateTime" : "12/28/20 15:40:28",
  "value" : {
    "bpm" : 101,
    "confidence" : 2
  }
},{
  "dateTime" : "12/28/20 15:40:43",
  "value" : {
    "bpm" : 100,
    "confidence" : 2
  }
},{
  "dateTime" : "12/28/20 15:40:48",
  "value" : {
    "bpm" : 101,
    "confidence" : 2
  }
},{
  "dateTime" : "12/28/20 15:40:58",
  "value" : {
    "bpm" : 98,
    "confidence" : 2
  }
},{
  "dateTime" : "12/28/20 15:41:03",
  "value" : {
    "bpm" : 95,
    "confidence" : 2
  }
},{
  "dateTime" : "12/28/20 15:41:08",
  "value" : {
    "bpm" : 94,
    "confidence" : 2
  }
},{
  "dateTime" : "12/28/20 15:41:23",
  "value" : {
    "bpm" : 94,
    "confidence" : 2
  }
},{
  "dateTime" : "12/28/20 15:41:28",
  "value" : {
    "bpm" : 95,
    "confidence" : 2
  }
},{
  "dateTime" : "12/28/20 15:41:43",
  "value" : {
    "bpm" : 97,
    "confidence" : 2
  }
},{
  "dateTime" : "12/28/20 15:41:53",
  "value" : {
    "bpm" : 94,
    "confidence" : 2
  }
},{
  "dateTime" : "12/28/20 15:41:58",
  "value" : {
    "bpm" : 101,
    "confidence" : 2
  }
},{
  "dateTime" : "12/28/20 15:42:03",
  "value" : {
    "bpm" : 100,
    "confidence" : 2
  }
},{
  "dateTime" : "12/28/20 15:42:08",
  "value" : {
    "bpm" : 101,
    "confidence" : 2
  }
},{
  "dateTime" : "12/28/20 15:42:13",
  "value" : {
    "bpm" : 100,
    "confidence" : 2
  }
},{
  "dateTime" : "12/28/20 15:42:28",
  "value" : {
    "bpm" : 100,
    "confidence" : 2
  }
},{
  "dateTime" : "12/28/20 15:42:33",
  "value" : {
    "bpm" : 101,
    "confidence" : 2
  }
},{
  "dateTime" : "12/28/20 15:42:43",
  "value" : {
    "bpm" : 104,
    "confidence" : 2
  }
},{
  "dateTime" : "12/28/20 15:42:48",
  "value" : {
    "bpm" : 105,
    "confidence" : 1
  }
},{
  "dateTime" : "12/28/20 15:42:53",
  "value" : {
    "bpm" : 102,
    "confidence" : 1
  }
},{
  "dateTime" : "12/28/20 15:42:58",
  "value" : {
    "bpm" : 96,
    "confidence" : 1
  }
},{
  "dateTime" : "12/28/20 15:43:03",
  "value" : {
    "bpm" : 94,
    "confidence" : 1
  }
},{
  "dateTime" : "12/28/20 15:43:08",
  "value" : {
    "bpm" : 91,
    "confidence" : 1
  }
},{
  "dateTime" : "12/28/20 15:43:13",
  "value" : {
    "bpm" : 92,
    "confidence" : 2
  }
},{
  "dateTime" : "12/28/20 15:43:18",
  "value" : {
    "bpm" : 96,
    "confidence" : 2
  }
},{
  "dateTime" : "12/28/20 15:43:23",
  "value" : {
    "bpm" : 97,
    "confidence" : 2
  }
},{
  "dateTime" : "12/28/20 15:43:28",
  "value" : {
    "bpm" : 96,
    "confidence" : 2
  }
},{
  "dateTime" : "12/28/20 15:43:33",
  "value" : {
    "bpm" : 95,
    "confidence" : 2
  }
},{
  "dateTime" : "12/28/20 15:43:43",
  "value" : {
    "bpm" : 97,
    "confidence" : 2
  }
},{
  "dateTime" : "12/28/20 15:43:48",
  "value" : {
    "bpm" : 96,
    "confidence" : 2
  }
},{
  "dateTime" : "12/28/20 15:43:58",
  "value" : {
    "bpm" : 97,
    "confidence" : 2
  }
},{
  "dateTime" : "12/28/20 15:44:03",
  "value" : {
    "bpm" : 99,
    "confidence" : 2
  }
},{
  "dateTime" : "12/28/20 15:44:13",
  "value" : {
    "bpm" : 98,
    "confidence" : 2
  }
},{
  "dateTime" : "12/28/20 15:44:18",
  "value" : {
    "bpm" : 100,
    "confidence" : 2
  }
},{
  "dateTime" : "12/28/20 15:44:23",
  "value" : {
    "bpm" : 99,
    "confidence" : 2
  }
},{
  "dateTime" : "12/28/20 15:44:28",
  "value" : {
    "bpm" : 97,
    "confidence" : 2
  }
},{
  "dateTime" : "12/28/20 15:44:33",
  "value" : {
    "bpm" : 100,
    "confidence" : 2
  }
},{
  "dateTime" : "12/28/20 15:44:38",
  "value" : {
    "bpm" : 99,
    "confidence" : 2
  }
},{
  "dateTime" : "12/28/20 15:44:43",
  "value" : {
    "bpm" : 94,
    "confidence" : 2
  }
},{
  "dateTime" : "12/28/20 15:44:48",
  "value" : {
    "bpm" : 93,
    "confidence" : 2
  }
},{
  "dateTime" : "12/28/20 15:44:53",
  "value" : {
    "bpm" : 94,
    "confidence" : 2
  }
},{
  "dateTime" : "12/28/20 15:44:58",
  "value" : {
    "bpm" : 94,
    "confidence" : 2
  }
},{
  "dateTime" : "12/28/20 15:45:03",
  "value" : {
    "bpm" : 96,
    "confidence" : 2
  }
},{
  "dateTime" : "12/28/20 15:45:13",
  "value" : {
    "bpm" : 97,
    "confidence" : 2
  }
},{
  "dateTime" : "12/28/20 15:45:18",
  "value" : {
    "bpm" : 96,
    "confidence" : 2
  }
},{
  "dateTime" : "12/28/20 15:45:23",
  "value" : {
    "bpm" : 95,
    "confidence" : 2
  }
},{
  "dateTime" : "12/28/20 15:45:28",
  "value" : {
    "bpm" : 97,
    "confidence" : 2
  }
},{
  "dateTime" : "12/28/20 15:45:33",
  "value" : {
    "bpm" : 105,
    "confidence" : 2
  }
},{
  "dateTime" : "12/28/20 15:45:38",
  "value" : {
    "bpm" : 106,
    "confidence" : 2
  }
},{
  "dateTime" : "12/28/20 15:45:43",
  "value" : {
    "bpm" : 104,
    "confidence" : 2
  }
},{
  "dateTime" : "12/28/20 15:45:58",
  "value" : {
    "bpm" : 104,
    "confidence" : 2
  }
},{
  "dateTime" : "12/28/20 15:46:03",
  "value" : {
    "bpm" : 106,
    "confidence" : 2
  }
},{
  "dateTime" : "12/28/20 15:46:08",
  "value" : {
    "bpm" : 104,
    "confidence" : 2
  }
},{
  "dateTime" : "12/28/20 15:46:13",
  "value" : {
    "bpm" : 99,
    "confidence" : 1
  }
},{
  "dateTime" : "12/28/20 15:46:18",
  "value" : {
    "bpm" : 94,
    "confidence" : 1
  }
},{
  "dateTime" : "12/28/20 15:46:23",
  "value" : {
    "bpm" : 91,
    "confidence" : 1
  }
},{
  "dateTime" : "12/28/20 15:46:28",
  "value" : {
    "bpm" : 91,
    "confidence" : 2
  }
},{
  "dateTime" : "12/28/20 15:46:33",
  "value" : {
    "bpm" : 94,
    "confidence" : 2
  }
},{
  "dateTime" : "12/28/20 15:46:38",
  "value" : {
    "bpm" : 98,
    "confidence" : 1
  }
},{
  "dateTime" : "12/28/20 15:46:43",
  "value" : {
    "bpm" : 99,
    "confidence" : 2
  }
},{
  "dateTime" : "12/28/20 15:46:48",
  "value" : {
    "bpm" : 98,
    "confidence" : 1
  }
},{
  "dateTime" : "12/28/20 15:46:53",
  "value" : {
    "bpm" : 96,
    "confidence" : 1
  }
},{
  "dateTime" : "12/28/20 15:46:58",
  "value" : {
    "bpm" : 94,
    "confidence" : 2
  }
},{
  "dateTime" : "12/28/20 15:47:03",
  "value" : {
    "bpm" : 97,
    "confidence" : 2
  }
},{
  "dateTime" : "12/28/20 15:47:08",
  "value" : {
    "bpm" : 101,
    "confidence" : 2
  }
},{
  "dateTime" : "12/28/20 15:47:18",
  "value" : {
    "bpm" : 99,
    "confidence" : 2
  }
},{
  "dateTime" : "12/28/20 15:47:23",
  "value" : {
    "bpm" : 95,
    "confidence" : 2
  }
},{
  "dateTime" : "12/28/20 15:47:28",
  "value" : {
    "bpm" : 94,
    "confidence" : 2
  }
},{
  "dateTime" : "12/28/20 15:47:38",
  "value" : {
    "bpm" : 96,
    "confidence" : 2
  }
},{
  "dateTime" : "12/28/20 15:47:43",
  "value" : {
    "bpm" : 101,
    "confidence" : 2
  }
},{
  "dateTime" : "12/28/20 15:47:53",
  "value" : {
    "bpm" : 99,
    "confidence" : 2
  }
},{
  "dateTime" : "12/28/20 15:47:58",
  "value" : {
    "bpm" : 94,
    "confidence" : 2
  }
},{
  "dateTime" : "12/28/20 15:48:03",
  "value" : {
    "bpm" : 93,
    "confidence" : 2
  }
},{
  "dateTime" : "12/28/20 15:48:13",
  "value" : {
    "bpm" : 92,
    "confidence" : 2
  }
},{
  "dateTime" : "12/28/20 15:48:18",
  "value" : {
    "bpm" : 94,
    "confidence" : 2
  }
},{
  "dateTime" : "12/28/20 15:48:23",
  "value" : {
    "bpm" : 100,
    "confidence" : 2
  }
},{
  "dateTime" : "12/28/20 15:48:28",
  "value" : {
    "bpm" : 101,
    "confidence" : 2
  }
},{
  "dateTime" : "12/28/20 15:48:38",
  "value" : {
    "bpm" : 102,
    "confidence" : 2
  }
},{
  "dateTime" : "12/28/20 15:48:48",
  "value" : {
    "bpm" : 106,
    "confidence" : 2
  }
},{
  "dateTime" : "12/28/20 15:48:53",
  "value" : {
    "bpm" : 108,
    "confidence" : 2
  }
},{
  "dateTime" : "12/28/20 15:49:08",
  "value" : {
    "bpm" : 105,
    "confidence" : 2
  }
},{
  "dateTime" : "12/28/20 15:49:13",
  "value" : {
    "bpm" : 103,
    "confidence" : 2
  }
},{
  "dateTime" : "12/28/20 15:49:18",
  "value" : {
    "bpm" : 99,
    "confidence" : 2
  }
},{
  "dateTime" : "12/28/20 15:49:23",
  "value" : {
    "bpm" : 98,
    "confidence" : 2
  }
},{
  "dateTime" : "12/28/20 15:49:28",
  "value" : {
    "bpm" : 99,
    "confidence" : 2
  }
},{
  "dateTime" : "12/28/20 15:49:33",
  "value" : {
    "bpm" : 100,
    "confidence" : 2
  }
},{
  "dateTime" : "12/28/20 15:49:38",
  "value" : {
    "bpm" : 98,
    "confidence" : 1
  }
},{
  "dateTime" : "12/28/20 15:49:43",
  "value" : {
    "bpm" : 97,
    "confidence" : 1
  }
},{
  "dateTime" : "12/28/20 15:49:48",
  "value" : {
    "bpm" : 99,
    "confidence" : 2
  }
},{
  "dateTime" : "12/28/20 15:49:53",
  "value" : {
    "bpm" : 102,
    "confidence" : 2
  }
},{
  "dateTime" : "12/28/20 15:49:58",
  "value" : {
    "bpm" : 103,
    "confidence" : 2
  }
},{
  "dateTime" : "12/28/20 15:50:03",
  "value" : {
    "bpm" : 103,
    "confidence" : 1
  }
},{
  "dateTime" : "12/28/20 15:50:08",
  "value" : {
    "bpm" : 101,
    "confidence" : 1
  }
},{
  "dateTime" : "12/28/20 15:50:13",
  "value" : {
    "bpm" : 100,
    "confidence" : 1
  }
},{
  "dateTime" : "12/28/20 15:50:18",
  "value" : {
    "bpm" : 102,
    "confidence" : 1
  }
},{
  "dateTime" : "12/28/20 15:50:28",
  "value" : {
    "bpm" : 101,
    "confidence" : 1
  }
},{
  "dateTime" : "12/28/20 15:50:33",
  "value" : {
    "bpm" : 102,
    "confidence" : 1
  }
},{
  "dateTime" : "12/28/20 15:50:43",
  "value" : {
    "bpm" : 100,
    "confidence" : 1
  }
},{
  "dateTime" : "12/28/20 15:50:48",
  "value" : {
    "bpm" : 99,
    "confidence" : 2
  }
},{
  "dateTime" : "12/28/20 15:50:53",
  "value" : {
    "bpm" : 101,
    "confidence" : 2
  }
},{
  "dateTime" : "12/28/20 15:50:58",
  "value" : {
    "bpm" : 102,
    "confidence" : 2
  }
},{
  "dateTime" : "12/28/20 15:51:03",
  "value" : {
    "bpm" : 101,
    "confidence" : 2
  }
},{
  "dateTime" : "12/28/20 15:51:08",
  "value" : {
    "bpm" : 103,
    "confidence" : 2
  }
},{
  "dateTime" : "12/28/20 15:51:13",
  "value" : {
    "bpm" : 105,
    "confidence" : 2
  }
},{
  "dateTime" : "12/28/20 15:51:18",
  "value" : {
    "bpm" : 106,
    "confidence" : 1
  }
},{
  "dateTime" : "12/28/20 15:51:23",
  "value" : {
    "bpm" : 100,
    "confidence" : 2
  }
},{
  "dateTime" : "12/28/20 15:51:28",
  "value" : {
    "bpm" : 97,
    "confidence" : 2
  }
},{
  "dateTime" : "12/28/20 15:51:38",
  "value" : {
    "bpm" : 94,
    "confidence" : 2
  }
},{
  "dateTime" : "12/28/20 15:51:43",
  "value" : {
    "bpm" : 95,
    "confidence" : 2
  }
},{
  "dateTime" : "12/28/20 15:51:48",
  "value" : {
    "bpm" : 99,
    "confidence" : 2
  }
},{
  "dateTime" : "12/28/20 15:51:53",
  "value" : {
    "bpm" : 101,
    "confidence" : 2
  }
},{
  "dateTime" : "12/28/20 15:51:58",
  "value" : {
    "bpm" : 104,
    "confidence" : 2
  }
},{
  "dateTime" : "12/28/20 15:52:03",
  "value" : {
    "bpm" : 107,
    "confidence" : 2
  }
},{
  "dateTime" : "12/28/20 15:52:13",
  "value" : {
    "bpm" : 104,
    "confidence" : 1
  }
},{
  "dateTime" : "12/28/20 15:52:18",
  "value" : {
    "bpm" : 99,
    "confidence" : 2
  }
},{
  "dateTime" : "12/28/20 15:52:23",
  "value" : {
    "bpm" : 98,
    "confidence" : 2
  }
},{
  "dateTime" : "12/28/20 15:52:28",
  "value" : {
    "bpm" : 99,
    "confidence" : 2
  }
},{
  "dateTime" : "12/28/20 15:52:33",
  "value" : {
    "bpm" : 100,
    "confidence" : 2
  }
},{
  "dateTime" : "12/28/20 15:52:38",
  "value" : {
    "bpm" : 99,
    "confidence" : 2
  }
},{
  "dateTime" : "12/28/20 15:52:43",
  "value" : {
    "bpm" : 98,
    "confidence" : 2
  }
},{
  "dateTime" : "12/28/20 15:52:48",
  "value" : {
    "bpm" : 100,
    "confidence" : 2
  }
},{
  "dateTime" : "12/28/20 15:52:54",
  "value" : {
    "bpm" : 105,
    "confidence" : 2
  }
},{
  "dateTime" : "12/28/20 15:52:59",
  "value" : {
    "bpm" : 106,
    "confidence" : 2
  }
},{
  "dateTime" : "12/28/20 15:53:04",
  "value" : {
    "bpm" : 110,
    "confidence" : 2
  }
},{
  "dateTime" : "12/28/20 15:53:14",
  "value" : {
    "bpm" : 110,
    "confidence" : 1
  }
},{
  "dateTime" : "12/28/20 15:53:24",
  "value" : {
    "bpm" : 111,
    "confidence" : 1
  }
},{
  "dateTime" : "12/28/20 15:53:29",
  "value" : {
    "bpm" : 109,
    "confidence" : 1
  }
},{
  "dateTime" : "12/28/20 15:53:34",
  "value" : {
    "bpm" : 109,
    "confidence" : 2
  }
},{
  "dateTime" : "12/28/20 15:53:39",
  "value" : {
    "bpm" : 111,
    "confidence" : 2
  }
},{
  "dateTime" : "12/28/20 15:53:44",
  "value" : {
    "bpm" : 110,
    "confidence" : 1
  }
},{
  "dateTime" : "12/28/20 15:53:49",
  "value" : {
    "bpm" : 111,
    "confidence" : 1
  }
},{
  "dateTime" : "12/28/20 16:48:40",
  "value" : {
    "bpm" : 70,
    "confidence" : 0
  }
},{
  "dateTime" : "12/28/20 17:43:17",
  "value" : {
    "bpm" : 70,
    "confidence" : 0
  }
}]