[{
  "dateTime" : "04/10/21 14:19:38",
  "value" : {
    "bpm" : 70,
    "confidence" : 0
  }
},{
  "dateTime" : "04/10/21 14:19:53",
  "value" : {
    "bpm" : 70,
    "confidence" : 0
  }
},{
  "dateTime" : "04/10/21 14:19:58",
  "value" : {
    "bpm" : 95,
    "confidence" : 1
  }
},{
  "dateTime" : "04/10/21 14:20:03",
  "value" : {
    "bpm" : 92,
    "confidence" : 2
  }
},{
  "dateTime" : "04/10/21 14:20:13",
  "value" : {
    "bpm" : 93,
    "confidence" : 2
  }
},{
  "dateTime" : "04/10/21 14:20:23",
  "value" : {
    "bpm" : 92,
    "confidence" : 2
  }
},{
  "dateTime" : "04/10/21 14:20:38",
  "value" : {
    "bpm" : 92,
    "confidence" : 2
  }
},{
  "dateTime" : "04/10/21 14:20:43",
  "value" : {
    "bpm" : 93,
    "confidence" : 2
  }
},{
  "dateTime" : "04/10/21 14:20:48",
  "value" : {
    "bpm" : 95,
    "confidence" : 2
  }
},{
  "dateTime" : "04/10/21 14:20:53",
  "value" : {
    "bpm" : 98,
    "confidence" : 2
  }
},{
  "dateTime" : "04/10/21 14:20:58",
  "value" : {
    "bpm" : 100,
    "confidence" : 2
  }
},{
  "dateTime" : "04/10/21 14:21:03",
  "value" : {
    "bpm" : 102,
    "confidence" : 2
  }
},{
  "dateTime" : "04/10/21 14:21:08",
  "value" : {
    "bpm" : 104,
    "confidence" : 2
  }
},{
  "dateTime" : "04/10/21 14:21:13",
  "value" : {
    "bpm" : 105,
    "confidence" : 2
  }
},{
  "dateTime" : "04/10/21 14:21:18",
  "value" : {
    "bpm" : 107,
    "confidence" : 2
  }
},{
  "dateTime" : "04/10/21 14:21:23",
  "value" : {
    "bpm" : 108,
    "confidence" : 2
  }
},{
  "dateTime" : "04/10/21 14:21:33",
  "value" : {
    "bpm" : 112,
    "confidence" : 2
  }
},{
  "dateTime" : "04/10/21 14:21:38",
  "value" : {
    "bpm" : 112,
    "confidence" : 1
  }
},{
  "dateTime" : "04/10/21 14:21:43",
  "value" : {
    "bpm" : 111,
    "confidence" : 1
  }
},{
  "dateTime" : "04/10/21 14:21:48",
  "value" : {
    "bpm" : 110,
    "confidence" : 1
  }
},{
  "dateTime" : "04/10/21 14:21:53",
  "value" : {
    "bpm" : 108,
    "confidence" : 1
  }
},{
  "dateTime" : "04/10/21 14:21:58",
  "value" : {
    "bpm" : 109,
    "confidence" : 1
  }
},{
  "dateTime" : "04/10/21 14:22:08",
  "value" : {
    "bpm" : 110,
    "confidence" : 1
  }
},{
  "dateTime" : "04/10/21 14:22:13",
  "value" : {
    "bpm" : 111,
    "confidence" : 1
  }
},{
  "dateTime" : "04/10/21 14:22:20",
  "value" : {
    "bpm" : 112,
    "confidence" : 0
  }
},{
  "dateTime" : "04/10/21 14:22:30",
  "value" : {
    "bpm" : 113,
    "confidence" : 0
  }
},{
  "dateTime" : "04/10/21 14:22:35",
  "value" : {
    "bpm" : 115,
    "confidence" : 0
  }
},{
  "dateTime" : "04/10/21 14:22:40",
  "value" : {
    "bpm" : 113,
    "confidence" : 0
  }
},{
  "dateTime" : "04/10/21 14:22:45",
  "value" : {
    "bpm" : 110,
    "confidence" : 1
  }
},{
  "dateTime" : "04/10/21 14:22:50",
  "value" : {
    "bpm" : 111,
    "confidence" : 1
  }
},{
  "dateTime" : "04/10/21 14:22:55",
  "value" : {
    "bpm" : 114,
    "confidence" : 1
  }
},{
  "dateTime" : "04/10/21 14:23:00",
  "value" : {
    "bpm" : 117,
    "confidence" : 1
  }
},{
  "dateTime" : "04/10/21 14:23:05",
  "value" : {
    "bpm" : 117,
    "confidence" : 0
  }
},{
  "dateTime" : "04/10/21 14:23:10",
  "value" : {
    "bpm" : 119,
    "confidence" : 0
  }
},{
  "dateTime" : "04/10/21 14:23:15",
  "value" : {
    "bpm" : 121,
    "confidence" : 1
  }
},{
  "dateTime" : "04/10/21 14:23:20",
  "value" : {
    "bpm" : 125,
    "confidence" : 1
  }
},{
  "dateTime" : "04/10/21 14:23:25",
  "value" : {
    "bpm" : 128,
    "confidence" : 1
  }
},{
  "dateTime" : "04/10/21 14:23:30",
  "value" : {
    "bpm" : 132,
    "confidence" : 1
  }
},{
  "dateTime" : "04/10/21 14:23:35",
  "value" : {
    "bpm" : 137,
    "confidence" : 1
  }
},{
  "dateTime" : "04/10/21 14:23:40",
  "value" : {
    "bpm" : 142,
    "confidence" : 1
  }
},{
  "dateTime" : "04/10/21 14:23:45",
  "value" : {
    "bpm" : 146,
    "confidence" : 1
  }
},{
  "dateTime" : "04/10/21 14:23:50",
  "value" : {
    "bpm" : 149,
    "confidence" : 0
  }
},{
  "dateTime" : "04/10/21 14:24:00",
  "value" : {
    "bpm" : 151,
    "confidence" : 0
  }
},{
  "dateTime" : "04/10/21 14:24:05",
  "value" : {
    "bpm" : 154,
    "confidence" : 0
  }
},{
  "dateTime" : "04/10/21 14:24:10",
  "value" : {
    "bpm" : 157,
    "confidence" : 0
  }
},{
  "dateTime" : "04/10/21 14:24:15",
  "value" : {
    "bpm" : 159,
    "confidence" : 0
  }
},{
  "dateTime" : "04/10/21 14:24:20",
  "value" : {
    "bpm" : 155,
    "confidence" : 0
  }
},{
  "dateTime" : "04/10/21 14:24:25",
  "value" : {
    "bpm" : 151,
    "confidence" : 0
  }
},{
  "dateTime" : "04/10/21 14:24:30",
  "value" : {
    "bpm" : 147,
    "confidence" : 0
  }
},{
  "dateTime" : "04/10/21 14:24:35",
  "value" : {
    "bpm" : 143,
    "confidence" : 0
  }
},{
  "dateTime" : "04/10/21 14:24:40",
  "value" : {
    "bpm" : 144,
    "confidence" : 0
  }
},{
  "dateTime" : "04/10/21 14:24:45",
  "value" : {
    "bpm" : 140,
    "confidence" : 0
  }
},{
  "dateTime" : "04/10/21 14:24:50",
  "value" : {
    "bpm" : 137,
    "confidence" : 0
  }
},{
  "dateTime" : "04/10/21 14:24:55",
  "value" : {
    "bpm" : 135,
    "confidence" : 0
  }
},{
  "dateTime" : "04/10/21 14:25:00",
  "value" : {
    "bpm" : 134,
    "confidence" : 0
  }
},{
  "dateTime" : "04/10/21 14:25:10",
  "value" : {
    "bpm" : 132,
    "confidence" : 0
  }
},{
  "dateTime" : "04/10/21 14:25:15",
  "value" : {
    "bpm" : 131,
    "confidence" : 0
  }
},{
  "dateTime" : "04/10/21 14:25:20",
  "value" : {
    "bpm" : 130,
    "confidence" : 0
  }
},{
  "dateTime" : "04/10/21 14:25:25",
  "value" : {
    "bpm" : 127,
    "confidence" : 0
  }
},{
  "dateTime" : "04/10/21 14:25:30",
  "value" : {
    "bpm" : 127,
    "confidence" : 1
  }
},{
  "dateTime" : "04/10/21 14:25:45",
  "value" : {
    "bpm" : 126,
    "confidence" : 1
  }
},{
  "dateTime" : "04/10/21 14:25:50",
  "value" : {
    "bpm" : 125,
    "confidence" : 1
  }
},{
  "dateTime" : "04/10/21 14:25:55",
  "value" : {
    "bpm" : 123,
    "confidence" : 1
  }
},{
  "dateTime" : "04/10/21 14:26:00",
  "value" : {
    "bpm" : 121,
    "confidence" : 1
  }
},{
  "dateTime" : "04/10/21 14:26:05",
  "value" : {
    "bpm" : 118,
    "confidence" : 1
  }
},{
  "dateTime" : "04/10/21 14:26:10",
  "value" : {
    "bpm" : 125,
    "confidence" : 1
  }
},{
  "dateTime" : "04/10/21 14:26:15",
  "value" : {
    "bpm" : 126,
    "confidence" : 1
  }
},{
  "dateTime" : "04/10/21 14:26:20",
  "value" : {
    "bpm" : 127,
    "confidence" : 1
  }
},{
  "dateTime" : "04/10/21 14:26:30",
  "value" : {
    "bpm" : 128,
    "confidence" : 1
  }
},{
  "dateTime" : "04/10/21 14:26:35",
  "value" : {
    "bpm" : 130,
    "confidence" : 1
  }
},{
  "dateTime" : "04/10/21 14:26:40",
  "value" : {
    "bpm" : 129,
    "confidence" : 1
  }
},{
  "dateTime" : "04/10/21 14:26:50",
  "value" : {
    "bpm" : 131,
    "confidence" : 0
  }
},{
  "dateTime" : "04/10/21 14:27:00",
  "value" : {
    "bpm" : 126,
    "confidence" : 1
  }
},{
  "dateTime" : "04/10/21 14:27:05",
  "value" : {
    "bpm" : 125,
    "confidence" : 1
  }
},{
  "dateTime" : "04/10/21 14:27:10",
  "value" : {
    "bpm" : 123,
    "confidence" : 1
  }
},{
  "dateTime" : "04/10/21 14:27:15",
  "value" : {
    "bpm" : 117,
    "confidence" : 1
  }
},{
  "dateTime" : "04/10/21 14:27:20",
  "value" : {
    "bpm" : 115,
    "confidence" : 1
  }
},{
  "dateTime" : "04/10/21 14:27:25",
  "value" : {
    "bpm" : 112,
    "confidence" : 1
  }
},{
  "dateTime" : "04/10/21 14:27:30",
  "value" : {
    "bpm" : 111,
    "confidence" : 1
  }
},{
  "dateTime" : "04/10/21 14:27:35",
  "value" : {
    "bpm" : 113,
    "confidence" : 1
  }
},{
  "dateTime" : "04/10/21 14:27:40",
  "value" : {
    "bpm" : 112,
    "confidence" : 1
  }
},{
  "dateTime" : "04/10/21 14:27:45",
  "value" : {
    "bpm" : 114,
    "confidence" : 1
  }
},{
  "dateTime" : "04/10/21 14:27:50",
  "value" : {
    "bpm" : 117,
    "confidence" : 1
  }
},{
  "dateTime" : "04/10/21 14:27:55",
  "value" : {
    "bpm" : 119,
    "confidence" : 1
  }
},{
  "dateTime" : "04/10/21 14:28:00",
  "value" : {
    "bpm" : 116,
    "confidence" : 1
  }
},{
  "dateTime" : "04/10/21 14:28:05",
  "value" : {
    "bpm" : 114,
    "confidence" : 1
  }
},{
  "dateTime" : "04/10/21 14:28:10",
  "value" : {
    "bpm" : 115,
    "confidence" : 1
  }
},{
  "dateTime" : "04/10/21 14:28:15",
  "value" : {
    "bpm" : 114,
    "confidence" : 1
  }
},{
  "dateTime" : "04/10/21 14:28:20",
  "value" : {
    "bpm" : 112,
    "confidence" : 1
  }
},{
  "dateTime" : "04/10/21 14:28:25",
  "value" : {
    "bpm" : 110,
    "confidence" : 1
  }
},{
  "dateTime" : "04/10/21 14:28:30",
  "value" : {
    "bpm" : 108,
    "confidence" : 1
  }
},{
  "dateTime" : "04/10/21 14:28:35",
  "value" : {
    "bpm" : 110,
    "confidence" : 1
  }
},{
  "dateTime" : "04/10/21 14:28:45",
  "value" : {
    "bpm" : 112,
    "confidence" : 1
  }
},{
  "dateTime" : "04/10/21 14:28:50",
  "value" : {
    "bpm" : 113,
    "confidence" : 1
  }
},{
  "dateTime" : "04/10/21 14:28:55",
  "value" : {
    "bpm" : 115,
    "confidence" : 1
  }
},{
  "dateTime" : "04/10/21 14:29:00",
  "value" : {
    "bpm" : 117,
    "confidence" : 1
  }
},{
  "dateTime" : "04/10/21 14:29:05",
  "value" : {
    "bpm" : 116,
    "confidence" : 1
  }
},{
  "dateTime" : "04/10/21 14:29:10",
  "value" : {
    "bpm" : 115,
    "confidence" : 1
  }
},{
  "dateTime" : "04/10/21 14:29:15",
  "value" : {
    "bpm" : 114,
    "confidence" : 1
  }
},{
  "dateTime" : "04/10/21 14:29:25",
  "value" : {
    "bpm" : 115,
    "confidence" : 1
  }
},{
  "dateTime" : "04/10/21 14:29:30",
  "value" : {
    "bpm" : 114,
    "confidence" : 1
  }
},{
  "dateTime" : "04/10/21 14:29:35",
  "value" : {
    "bpm" : 112,
    "confidence" : 1
  }
},{
  "dateTime" : "04/10/21 14:29:40",
  "value" : {
    "bpm" : 111,
    "confidence" : 1
  }
},{
  "dateTime" : "04/10/21 14:29:50",
  "value" : {
    "bpm" : 110,
    "confidence" : 1
  }
},{
  "dateTime" : "04/10/21 14:29:55",
  "value" : {
    "bpm" : 110,
    "confidence" : 2
  }
},{
  "dateTime" : "04/10/21 14:30:00",
  "value" : {
    "bpm" : 111,
    "confidence" : 2
  }
},{
  "dateTime" : "04/10/21 14:30:10",
  "value" : {
    "bpm" : 112,
    "confidence" : 2
  }
},{
  "dateTime" : "04/10/21 14:30:20",
  "value" : {
    "bpm" : 113,
    "confidence" : 2
  }
},{
  "dateTime" : "04/10/21 14:30:25",
  "value" : {
    "bpm" : 114,
    "confidence" : 2
  }
},{
  "dateTime" : "04/10/21 14:30:35",
  "value" : {
    "bpm" : 115,
    "confidence" : 2
  }
},{
  "dateTime" : "04/10/21 14:30:40",
  "value" : {
    "bpm" : 113,
    "confidence" : 2
  }
},{
  "dateTime" : "04/10/21 14:30:45",
  "value" : {
    "bpm" : 110,
    "confidence" : 2
  }
},{
  "dateTime" : "04/10/21 14:30:50",
  "value" : {
    "bpm" : 111,
    "confidence" : 2
  }
},{
  "dateTime" : "04/10/21 14:30:55",
  "value" : {
    "bpm" : 115,
    "confidence" : 2
  }
},{
  "dateTime" : "04/10/21 14:31:00",
  "value" : {
    "bpm" : 119,
    "confidence" : 2
  }
},{
  "dateTime" : "04/10/21 14:31:05",
  "value" : {
    "bpm" : 122,
    "confidence" : 2
  }
},{
  "dateTime" : "04/10/21 14:31:10",
  "value" : {
    "bpm" : 125,
    "confidence" : 2
  }
},{
  "dateTime" : "04/10/21 14:31:15",
  "value" : {
    "bpm" : 127,
    "confidence" : 2
  }
},{
  "dateTime" : "04/10/21 14:31:20",
  "value" : {
    "bpm" : 124,
    "confidence" : 2
  }
},{
  "dateTime" : "04/10/21 14:31:25",
  "value" : {
    "bpm" : 124,
    "confidence" : 1
  }
},{
  "dateTime" : "04/10/21 14:31:30",
  "value" : {
    "bpm" : 123,
    "confidence" : 1
  }
},{
  "dateTime" : "04/10/21 14:31:35",
  "value" : {
    "bpm" : 118,
    "confidence" : 1
  }
},{
  "dateTime" : "04/10/21 14:31:40",
  "value" : {
    "bpm" : 113,
    "confidence" : 1
  }
},{
  "dateTime" : "04/10/21 14:31:45",
  "value" : {
    "bpm" : 111,
    "confidence" : 1
  }
},{
  "dateTime" : "04/10/21 14:31:55",
  "value" : {
    "bpm" : 113,
    "confidence" : 1
  }
},{
  "dateTime" : "04/10/21 14:32:00",
  "value" : {
    "bpm" : 112,
    "confidence" : 1
  }
},{
  "dateTime" : "04/10/21 14:32:05",
  "value" : {
    "bpm" : 109,
    "confidence" : 1
  }
},{
  "dateTime" : "04/10/21 14:32:10",
  "value" : {
    "bpm" : 110,
    "confidence" : 1
  }
},{
  "dateTime" : "04/10/21 14:32:15",
  "value" : {
    "bpm" : 110,
    "confidence" : 2
  }
},{
  "dateTime" : "04/10/21 14:32:20",
  "value" : {
    "bpm" : 108,
    "confidence" : 2
  }
},{
  "dateTime" : "04/10/21 14:32:25",
  "value" : {
    "bpm" : 103,
    "confidence" : 2
  }
},{
  "dateTime" : "04/10/21 14:32:30",
  "value" : {
    "bpm" : 100,
    "confidence" : 2
  }
},{
  "dateTime" : "04/10/21 14:32:35",
  "value" : {
    "bpm" : 101,
    "confidence" : 2
  }
},{
  "dateTime" : "04/10/21 14:32:45",
  "value" : {
    "bpm" : 103,
    "confidence" : 2
  }
},{
  "dateTime" : "04/10/21 14:32:50",
  "value" : {
    "bpm" : 105,
    "confidence" : 2
  }
},{
  "dateTime" : "04/10/21 14:32:55",
  "value" : {
    "bpm" : 102,
    "confidence" : 1
  }
},{
  "dateTime" : "04/10/21 14:33:00",
  "value" : {
    "bpm" : 105,
    "confidence" : 1
  }
},{
  "dateTime" : "04/10/21 14:33:05",
  "value" : {
    "bpm" : 107,
    "confidence" : 1
  }
},{
  "dateTime" : "04/10/21 14:33:10",
  "value" : {
    "bpm" : 106,
    "confidence" : 1
  }
},{
  "dateTime" : "04/10/21 14:33:20",
  "value" : {
    "bpm" : 105,
    "confidence" : 1
  }
},{
  "dateTime" : "04/10/21 14:33:25",
  "value" : {
    "bpm" : 107,
    "confidence" : 1
  }
},{
  "dateTime" : "04/10/21 14:33:30",
  "value" : {
    "bpm" : 108,
    "confidence" : 1
  }
},{
  "dateTime" : "04/10/21 14:33:35",
  "value" : {
    "bpm" : 106,
    "confidence" : 1
  }
},{
  "dateTime" : "04/10/21 14:33:40",
  "value" : {
    "bpm" : 105,
    "confidence" : 1
  }
},{
  "dateTime" : "04/10/21 14:33:45",
  "value" : {
    "bpm" : 107,
    "confidence" : 2
  }
},{
  "dateTime" : "04/10/21 14:33:50",
  "value" : {
    "bpm" : 111,
    "confidence" : 2
  }
},{
  "dateTime" : "04/10/21 14:33:55",
  "value" : {
    "bpm" : 108,
    "confidence" : 2
  }
},{
  "dateTime" : "04/10/21 14:34:00",
  "value" : {
    "bpm" : 107,
    "confidence" : 2
  }
},{
  "dateTime" : "04/10/21 14:34:05",
  "value" : {
    "bpm" : 106,
    "confidence" : 2
  }
},{
  "dateTime" : "04/10/21 14:34:10",
  "value" : {
    "bpm" : 107,
    "confidence" : 2
  }
},{
  "dateTime" : "04/10/21 14:34:15",
  "value" : {
    "bpm" : 108,
    "confidence" : 2
  }
},{
  "dateTime" : "04/10/21 14:34:20",
  "value" : {
    "bpm" : 106,
    "confidence" : 2
  }
},{
  "dateTime" : "04/10/21 14:34:25",
  "value" : {
    "bpm" : 104,
    "confidence" : 2
  }
},{
  "dateTime" : "04/10/21 14:34:30",
  "value" : {
    "bpm" : 99,
    "confidence" : 2
  }
},{
  "dateTime" : "04/10/21 14:34:35",
  "value" : {
    "bpm" : 97,
    "confidence" : 2
  }
},{
  "dateTime" : "04/10/21 14:34:40",
  "value" : {
    "bpm" : 106,
    "confidence" : 2
  }
},{
  "dateTime" : "04/10/21 14:34:45",
  "value" : {
    "bpm" : 108,
    "confidence" : 2
  }
},{
  "dateTime" : "04/10/21 14:35:00",
  "value" : {
    "bpm" : 109,
    "confidence" : 2
  }
},{
  "dateTime" : "04/10/21 14:35:05",
  "value" : {
    "bpm" : 108,
    "confidence" : 2
  }
},{
  "dateTime" : "04/10/21 14:35:10",
  "value" : {
    "bpm" : 106,
    "confidence" : 2
  }
},{
  "dateTime" : "04/10/21 14:35:15",
  "value" : {
    "bpm" : 108,
    "confidence" : 2
  }
},{
  "dateTime" : "04/10/21 14:35:20",
  "value" : {
    "bpm" : 114,
    "confidence" : 2
  }
},{
  "dateTime" : "04/10/21 14:35:25",
  "value" : {
    "bpm" : 118,
    "confidence" : 2
  }
},{
  "dateTime" : "04/10/21 14:35:40",
  "value" : {
    "bpm" : 116,
    "confidence" : 2
  }
},{
  "dateTime" : "04/10/21 14:35:45",
  "value" : {
    "bpm" : 113,
    "confidence" : 2
  }
},{
  "dateTime" : "04/10/21 14:35:50",
  "value" : {
    "bpm" : 111,
    "confidence" : 2
  }
},{
  "dateTime" : "04/10/21 14:35:55",
  "value" : {
    "bpm" : 109,
    "confidence" : 2
  }
},{
  "dateTime" : "04/10/21 14:36:00",
  "value" : {
    "bpm" : 106,
    "confidence" : 2
  }
},{
  "dateTime" : "04/10/21 14:36:05",
  "value" : {
    "bpm" : 104,
    "confidence" : 2
  }
},{
  "dateTime" : "04/10/21 14:36:10",
  "value" : {
    "bpm" : 101,
    "confidence" : 2
  }
},{
  "dateTime" : "04/10/21 14:36:15",
  "value" : {
    "bpm" : 102,
    "confidence" : 2
  }
},{
  "dateTime" : "04/10/21 14:36:20",
  "value" : {
    "bpm" : 103,
    "confidence" : 2
  }
},{
  "dateTime" : "04/10/21 14:36:25",
  "value" : {
    "bpm" : 102,
    "confidence" : 2
  }
},{
  "dateTime" : "04/10/21 14:36:30",
  "value" : {
    "bpm" : 98,
    "confidence" : 2
  }
},{
  "dateTime" : "04/10/21 14:36:35",
  "value" : {
    "bpm" : 93,
    "confidence" : 2
  }
},{
  "dateTime" : "04/10/21 14:36:40",
  "value" : {
    "bpm" : 90,
    "confidence" : 2
  }
},{
  "dateTime" : "04/10/21 14:36:55",
  "value" : {
    "bpm" : 90,
    "confidence" : 2
  }
},{
  "dateTime" : "04/10/21 14:57:51",
  "value" : {
    "bpm" : 70,
    "confidence" : 0
  }
},{
  "dateTime" : "04/10/21 14:58:06",
  "value" : {
    "bpm" : 70,
    "confidence" : 0
  }
},{
  "dateTime" : "04/10/21 14:58:11",
  "value" : {
    "bpm" : 85,
    "confidence" : 0
  }
},{
  "dateTime" : "04/10/21 14:58:16",
  "value" : {
    "bpm" : 85,
    "confidence" : 1
  }
},{
  "dateTime" : "04/10/21 14:58:21",
  "value" : {
    "bpm" : 84,
    "confidence" : 1
  }
},{
  "dateTime" : "04/10/21 14:58:31",
  "value" : {
    "bpm" : 85,
    "confidence" : 1
  }
},{
  "dateTime" : "04/10/21 14:58:36",
  "value" : {
    "bpm" : 86,
    "confidence" : 1
  }
},{
  "dateTime" : "04/10/21 14:58:41",
  "value" : {
    "bpm" : 86,
    "confidence" : 2
  }
},{
  "dateTime" : "04/10/21 14:58:51",
  "value" : {
    "bpm" : 87,
    "confidence" : 1
  }
},{
  "dateTime" : "04/10/21 14:59:01",
  "value" : {
    "bpm" : 87,
    "confidence" : 2
  }
},{
  "dateTime" : "04/10/21 16:48:11",
  "value" : {
    "bpm" : 70,
    "confidence" : 0
  }
},{
  "dateTime" : "04/10/21 20:28:25",
  "value" : {
    "bpm" : 70,
    "confidence" : 0
  }
},{
  "dateTime" : "04/10/21 20:28:40",
  "value" : {
    "bpm" : 70,
    "confidence" : 0
  }
},{
  "dateTime" : "04/10/21 20:28:45",
  "value" : {
    "bpm" : 84,
    "confidence" : 0
  }
},{
  "dateTime" : "04/10/21 20:28:50",
  "value" : {
    "bpm" : 91,
    "confidence" : 1
  }
},{
  "dateTime" : "04/10/21 20:29:05",
  "value" : {
    "bpm" : 91,
    "confidence" : 1
  }
},{
  "dateTime" : "04/10/21 20:29:20",
  "value" : {
    "bpm" : 91,
    "confidence" : 1
  }
},{
  "dateTime" : "04/10/21 20:29:25",
  "value" : {
    "bpm" : 94,
    "confidence" : 1
  }
},{
  "dateTime" : "04/10/21 20:29:30",
  "value" : {
    "bpm" : 100,
    "confidence" : 1
  }
},{
  "dateTime" : "04/10/21 20:29:40",
  "value" : {
    "bpm" : 97,
    "confidence" : 1
  }
},{
  "dateTime" : "04/10/21 20:29:45",
  "value" : {
    "bpm" : 96,
    "confidence" : 1
  }
},{
  "dateTime" : "04/10/21 20:29:59",
  "value" : {
    "bpm" : 96,
    "confidence" : 1
  }
},{
  "dateTime" : "04/10/21 20:30:04",
  "value" : {
    "bpm" : 96,
    "confidence" : 2
  }
},{
  "dateTime" : "04/10/21 20:30:43",
  "value" : {
    "bpm" : 70,
    "confidence" : 0
  }
},{
  "dateTime" : "04/10/21 20:31:11",
  "value" : {
    "bpm" : 70,
    "confidence" : 0
  }
},{
  "dateTime" : "04/10/21 20:31:26",
  "value" : {
    "bpm" : 72,
    "confidence" : 0
  }
},{
  "dateTime" : "04/10/21 20:31:31",
  "value" : {
    "bpm" : 88,
    "confidence" : 0
  }
},{
  "dateTime" : "04/10/21 20:31:36",
  "value" : {
    "bpm" : 86,
    "confidence" : 1
  }
},{
  "dateTime" : "04/10/21 20:32:29",
  "value" : {
    "bpm" : 70,
    "confidence" : 0
  }
},{
  "dateTime" : "04/10/21 20:32:34",
  "value" : {
    "bpm" : 82,
    "confidence" : 0
  }
},{
  "dateTime" : "04/10/21 20:32:44",
  "value" : {
    "bpm" : 92,
    "confidence" : 1
  }
},{
  "dateTime" : "04/10/21 20:32:49",
  "value" : {
    "bpm" : 90,
    "confidence" : 2
  }
},{
  "dateTime" : "04/10/21 21:31:51",
  "value" : {
    "bpm" : 70,
    "confidence" : 0
  }
},{
  "dateTime" : "04/10/21 21:32:06",
  "value" : {
    "bpm" : 86,
    "confidence" : 0
  }
},{
  "dateTime" : "04/10/21 21:32:19",
  "value" : {
    "bpm" : 87,
    "confidence" : 1
  }
},{
  "dateTime" : "04/10/21 21:32:24",
  "value" : {
    "bpm" : 86,
    "confidence" : 1
  }
},{
  "dateTime" : "04/10/21 21:32:29",
  "value" : {
    "bpm" : 87,
    "confidence" : 1
  }
},{
  "dateTime" : "04/10/21 21:32:39",
  "value" : {
    "bpm" : 90,
    "confidence" : 1
  }
},{
  "dateTime" : "04/10/21 21:32:44",
  "value" : {
    "bpm" : 89,
    "confidence" : 1
  }
},{
  "dateTime" : "04/10/21 21:32:49",
  "value" : {
    "bpm" : 88,
    "confidence" : 1
  }
},{
  "dateTime" : "04/10/21 21:32:54",
  "value" : {
    "bpm" : 86,
    "confidence" : 1
  }
},{
  "dateTime" : "04/10/21 21:32:59",
  "value" : {
    "bpm" : 84,
    "confidence" : 1
  }
},{
  "dateTime" : "04/10/21 22:27:20",
  "value" : {
    "bpm" : 70,
    "confidence" : 0
  }
}]