[{
  "dateTime" : "10/02/20 12:16:08",
  "value" : {
    "bpm" : 70,
    "confidence" : 0
  }
},{
  "dateTime" : "10/02/20 12:16:23",
  "value" : {
    "bpm" : 70,
    "confidence" : 0
  }
},{
  "dateTime" : "10/02/20 12:16:38",
  "value" : {
    "bpm" : 70,
    "confidence" : 0
  }
},{
  "dateTime" : "10/02/20 12:16:43",
  "value" : {
    "bpm" : 75,
    "confidence" : 1
  }
},{
  "dateTime" : "10/02/20 12:16:48",
  "value" : {
    "bpm" : 76,
    "confidence" : 1
  }
},{
  "dateTime" : "10/02/20 12:16:53",
  "value" : {
    "bpm" : 81,
    "confidence" : 1
  }
},{
  "dateTime" : "10/02/20 12:18:32",
  "value" : {
    "bpm" : 70,
    "confidence" : 0
  }
},{
  "dateTime" : "10/02/20 12:18:42",
  "value" : {
    "bpm" : 74,
    "confidence" : 0
  }
},{
  "dateTime" : "10/02/20 12:18:47",
  "value" : {
    "bpm" : 79,
    "confidence" : 1
  }
},{
  "dateTime" : "10/02/20 12:18:57",
  "value" : {
    "bpm" : 80,
    "confidence" : 1
  }
},{
  "dateTime" : "10/02/20 12:57:03",
  "value" : {
    "bpm" : 70,
    "confidence" : 0
  }
},{
  "dateTime" : "10/02/20 12:57:13",
  "value" : {
    "bpm" : 73,
    "confidence" : 0
  }
},{
  "dateTime" : "10/02/20 12:57:18",
  "value" : {
    "bpm" : 76,
    "confidence" : 0
  }
},{
  "dateTime" : "10/02/20 12:57:23",
  "value" : {
    "bpm" : 84,
    "confidence" : 0
  }
},{
  "dateTime" : "10/02/20 12:57:28",
  "value" : {
    "bpm" : 93,
    "confidence" : 1
  }
},{
  "dateTime" : "10/02/20 12:57:33",
  "value" : {
    "bpm" : 94,
    "confidence" : 2
  }
},{
  "dateTime" : "10/02/20 12:57:48",
  "value" : {
    "bpm" : 94,
    "confidence" : 2
  }
},{
  "dateTime" : "10/02/20 12:57:53",
  "value" : {
    "bpm" : 93,
    "confidence" : 2
  }
},{
  "dateTime" : "10/02/20 12:58:08",
  "value" : {
    "bpm" : 93,
    "confidence" : 2
  }
},{
  "dateTime" : "10/02/20 12:58:23",
  "value" : {
    "bpm" : 92,
    "confidence" : 2
  }
},{
  "dateTime" : "10/02/20 12:58:38",
  "value" : {
    "bpm" : 92,
    "confidence" : 2
  }
},{
  "dateTime" : "10/02/20 12:58:53",
  "value" : {
    "bpm" : 92,
    "confidence" : 2
  }
},{
  "dateTime" : "10/02/20 12:58:58",
  "value" : {
    "bpm" : 94,
    "confidence" : 2
  }
},{
  "dateTime" : "10/02/20 12:59:03",
  "value" : {
    "bpm" : 95,
    "confidence" : 2
  }
},{
  "dateTime" : "10/02/20 12:59:18",
  "value" : {
    "bpm" : 95,
    "confidence" : 2
  }
},{
  "dateTime" : "10/02/20 12:59:23",
  "value" : {
    "bpm" : 95,
    "confidence" : 1
  }
},{
  "dateTime" : "10/02/20 12:59:28",
  "value" : {
    "bpm" : 97,
    "confidence" : 1
  }
},{
  "dateTime" : "10/02/20 12:59:33",
  "value" : {
    "bpm" : 97,
    "confidence" : 2
  }
},{
  "dateTime" : "10/02/20 12:59:38",
  "value" : {
    "bpm" : 97,
    "confidence" : 1
  }
},{
  "dateTime" : "10/02/20 12:59:43",
  "value" : {
    "bpm" : 96,
    "confidence" : 1
  }
},{
  "dateTime" : "10/02/20 12:59:58",
  "value" : {
    "bpm" : 96,
    "confidence" : 1
  }
},{
  "dateTime" : "10/02/20 13:00:03",
  "value" : {
    "bpm" : 96,
    "confidence" : 2
  }
},{
  "dateTime" : "10/02/20 13:00:09",
  "value" : {
    "bpm" : 97,
    "confidence" : 2
  }
},{
  "dateTime" : "10/02/20 13:00:14",
  "value" : {
    "bpm" : 97,
    "confidence" : 1
  }
},{
  "dateTime" : "10/02/20 13:00:19",
  "value" : {
    "bpm" : 94,
    "confidence" : 1
  }
},{
  "dateTime" : "10/02/20 13:00:24",
  "value" : {
    "bpm" : 93,
    "confidence" : 2
  }
},{
  "dateTime" : "10/02/20 13:00:39",
  "value" : {
    "bpm" : 93,
    "confidence" : 1
  }
},{
  "dateTime" : "10/02/20 13:00:54",
  "value" : {
    "bpm" : 93,
    "confidence" : 1
  }
},{
  "dateTime" : "10/02/20 13:01:09",
  "value" : {
    "bpm" : 91,
    "confidence" : 2
  }
},{
  "dateTime" : "10/02/20 13:01:24",
  "value" : {
    "bpm" : 91,
    "confidence" : 2
  }
},{
  "dateTime" : "10/02/20 13:01:39",
  "value" : {
    "bpm" : 93,
    "confidence" : 2
  }
},{
  "dateTime" : "10/02/20 13:01:44",
  "value" : {
    "bpm" : 94,
    "confidence" : 2
  }
},{
  "dateTime" : "10/02/20 13:01:49",
  "value" : {
    "bpm" : 96,
    "confidence" : 2
  }
},{
  "dateTime" : "10/02/20 13:01:54",
  "value" : {
    "bpm" : 99,
    "confidence" : 1
  }
},{
  "dateTime" : "10/02/20 13:01:59",
  "value" : {
    "bpm" : 100,
    "confidence" : 1
  }
},{
  "dateTime" : "10/02/20 13:02:04",
  "value" : {
    "bpm" : 97,
    "confidence" : 1
  }
},{
  "dateTime" : "10/02/20 13:02:09",
  "value" : {
    "bpm" : 98,
    "confidence" : 1
  }
},{
  "dateTime" : "10/02/20 13:02:14",
  "value" : {
    "bpm" : 99,
    "confidence" : 1
  }
},{
  "dateTime" : "10/02/20 13:02:19",
  "value" : {
    "bpm" : 98,
    "confidence" : 1
  }
},{
  "dateTime" : "10/02/20 13:02:24",
  "value" : {
    "bpm" : 102,
    "confidence" : 1
  }
},{
  "dateTime" : "10/02/20 13:02:29",
  "value" : {
    "bpm" : 106,
    "confidence" : 1
  }
},{
  "dateTime" : "10/02/20 13:02:34",
  "value" : {
    "bpm" : 109,
    "confidence" : 2
  }
},{
  "dateTime" : "10/02/20 13:02:44",
  "value" : {
    "bpm" : 108,
    "confidence" : 2
  }
},{
  "dateTime" : "10/02/20 13:02:49",
  "value" : {
    "bpm" : 109,
    "confidence" : 2
  }
},{
  "dateTime" : "10/02/20 13:02:54",
  "value" : {
    "bpm" : 110,
    "confidence" : 2
  }
},{
  "dateTime" : "10/02/20 13:02:59",
  "value" : {
    "bpm" : 111,
    "confidence" : 2
  }
},{
  "dateTime" : "10/02/20 13:03:14",
  "value" : {
    "bpm" : 107,
    "confidence" : 2
  }
},{
  "dateTime" : "10/02/20 13:03:19",
  "value" : {
    "bpm" : 108,
    "confidence" : 2
  }
},{
  "dateTime" : "10/02/20 13:03:24",
  "value" : {
    "bpm" : 109,
    "confidence" : 2
  }
},{
  "dateTime" : "10/02/20 13:03:34",
  "value" : {
    "bpm" : 109,
    "confidence" : 2
  }
},{
  "dateTime" : "10/02/20 13:03:49",
  "value" : {
    "bpm" : 109,
    "confidence" : 1
  }
},{
  "dateTime" : "10/02/20 13:04:04",
  "value" : {
    "bpm" : 113,
    "confidence" : 1
  }
},{
  "dateTime" : "10/02/20 13:04:09",
  "value" : {
    "bpm" : 117,
    "confidence" : 1
  }
},{
  "dateTime" : "10/02/20 13:04:14",
  "value" : {
    "bpm" : 119,
    "confidence" : 1
  }
},{
  "dateTime" : "10/02/20 13:04:24",
  "value" : {
    "bpm" : 118,
    "confidence" : 2
  }
},{
  "dateTime" : "10/02/20 13:04:29",
  "value" : {
    "bpm" : 121,
    "confidence" : 2
  }
},{
  "dateTime" : "10/02/20 13:04:34",
  "value" : {
    "bpm" : 124,
    "confidence" : 2
  }
},{
  "dateTime" : "10/02/20 13:04:39",
  "value" : {
    "bpm" : 125,
    "confidence" : 2
  }
},{
  "dateTime" : "10/02/20 13:04:44",
  "value" : {
    "bpm" : 124,
    "confidence" : 2
  }
},{
  "dateTime" : "10/02/20 13:04:59",
  "value" : {
    "bpm" : 124,
    "confidence" : 1
  }
},{
  "dateTime" : "10/02/20 13:05:04",
  "value" : {
    "bpm" : 126,
    "confidence" : 1
  }
},{
  "dateTime" : "10/02/20 13:05:09",
  "value" : {
    "bpm" : 122,
    "confidence" : 1
  }
},{
  "dateTime" : "10/02/20 13:05:19",
  "value" : {
    "bpm" : 126,
    "confidence" : 1
  }
},{
  "dateTime" : "10/02/20 13:05:24",
  "value" : {
    "bpm" : 130,
    "confidence" : 1
  }
},{
  "dateTime" : "10/02/20 13:05:29",
  "value" : {
    "bpm" : 129,
    "confidence" : 1
  }
},{
  "dateTime" : "10/02/20 13:05:34",
  "value" : {
    "bpm" : 131,
    "confidence" : 1
  }
},{
  "dateTime" : "10/02/20 13:05:39",
  "value" : {
    "bpm" : 133,
    "confidence" : 1
  }
},{
  "dateTime" : "10/02/20 13:05:44",
  "value" : {
    "bpm" : 136,
    "confidence" : 1
  }
},{
  "dateTime" : "10/02/20 13:05:49",
  "value" : {
    "bpm" : 139,
    "confidence" : 1
  }
},{
  "dateTime" : "10/02/20 13:05:54",
  "value" : {
    "bpm" : 143,
    "confidence" : 1
  }
},{
  "dateTime" : "10/02/20 13:05:59",
  "value" : {
    "bpm" : 144,
    "confidence" : 1
  }
},{
  "dateTime" : "10/02/20 13:06:04",
  "value" : {
    "bpm" : 140,
    "confidence" : 1
  }
},{
  "dateTime" : "10/02/20 13:06:09",
  "value" : {
    "bpm" : 135,
    "confidence" : 1
  }
},{
  "dateTime" : "10/02/20 13:06:14",
  "value" : {
    "bpm" : 133,
    "confidence" : 1
  }
},{
  "dateTime" : "10/02/20 13:06:19",
  "value" : {
    "bpm" : 134,
    "confidence" : 1
  }
},{
  "dateTime" : "10/02/20 13:06:24",
  "value" : {
    "bpm" : 131,
    "confidence" : 1
  }
},{
  "dateTime" : "10/02/20 13:06:29",
  "value" : {
    "bpm" : 128,
    "confidence" : 1
  }
},{
  "dateTime" : "10/02/20 13:06:34",
  "value" : {
    "bpm" : 124,
    "confidence" : 1
  }
},{
  "dateTime" : "10/02/20 13:06:39",
  "value" : {
    "bpm" : 122,
    "confidence" : 1
  }
},{
  "dateTime" : "10/02/20 13:06:44",
  "value" : {
    "bpm" : 121,
    "confidence" : 2
  }
},{
  "dateTime" : "10/02/20 13:06:49",
  "value" : {
    "bpm" : 118,
    "confidence" : 2
  }
},{
  "dateTime" : "10/02/20 13:06:59",
  "value" : {
    "bpm" : 119,
    "confidence" : 2
  }
},{
  "dateTime" : "10/02/20 13:07:04",
  "value" : {
    "bpm" : 120,
    "confidence" : 2
  }
},{
  "dateTime" : "10/02/20 13:07:09",
  "value" : {
    "bpm" : 123,
    "confidence" : 2
  }
},{
  "dateTime" : "10/02/20 13:07:14",
  "value" : {
    "bpm" : 125,
    "confidence" : 2
  }
},{
  "dateTime" : "10/02/20 13:07:19",
  "value" : {
    "bpm" : 126,
    "confidence" : 2
  }
},{
  "dateTime" : "10/02/20 13:07:24",
  "value" : {
    "bpm" : 128,
    "confidence" : 2
  }
},{
  "dateTime" : "10/02/20 13:07:39",
  "value" : {
    "bpm" : 127,
    "confidence" : 2
  }
},{
  "dateTime" : "10/02/20 13:07:44",
  "value" : {
    "bpm" : 126,
    "confidence" : 2
  }
},{
  "dateTime" : "10/02/20 13:07:49",
  "value" : {
    "bpm" : 127,
    "confidence" : 2
  }
},{
  "dateTime" : "10/02/20 13:07:54",
  "value" : {
    "bpm" : 125,
    "confidence" : 2
  }
},{
  "dateTime" : "10/02/20 13:07:59",
  "value" : {
    "bpm" : 123,
    "confidence" : 2
  }
},{
  "dateTime" : "10/02/20 13:08:14",
  "value" : {
    "bpm" : 122,
    "confidence" : 2
  }
},{
  "dateTime" : "10/02/20 13:08:24",
  "value" : {
    "bpm" : 120,
    "confidence" : 1
  }
},{
  "dateTime" : "10/02/20 13:08:29",
  "value" : {
    "bpm" : 119,
    "confidence" : 1
  }
},{
  "dateTime" : "10/02/20 13:08:34",
  "value" : {
    "bpm" : 118,
    "confidence" : 2
  }
},{
  "dateTime" : "10/02/20 13:08:39",
  "value" : {
    "bpm" : 120,
    "confidence" : 2
  }
},{
  "dateTime" : "10/02/20 13:08:44",
  "value" : {
    "bpm" : 122,
    "confidence" : 2
  }
},{
  "dateTime" : "10/02/20 13:08:54",
  "value" : {
    "bpm" : 121,
    "confidence" : 2
  }
},{
  "dateTime" : "10/02/20 13:09:04",
  "value" : {
    "bpm" : 122,
    "confidence" : 2
  }
},{
  "dateTime" : "10/02/20 13:09:14",
  "value" : {
    "bpm" : 121,
    "confidence" : 2
  }
},{
  "dateTime" : "10/02/20 13:09:19",
  "value" : {
    "bpm" : 119,
    "confidence" : 2
  }
},{
  "dateTime" : "10/02/20 13:09:34",
  "value" : {
    "bpm" : 120,
    "confidence" : 2
  }
},{
  "dateTime" : "10/02/20 13:09:39",
  "value" : {
    "bpm" : 120,
    "confidence" : 2
  }
},{
  "dateTime" : "10/02/20 13:09:54",
  "value" : {
    "bpm" : 120,
    "confidence" : 2
  }
},{
  "dateTime" : "10/02/20 13:09:59",
  "value" : {
    "bpm" : 121,
    "confidence" : 2
  }
},{
  "dateTime" : "10/02/20 13:10:04",
  "value" : {
    "bpm" : 122,
    "confidence" : 2
  }
},{
  "dateTime" : "10/02/20 13:10:09",
  "value" : {
    "bpm" : 123,
    "confidence" : 2
  }
},{
  "dateTime" : "10/02/20 13:10:14",
  "value" : {
    "bpm" : 122,
    "confidence" : 2
  }
},{
  "dateTime" : "10/02/20 13:10:19",
  "value" : {
    "bpm" : 121,
    "confidence" : 2
  }
},{
  "dateTime" : "10/02/20 13:10:24",
  "value" : {
    "bpm" : 119,
    "confidence" : 2
  }
},{
  "dateTime" : "10/02/20 13:10:29",
  "value" : {
    "bpm" : 116,
    "confidence" : 2
  }
},{
  "dateTime" : "10/02/20 13:10:34",
  "value" : {
    "bpm" : 114,
    "confidence" : 2
  }
},{
  "dateTime" : "10/02/20 13:10:39",
  "value" : {
    "bpm" : 113,
    "confidence" : 1
  }
},{
  "dateTime" : "10/02/20 13:10:54",
  "value" : {
    "bpm" : 113,
    "confidence" : 1
  }
},{
  "dateTime" : "10/02/20 13:10:59",
  "value" : {
    "bpm" : 117,
    "confidence" : 1
  }
},{
  "dateTime" : "10/02/20 13:11:04",
  "value" : {
    "bpm" : 119,
    "confidence" : 1
  }
},{
  "dateTime" : "10/02/20 13:11:09",
  "value" : {
    "bpm" : 120,
    "confidence" : 1
  }
},{
  "dateTime" : "10/02/20 13:11:14",
  "value" : {
    "bpm" : 119,
    "confidence" : 1
  }
},{
  "dateTime" : "10/02/20 13:11:19",
  "value" : {
    "bpm" : 116,
    "confidence" : 1
  }
},{
  "dateTime" : "10/02/20 13:11:24",
  "value" : {
    "bpm" : 118,
    "confidence" : 1
  }
},{
  "dateTime" : "10/02/20 13:11:29",
  "value" : {
    "bpm" : 119,
    "confidence" : 1
  }
},{
  "dateTime" : "10/02/20 13:11:34",
  "value" : {
    "bpm" : 120,
    "confidence" : 2
  }
},{
  "dateTime" : "10/02/20 13:11:39",
  "value" : {
    "bpm" : 121,
    "confidence" : 2
  }
},{
  "dateTime" : "10/02/20 13:11:44",
  "value" : {
    "bpm" : 120,
    "confidence" : 2
  }
},{
  "dateTime" : "10/02/20 13:11:49",
  "value" : {
    "bpm" : 118,
    "confidence" : 1
  }
},{
  "dateTime" : "10/02/20 13:11:54",
  "value" : {
    "bpm" : 117,
    "confidence" : 1
  }
},{
  "dateTime" : "10/02/20 13:12:04",
  "value" : {
    "bpm" : 115,
    "confidence" : 1
  }
},{
  "dateTime" : "10/02/20 13:12:14",
  "value" : {
    "bpm" : 116,
    "confidence" : 1
  }
},{
  "dateTime" : "10/02/20 13:12:19",
  "value" : {
    "bpm" : 117,
    "confidence" : 1
  }
},{
  "dateTime" : "10/02/20 13:12:24",
  "value" : {
    "bpm" : 117,
    "confidence" : 1
  }
},{
  "dateTime" : "10/02/20 13:12:29",
  "value" : {
    "bpm" : 118,
    "confidence" : 1
  }
},{
  "dateTime" : "10/02/20 13:12:34",
  "value" : {
    "bpm" : 119,
    "confidence" : 1
  }
},{
  "dateTime" : "10/02/20 13:12:39",
  "value" : {
    "bpm" : 118,
    "confidence" : 1
  }
},{
  "dateTime" : "10/02/20 13:12:44",
  "value" : {
    "bpm" : 117,
    "confidence" : 1
  }
},{
  "dateTime" : "10/02/20 13:12:49",
  "value" : {
    "bpm" : 118,
    "confidence" : 1
  }
},{
  "dateTime" : "10/02/20 13:12:54",
  "value" : {
    "bpm" : 119,
    "confidence" : 2
  }
},{
  "dateTime" : "10/02/20 13:12:59",
  "value" : {
    "bpm" : 117,
    "confidence" : 2
  }
},{
  "dateTime" : "10/02/20 13:13:04",
  "value" : {
    "bpm" : 115,
    "confidence" : 1
  }
},{
  "dateTime" : "10/02/20 13:13:14",
  "value" : {
    "bpm" : 119,
    "confidence" : 2
  }
},{
  "dateTime" : "10/02/20 13:13:19",
  "value" : {
    "bpm" : 122,
    "confidence" : 2
  }
},{
  "dateTime" : "10/02/20 13:13:24",
  "value" : {
    "bpm" : 123,
    "confidence" : 2
  }
},{
  "dateTime" : "10/02/20 13:13:34",
  "value" : {
    "bpm" : 124,
    "confidence" : 2
  }
},{
  "dateTime" : "10/02/20 13:13:39",
  "value" : {
    "bpm" : 125,
    "confidence" : 2
  }
},{
  "dateTime" : "10/02/20 13:13:49",
  "value" : {
    "bpm" : 125,
    "confidence" : 1
  }
},{
  "dateTime" : "10/02/20 13:13:54",
  "value" : {
    "bpm" : 126,
    "confidence" : 1
  }
},{
  "dateTime" : "10/02/20 13:13:59",
  "value" : {
    "bpm" : 127,
    "confidence" : 1
  }
},{
  "dateTime" : "10/02/20 13:14:04",
  "value" : {
    "bpm" : 120,
    "confidence" : 1
  }
},{
  "dateTime" : "10/02/20 13:14:09",
  "value" : {
    "bpm" : 113,
    "confidence" : 1
  }
},{
  "dateTime" : "10/02/20 13:14:14",
  "value" : {
    "bpm" : 112,
    "confidence" : 1
  }
},{
  "dateTime" : "10/02/20 13:14:19",
  "value" : {
    "bpm" : 112,
    "confidence" : 0
  }
},{
  "dateTime" : "10/02/20 13:14:24",
  "value" : {
    "bpm" : 111,
    "confidence" : 1
  }
},{
  "dateTime" : "10/02/20 13:14:29",
  "value" : {
    "bpm" : 113,
    "confidence" : 1
  }
},{
  "dateTime" : "10/02/20 13:14:34",
  "value" : {
    "bpm" : 115,
    "confidence" : 1
  }
},{
  "dateTime" : "10/02/20 13:14:44",
  "value" : {
    "bpm" : 118,
    "confidence" : 1
  }
},{
  "dateTime" : "10/02/20 13:14:49",
  "value" : {
    "bpm" : 120,
    "confidence" : 1
  }
},{
  "dateTime" : "10/02/20 13:14:54",
  "value" : {
    "bpm" : 118,
    "confidence" : 1
  }
},{
  "dateTime" : "10/02/20 13:15:00",
  "value" : {
    "bpm" : 118,
    "confidence" : 1
  }
},{
  "dateTime" : "10/02/20 13:15:10",
  "value" : {
    "bpm" : 118,
    "confidence" : 2
  }
},{
  "dateTime" : "10/02/20 13:15:15",
  "value" : {
    "bpm" : 117,
    "confidence" : 2
  }
},{
  "dateTime" : "10/02/20 13:15:20",
  "value" : {
    "bpm" : 118,
    "confidence" : 2
  }
},{
  "dateTime" : "10/02/20 13:15:25",
  "value" : {
    "bpm" : 119,
    "confidence" : 2
  }
},{
  "dateTime" : "10/02/20 13:15:30",
  "value" : {
    "bpm" : 118,
    "confidence" : 1
  }
},{
  "dateTime" : "10/02/20 13:15:40",
  "value" : {
    "bpm" : 119,
    "confidence" : 1
  }
},{
  "dateTime" : "10/02/20 13:15:50",
  "value" : {
    "bpm" : 117,
    "confidence" : 1
  }
},{
  "dateTime" : "10/02/20 13:15:55",
  "value" : {
    "bpm" : 116,
    "confidence" : 1
  }
},{
  "dateTime" : "10/02/20 13:16:05",
  "value" : {
    "bpm" : 117,
    "confidence" : 1
  }
},{
  "dateTime" : "10/02/20 13:16:10",
  "value" : {
    "bpm" : 117,
    "confidence" : 2
  }
},{
  "dateTime" : "10/02/20 13:16:15",
  "value" : {
    "bpm" : 117,
    "confidence" : 1
  }
},{
  "dateTime" : "10/02/20 13:16:20",
  "value" : {
    "bpm" : 119,
    "confidence" : 2
  }
},{
  "dateTime" : "10/02/20 13:16:25",
  "value" : {
    "bpm" : 120,
    "confidence" : 2
  }
},{
  "dateTime" : "10/02/20 13:16:30",
  "value" : {
    "bpm" : 119,
    "confidence" : 2
  }
},{
  "dateTime" : "10/02/20 13:16:35",
  "value" : {
    "bpm" : 117,
    "confidence" : 2
  }
},{
  "dateTime" : "10/02/20 13:16:40",
  "value" : {
    "bpm" : 116,
    "confidence" : 2
  }
},{
  "dateTime" : "10/02/20 13:16:45",
  "value" : {
    "bpm" : 111,
    "confidence" : 2
  }
},{
  "dateTime" : "10/02/20 13:16:50",
  "value" : {
    "bpm" : 110,
    "confidence" : 2
  }
},{
  "dateTime" : "10/02/20 13:16:55",
  "value" : {
    "bpm" : 112,
    "confidence" : 2
  }
},{
  "dateTime" : "10/02/20 13:17:00",
  "value" : {
    "bpm" : 115,
    "confidence" : 2
  }
},{
  "dateTime" : "10/02/20 13:17:05",
  "value" : {
    "bpm" : 115,
    "confidence" : 1
  }
},{
  "dateTime" : "10/02/20 13:17:15",
  "value" : {
    "bpm" : 116,
    "confidence" : 1
  }
},{
  "dateTime" : "10/02/20 13:17:25",
  "value" : {
    "bpm" : 118,
    "confidence" : 1
  }
},{
  "dateTime" : "10/02/20 13:17:30",
  "value" : {
    "bpm" : 121,
    "confidence" : 1
  }
},{
  "dateTime" : "10/02/20 13:17:35",
  "value" : {
    "bpm" : 119,
    "confidence" : 1
  }
},{
  "dateTime" : "10/02/20 13:17:40",
  "value" : {
    "bpm" : 118,
    "confidence" : 1
  }
},{
  "dateTime" : "10/02/20 13:17:45",
  "value" : {
    "bpm" : 118,
    "confidence" : 1
  }
},{
  "dateTime" : "10/02/20 13:17:50",
  "value" : {
    "bpm" : 119,
    "confidence" : 1
  }
},{
  "dateTime" : "10/02/20 13:17:55",
  "value" : {
    "bpm" : 116,
    "confidence" : 1
  }
},{
  "dateTime" : "10/02/20 13:18:05",
  "value" : {
    "bpm" : 117,
    "confidence" : 1
  }
},{
  "dateTime" : "10/02/20 13:18:10",
  "value" : {
    "bpm" : 117,
    "confidence" : 2
  }
},{
  "dateTime" : "10/02/20 13:18:15",
  "value" : {
    "bpm" : 115,
    "confidence" : 2
  }
},{
  "dateTime" : "10/02/20 13:18:30",
  "value" : {
    "bpm" : 116,
    "confidence" : 2
  }
},{
  "dateTime" : "10/02/20 13:18:35",
  "value" : {
    "bpm" : 113,
    "confidence" : 2
  }
},{
  "dateTime" : "10/02/20 13:18:45",
  "value" : {
    "bpm" : 114,
    "confidence" : 2
  }
},{
  "dateTime" : "10/02/20 13:18:50",
  "value" : {
    "bpm" : 115,
    "confidence" : 2
  }
},{
  "dateTime" : "10/02/20 13:18:55",
  "value" : {
    "bpm" : 116,
    "confidence" : 1
  }
},{
  "dateTime" : "10/02/20 13:19:00",
  "value" : {
    "bpm" : 117,
    "confidence" : 1
  }
},{
  "dateTime" : "10/02/20 13:19:05",
  "value" : {
    "bpm" : 119,
    "confidence" : 1
  }
},{
  "dateTime" : "10/02/20 13:19:10",
  "value" : {
    "bpm" : 118,
    "confidence" : 2
  }
},{
  "dateTime" : "10/02/20 13:19:20",
  "value" : {
    "bpm" : 118,
    "confidence" : 1
  }
},{
  "dateTime" : "10/02/20 13:19:35",
  "value" : {
    "bpm" : 118,
    "confidence" : 1
  }
},{
  "dateTime" : "10/02/20 13:19:45",
  "value" : {
    "bpm" : 117,
    "confidence" : 1
  }
},{
  "dateTime" : "10/02/20 13:19:50",
  "value" : {
    "bpm" : 116,
    "confidence" : 1
  }
},{
  "dateTime" : "10/02/20 13:20:05",
  "value" : {
    "bpm" : 116,
    "confidence" : 1
  }
},{
  "dateTime" : "10/02/20 13:20:20",
  "value" : {
    "bpm" : 113,
    "confidence" : 1
  }
},{
  "dateTime" : "10/02/20 13:20:25",
  "value" : {
    "bpm" : 112,
    "confidence" : 1
  }
},{
  "dateTime" : "10/02/20 13:20:40",
  "value" : {
    "bpm" : 110,
    "confidence" : 1
  }
},{
  "dateTime" : "10/02/20 13:20:45",
  "value" : {
    "bpm" : 109,
    "confidence" : 1
  }
},{
  "dateTime" : "10/02/20 13:20:50",
  "value" : {
    "bpm" : 108,
    "confidence" : 1
  }
},{
  "dateTime" : "10/02/20 13:20:55",
  "value" : {
    "bpm" : 106,
    "confidence" : 1
  }
},{
  "dateTime" : "10/02/20 13:21:00",
  "value" : {
    "bpm" : 109,
    "confidence" : 1
  }
},{
  "dateTime" : "10/02/20 13:21:05",
  "value" : {
    "bpm" : 114,
    "confidence" : 1
  }
},{
  "dateTime" : "10/02/20 13:21:10",
  "value" : {
    "bpm" : 117,
    "confidence" : 1
  }
},{
  "dateTime" : "10/02/20 13:21:15",
  "value" : {
    "bpm" : 121,
    "confidence" : 2
  }
},{
  "dateTime" : "10/02/20 13:21:20",
  "value" : {
    "bpm" : 120,
    "confidence" : 2
  }
},{
  "dateTime" : "10/02/20 13:21:30",
  "value" : {
    "bpm" : 119,
    "confidence" : 2
  }
},{
  "dateTime" : "10/02/20 13:21:35",
  "value" : {
    "bpm" : 116,
    "confidence" : 2
  }
},{
  "dateTime" : "10/02/20 13:21:40",
  "value" : {
    "bpm" : 115,
    "confidence" : 2
  }
},{
  "dateTime" : "10/02/20 13:21:45",
  "value" : {
    "bpm" : 114,
    "confidence" : 2
  }
},{
  "dateTime" : "10/02/20 13:21:50",
  "value" : {
    "bpm" : 112,
    "confidence" : 2
  }
},{
  "dateTime" : "10/02/20 13:22:10",
  "value" : {
    "bpm" : 112,
    "confidence" : 2
  }
},{
  "dateTime" : "10/02/20 13:22:20",
  "value" : {
    "bpm" : 113,
    "confidence" : 2
  }
},{
  "dateTime" : "10/02/20 13:22:30",
  "value" : {
    "bpm" : 114,
    "confidence" : 2
  }
},{
  "dateTime" : "10/02/20 13:22:35",
  "value" : {
    "bpm" : 116,
    "confidence" : 2
  }
},{
  "dateTime" : "10/02/20 13:22:40",
  "value" : {
    "bpm" : 117,
    "confidence" : 2
  }
},{
  "dateTime" : "10/02/20 13:22:45",
  "value" : {
    "bpm" : 118,
    "confidence" : 2
  }
},{
  "dateTime" : "10/02/20 13:22:55",
  "value" : {
    "bpm" : 116,
    "confidence" : 3
  }
},{
  "dateTime" : "10/02/20 13:23:00",
  "value" : {
    "bpm" : 117,
    "confidence" : 2
  }
},{
  "dateTime" : "10/02/20 13:23:10",
  "value" : {
    "bpm" : 117,
    "confidence" : 3
  }
},{
  "dateTime" : "10/02/20 13:23:15",
  "value" : {
    "bpm" : 117,
    "confidence" : 2
  }
},{
  "dateTime" : "10/02/20 13:23:25",
  "value" : {
    "bpm" : 115,
    "confidence" : 2
  }
},{
  "dateTime" : "10/02/20 13:23:30",
  "value" : {
    "bpm" : 114,
    "confidence" : 2
  }
},{
  "dateTime" : "10/02/20 13:23:35",
  "value" : {
    "bpm" : 115,
    "confidence" : 2
  }
},{
  "dateTime" : "10/02/20 13:23:50",
  "value" : {
    "bpm" : 115,
    "confidence" : 2
  }
},{
  "dateTime" : "10/02/20 13:23:55",
  "value" : {
    "bpm" : 115,
    "confidence" : 2
  }
},{
  "dateTime" : "10/02/20 13:24:00",
  "value" : {
    "bpm" : 116,
    "confidence" : 2
  }
},{
  "dateTime" : "10/02/20 13:24:10",
  "value" : {
    "bpm" : 115,
    "confidence" : 2
  }
},{
  "dateTime" : "10/02/20 13:24:20",
  "value" : {
    "bpm" : 117,
    "confidence" : 2
  }
},{
  "dateTime" : "10/02/20 13:24:30",
  "value" : {
    "bpm" : 116,
    "confidence" : 2
  }
},{
  "dateTime" : "10/02/20 13:24:35",
  "value" : {
    "bpm" : 115,
    "confidence" : 2
  }
},{
  "dateTime" : "10/02/20 13:24:50",
  "value" : {
    "bpm" : 115,
    "confidence" : 2
  }
},{
  "dateTime" : "10/02/20 13:25:05",
  "value" : {
    "bpm" : 115,
    "confidence" : 2
  }
},{
  "dateTime" : "10/02/20 13:25:10",
  "value" : {
    "bpm" : 116,
    "confidence" : 2
  }
},{
  "dateTime" : "10/02/20 13:25:25",
  "value" : {
    "bpm" : 116,
    "confidence" : 2
  }
},{
  "dateTime" : "10/02/20 13:25:36",
  "value" : {
    "bpm" : 117,
    "confidence" : 1
  }
},{
  "dateTime" : "10/02/20 13:25:51",
  "value" : {
    "bpm" : 117,
    "confidence" : 1
  }
},{
  "dateTime" : "10/02/20 13:26:06",
  "value" : {
    "bpm" : 117,
    "confidence" : 1
  }
},{
  "dateTime" : "10/02/20 13:26:21",
  "value" : {
    "bpm" : 117,
    "confidence" : 1
  }
},{
  "dateTime" : "10/02/20 13:26:31",
  "value" : {
    "bpm" : 115,
    "confidence" : 1
  }
},{
  "dateTime" : "10/02/20 13:26:41",
  "value" : {
    "bpm" : 113,
    "confidence" : 1
  }
},{
  "dateTime" : "10/02/20 13:26:56",
  "value" : {
    "bpm" : 113,
    "confidence" : 1
  }
},{
  "dateTime" : "10/02/20 13:27:06",
  "value" : {
    "bpm" : 115,
    "confidence" : 1
  }
},{
  "dateTime" : "10/02/20 13:27:11",
  "value" : {
    "bpm" : 116,
    "confidence" : 2
  }
},{
  "dateTime" : "10/02/20 13:27:21",
  "value" : {
    "bpm" : 117,
    "confidence" : 2
  }
},{
  "dateTime" : "10/02/20 13:27:26",
  "value" : {
    "bpm" : 120,
    "confidence" : 2
  }
},{
  "dateTime" : "10/02/20 13:27:31",
  "value" : {
    "bpm" : 119,
    "confidence" : 2
  }
},{
  "dateTime" : "10/02/20 13:27:42",
  "value" : {
    "bpm" : 119,
    "confidence" : 2
  }
},{
  "dateTime" : "10/02/20 13:27:52",
  "value" : {
    "bpm" : 117,
    "confidence" : 1
  }
},{
  "dateTime" : "10/02/20 13:27:57",
  "value" : {
    "bpm" : 111,
    "confidence" : 1
  }
},{
  "dateTime" : "10/02/20 13:28:02",
  "value" : {
    "bpm" : 109,
    "confidence" : 1
  }
},{
  "dateTime" : "10/02/20 13:28:17",
  "value" : {
    "bpm" : 109,
    "confidence" : 1
  }
},{
  "dateTime" : "10/02/20 13:28:27",
  "value" : {
    "bpm" : 114,
    "confidence" : 1
  }
},{
  "dateTime" : "10/02/20 13:28:32",
  "value" : {
    "bpm" : 121,
    "confidence" : 1
  }
},{
  "dateTime" : "10/02/20 13:28:37",
  "value" : {
    "bpm" : 119,
    "confidence" : 1
  }
},{
  "dateTime" : "10/02/20 13:28:42",
  "value" : {
    "bpm" : 118,
    "confidence" : 1
  }
},{
  "dateTime" : "10/02/20 13:28:57",
  "value" : {
    "bpm" : 118,
    "confidence" : 1
  }
},{
  "dateTime" : "10/02/20 13:29:12",
  "value" : {
    "bpm" : 118,
    "confidence" : 1
  }
},{
  "dateTime" : "10/02/20 13:29:17",
  "value" : {
    "bpm" : 116,
    "confidence" : 1
  }
},{
  "dateTime" : "10/02/20 13:29:22",
  "value" : {
    "bpm" : 116,
    "confidence" : 0
  }
},{
  "dateTime" : "10/02/20 13:29:37",
  "value" : {
    "bpm" : 116,
    "confidence" : 0
  }
},{
  "dateTime" : "10/02/20 13:29:52",
  "value" : {
    "bpm" : 116,
    "confidence" : 0
  }
},{
  "dateTime" : "10/02/20 13:31:43",
  "value" : {
    "bpm" : 107,
    "confidence" : 1
  }
},{
  "dateTime" : "10/02/20 13:31:48",
  "value" : {
    "bpm" : 106,
    "confidence" : 1
  }
},{
  "dateTime" : "10/02/20 13:32:03",
  "value" : {
    "bpm" : 106,
    "confidence" : 1
  }
},{
  "dateTime" : "10/02/20 13:32:13",
  "value" : {
    "bpm" : 105,
    "confidence" : 1
  }
},{
  "dateTime" : "10/02/20 13:32:23",
  "value" : {
    "bpm" : 110,
    "confidence" : 1
  }
},{
  "dateTime" : "10/02/20 13:32:28",
  "value" : {
    "bpm" : 112,
    "confidence" : 1
  }
},{
  "dateTime" : "10/02/20 13:32:43",
  "value" : {
    "bpm" : 112,
    "confidence" : 1
  }
},{
  "dateTime" : "10/02/20 13:32:53",
  "value" : {
    "bpm" : 115,
    "confidence" : 1
  }
},{
  "dateTime" : "10/02/20 13:33:08",
  "value" : {
    "bpm" : 115,
    "confidence" : 1
  }
},{
  "dateTime" : "10/02/20 13:33:13",
  "value" : {
    "bpm" : 114,
    "confidence" : 1
  }
},{
  "dateTime" : "10/02/20 13:33:50",
  "value" : {
    "bpm" : 70,
    "confidence" : 0
  }
},{
  "dateTime" : "10/02/20 13:34:00",
  "value" : {
    "bpm" : 85,
    "confidence" : 0
  }
},{
  "dateTime" : "10/02/20 13:34:58",
  "value" : {
    "bpm" : 70,
    "confidence" : 0
  }
},{
  "dateTime" : "10/02/20 13:35:08",
  "value" : {
    "bpm" : 98,
    "confidence" : 1
  }
},{
  "dateTime" : "10/02/20 13:35:13",
  "value" : {
    "bpm" : 110,
    "confidence" : 1
  }
},{
  "dateTime" : "10/02/20 13:35:18",
  "value" : {
    "bpm" : 111,
    "confidence" : 1
  }
},{
  "dateTime" : "10/02/20 13:35:23",
  "value" : {
    "bpm" : 104,
    "confidence" : 1
  }
},{
  "dateTime" : "10/02/20 13:35:28",
  "value" : {
    "bpm" : 102,
    "confidence" : 1
  }
},{
  "dateTime" : "10/02/20 13:35:33",
  "value" : {
    "bpm" : 102,
    "confidence" : 2
  }
},{
  "dateTime" : "10/02/20 13:35:48",
  "value" : {
    "bpm" : 102,
    "confidence" : 2
  }
},{
  "dateTime" : "10/02/20 13:35:58",
  "value" : {
    "bpm" : 100,
    "confidence" : 2
  }
},{
  "dateTime" : "10/02/20 13:36:03",
  "value" : {
    "bpm" : 100,
    "confidence" : 1
  }
},{
  "dateTime" : "10/02/20 13:36:13",
  "value" : {
    "bpm" : 103,
    "confidence" : 1
  }
},{
  "dateTime" : "10/02/20 13:36:18",
  "value" : {
    "bpm" : 105,
    "confidence" : 1
  }
},{
  "dateTime" : "10/02/20 13:36:23",
  "value" : {
    "bpm" : 106,
    "confidence" : 2
  }
},{
  "dateTime" : "10/02/20 13:36:33",
  "value" : {
    "bpm" : 107,
    "confidence" : 2
  }
},{
  "dateTime" : "10/02/20 13:36:38",
  "value" : {
    "bpm" : 109,
    "confidence" : 2
  }
},{
  "dateTime" : "10/02/20 13:36:53",
  "value" : {
    "bpm" : 109,
    "confidence" : 2
  }
},{
  "dateTime" : "10/02/20 13:36:58",
  "value" : {
    "bpm" : 110,
    "confidence" : 1
  }
},{
  "dateTime" : "10/02/20 13:37:03",
  "value" : {
    "bpm" : 113,
    "confidence" : 1
  }
},{
  "dateTime" : "10/02/20 13:37:08",
  "value" : {
    "bpm" : 116,
    "confidence" : 1
  }
},{
  "dateTime" : "10/02/20 13:37:13",
  "value" : {
    "bpm" : 117,
    "confidence" : 1
  }
},{
  "dateTime" : "10/02/20 13:37:18",
  "value" : {
    "bpm" : 116,
    "confidence" : 1
  }
},{
  "dateTime" : "10/02/20 13:37:23",
  "value" : {
    "bpm" : 118,
    "confidence" : 1
  }
},{
  "dateTime" : "10/02/20 13:37:29",
  "value" : {
    "bpm" : 121,
    "confidence" : 1
  }
},{
  "dateTime" : "10/02/20 13:37:34",
  "value" : {
    "bpm" : 125,
    "confidence" : 1
  }
},{
  "dateTime" : "10/02/20 13:37:39",
  "value" : {
    "bpm" : 130,
    "confidence" : 1
  }
},{
  "dateTime" : "10/02/20 13:37:44",
  "value" : {
    "bpm" : 134,
    "confidence" : 1
  }
},{
  "dateTime" : "10/02/20 13:37:49",
  "value" : {
    "bpm" : 139,
    "confidence" : 1
  }
},{
  "dateTime" : "10/02/20 13:37:54",
  "value" : {
    "bpm" : 144,
    "confidence" : 0
  }
},{
  "dateTime" : "10/02/20 13:37:59",
  "value" : {
    "bpm" : 149,
    "confidence" : 0
  }
},{
  "dateTime" : "10/02/20 13:38:04",
  "value" : {
    "bpm" : 154,
    "confidence" : 0
  }
},{
  "dateTime" : "10/02/20 13:38:09",
  "value" : {
    "bpm" : 159,
    "confidence" : 0
  }
},{
  "dateTime" : "10/02/20 13:38:14",
  "value" : {
    "bpm" : 162,
    "confidence" : 1
  }
},{
  "dateTime" : "10/02/20 13:38:19",
  "value" : {
    "bpm" : 164,
    "confidence" : 1
  }
},{
  "dateTime" : "10/02/20 13:38:24",
  "value" : {
    "bpm" : 166,
    "confidence" : 1
  }
},{
  "dateTime" : "10/02/20 13:38:29",
  "value" : {
    "bpm" : 168,
    "confidence" : 2
  }
},{
  "dateTime" : "10/02/20 13:38:44",
  "value" : {
    "bpm" : 168,
    "confidence" : 2
  }
},{
  "dateTime" : "10/02/20 13:38:49",
  "value" : {
    "bpm" : 169,
    "confidence" : 2
  }
},{
  "dateTime" : "10/02/20 13:38:54",
  "value" : {
    "bpm" : 170,
    "confidence" : 2
  }
},{
  "dateTime" : "10/02/20 13:39:04",
  "value" : {
    "bpm" : 169,
    "confidence" : 2
  }
},{
  "dateTime" : "10/02/20 13:39:14",
  "value" : {
    "bpm" : 170,
    "confidence" : 2
  }
},{
  "dateTime" : "10/02/20 13:39:24",
  "value" : {
    "bpm" : 168,
    "confidence" : 2
  }
},{
  "dateTime" : "10/02/20 13:39:34",
  "value" : {
    "bpm" : 167,
    "confidence" : 2
  }
},{
  "dateTime" : "10/02/20 13:39:44",
  "value" : {
    "bpm" : 166,
    "confidence" : 2
  }
},{
  "dateTime" : "10/02/20 13:39:54",
  "value" : {
    "bpm" : 168,
    "confidence" : 2
  }
},{
  "dateTime" : "10/02/20 13:39:59",
  "value" : {
    "bpm" : 167,
    "confidence" : 2
  }
},{
  "dateTime" : "10/02/20 13:40:14",
  "value" : {
    "bpm" : 169,
    "confidence" : 2
  }
},{
  "dateTime" : "10/02/20 13:40:19",
  "value" : {
    "bpm" : 168,
    "confidence" : 2
  }
},{
  "dateTime" : "10/02/20 13:40:29",
  "value" : {
    "bpm" : 167,
    "confidence" : 2
  }
},{
  "dateTime" : "10/02/20 13:40:39",
  "value" : {
    "bpm" : 168,
    "confidence" : 2
  }
},{
  "dateTime" : "10/02/20 13:40:44",
  "value" : {
    "bpm" : 168,
    "confidence" : 2
  }
},{
  "dateTime" : "10/02/20 13:40:59",
  "value" : {
    "bpm" : 167,
    "confidence" : 2
  }
},{
  "dateTime" : "10/02/20 13:41:09",
  "value" : {
    "bpm" : 166,
    "confidence" : 2
  }
},{
  "dateTime" : "10/02/20 13:41:24",
  "value" : {
    "bpm" : 167,
    "confidence" : 2
  }
},{
  "dateTime" : "10/02/20 13:41:29",
  "value" : {
    "bpm" : 168,
    "confidence" : 2
  }
},{
  "dateTime" : "10/02/20 13:41:39",
  "value" : {
    "bpm" : 167,
    "confidence" : 2
  }
},{
  "dateTime" : "10/02/20 13:41:44",
  "value" : {
    "bpm" : 166,
    "confidence" : 2
  }
},{
  "dateTime" : "10/02/20 13:41:49",
  "value" : {
    "bpm" : 167,
    "confidence" : 2
  }
},{
  "dateTime" : "10/02/20 13:41:59",
  "value" : {
    "bpm" : 169,
    "confidence" : 2
  }
},{
  "dateTime" : "10/02/20 13:42:14",
  "value" : {
    "bpm" : 168,
    "confidence" : 2
  }
},{
  "dateTime" : "10/02/20 13:42:24",
  "value" : {
    "bpm" : 169,
    "confidence" : 2
  }
},{
  "dateTime" : "10/02/20 13:42:29",
  "value" : {
    "bpm" : 172,
    "confidence" : 2
  }
},{
  "dateTime" : "10/02/20 13:42:34",
  "value" : {
    "bpm" : 173,
    "confidence" : 2
  }
},{
  "dateTime" : "10/02/20 13:42:39",
  "value" : {
    "bpm" : 172,
    "confidence" : 2
  }
},{
  "dateTime" : "10/02/20 13:42:44",
  "value" : {
    "bpm" : 171,
    "confidence" : 2
  }
},{
  "dateTime" : "10/02/20 13:42:49",
  "value" : {
    "bpm" : 170,
    "confidence" : 2
  }
},{
  "dateTime" : "10/02/20 13:42:54",
  "value" : {
    "bpm" : 169,
    "confidence" : 2
  }
},{
  "dateTime" : "10/02/20 13:42:59",
  "value" : {
    "bpm" : 168,
    "confidence" : 2
  }
},{
  "dateTime" : "10/02/20 13:43:14",
  "value" : {
    "bpm" : 168,
    "confidence" : 2
  }
},{
  "dateTime" : "10/02/20 13:43:24",
  "value" : {
    "bpm" : 167,
    "confidence" : 2
  }
},{
  "dateTime" : "10/02/20 13:43:29",
  "value" : {
    "bpm" : 164,
    "confidence" : 2
  }
},{
  "dateTime" : "10/02/20 13:43:34",
  "value" : {
    "bpm" : 161,
    "confidence" : 2
  }
},{
  "dateTime" : "10/02/20 13:43:39",
  "value" : {
    "bpm" : 157,
    "confidence" : 2
  }
},{
  "dateTime" : "10/02/20 13:43:44",
  "value" : {
    "bpm" : 151,
    "confidence" : 1
  }
},{
  "dateTime" : "10/02/20 13:43:49",
  "value" : {
    "bpm" : 142,
    "confidence" : 1
  }
},{
  "dateTime" : "10/02/20 13:43:54",
  "value" : {
    "bpm" : 137,
    "confidence" : 1
  }
},{
  "dateTime" : "10/02/20 13:43:59",
  "value" : {
    "bpm" : 138,
    "confidence" : 1
  }
},{
  "dateTime" : "10/02/20 13:44:04",
  "value" : {
    "bpm" : 137,
    "confidence" : 1
  }
},{
  "dateTime" : "10/02/20 13:44:14",
  "value" : {
    "bpm" : 135,
    "confidence" : 1
  }
},{
  "dateTime" : "10/02/20 13:44:19",
  "value" : {
    "bpm" : 134,
    "confidence" : 1
  }
},{
  "dateTime" : "10/02/20 13:44:24",
  "value" : {
    "bpm" : 135,
    "confidence" : 1
  }
},{
  "dateTime" : "10/02/20 13:44:34",
  "value" : {
    "bpm" : 133,
    "confidence" : 1
  }
},{
  "dateTime" : "10/02/20 13:44:39",
  "value" : {
    "bpm" : 130,
    "confidence" : 1
  }
},{
  "dateTime" : "10/02/20 13:44:44",
  "value" : {
    "bpm" : 131,
    "confidence" : 1
  }
},{
  "dateTime" : "10/02/20 13:44:49",
  "value" : {
    "bpm" : 130,
    "confidence" : 1
  }
},{
  "dateTime" : "10/02/20 13:44:54",
  "value" : {
    "bpm" : 129,
    "confidence" : 1
  }
},{
  "dateTime" : "10/02/20 13:44:59",
  "value" : {
    "bpm" : 128,
    "confidence" : 1
  }
},{
  "dateTime" : "10/02/20 13:45:09",
  "value" : {
    "bpm" : 129,
    "confidence" : 1
  }
},{
  "dateTime" : "10/02/20 13:45:14",
  "value" : {
    "bpm" : 127,
    "confidence" : 1
  }
},{
  "dateTime" : "10/02/20 13:45:24",
  "value" : {
    "bpm" : 126,
    "confidence" : 1
  }
},{
  "dateTime" : "10/02/20 13:45:29",
  "value" : {
    "bpm" : 124,
    "confidence" : 1
  }
},{
  "dateTime" : "10/02/20 13:45:39",
  "value" : {
    "bpm" : 123,
    "confidence" : 1
  }
},{
  "dateTime" : "10/02/20 13:45:44",
  "value" : {
    "bpm" : 122,
    "confidence" : 1
  }
},{
  "dateTime" : "10/02/20 13:45:49",
  "value" : {
    "bpm" : 123,
    "confidence" : 1
  }
},{
  "dateTime" : "10/02/20 13:45:54",
  "value" : {
    "bpm" : 124,
    "confidence" : 1
  }
},{
  "dateTime" : "10/02/20 13:46:09",
  "value" : {
    "bpm" : 123,
    "confidence" : 1
  }
},{
  "dateTime" : "10/02/20 13:46:14",
  "value" : {
    "bpm" : 122,
    "confidence" : 1
  }
},{
  "dateTime" : "10/02/20 13:46:19",
  "value" : {
    "bpm" : 125,
    "confidence" : 1
  }
},{
  "dateTime" : "10/02/20 13:46:24",
  "value" : {
    "bpm" : 128,
    "confidence" : 1
  }
},{
  "dateTime" : "10/02/20 13:46:29",
  "value" : {
    "bpm" : 127,
    "confidence" : 1
  }
},{
  "dateTime" : "10/02/20 13:46:34",
  "value" : {
    "bpm" : 124,
    "confidence" : 1
  }
},{
  "dateTime" : "10/02/20 13:46:49",
  "value" : {
    "bpm" : 125,
    "confidence" : 1
  }
},{
  "dateTime" : "10/02/20 13:46:54",
  "value" : {
    "bpm" : 124,
    "confidence" : 1
  }
},{
  "dateTime" : "10/02/20 13:46:59",
  "value" : {
    "bpm" : 124,
    "confidence" : 1
  }
},{
  "dateTime" : "10/02/20 13:47:04",
  "value" : {
    "bpm" : 120,
    "confidence" : 1
  }
},{
  "dateTime" : "10/02/20 13:47:09",
  "value" : {
    "bpm" : 118,
    "confidence" : 1
  }
},{
  "dateTime" : "10/02/20 13:47:14",
  "value" : {
    "bpm" : 118,
    "confidence" : 0
  }
},{
  "dateTime" : "10/02/20 13:47:19",
  "value" : {
    "bpm" : 116,
    "confidence" : 1
  }
},{
  "dateTime" : "10/02/20 13:47:24",
  "value" : {
    "bpm" : 115,
    "confidence" : 1
  }
},{
  "dateTime" : "10/02/20 13:47:34",
  "value" : {
    "bpm" : 114,
    "confidence" : 1
  }
},{
  "dateTime" : "10/02/20 13:47:44",
  "value" : {
    "bpm" : 117,
    "confidence" : 2
  }
},{
  "dateTime" : "10/02/20 13:47:49",
  "value" : {
    "bpm" : 118,
    "confidence" : 1
  }
},{
  "dateTime" : "10/02/20 13:47:54",
  "value" : {
    "bpm" : 123,
    "confidence" : 1
  }
},{
  "dateTime" : "10/02/20 13:47:59",
  "value" : {
    "bpm" : 131,
    "confidence" : 1
  }
},{
  "dateTime" : "10/02/20 13:48:04",
  "value" : {
    "bpm" : 135,
    "confidence" : 1
  }
},{
  "dateTime" : "10/02/20 13:48:09",
  "value" : {
    "bpm" : 140,
    "confidence" : 1
  }
},{
  "dateTime" : "10/02/20 13:48:14",
  "value" : {
    "bpm" : 143,
    "confidence" : 1
  }
},{
  "dateTime" : "10/02/20 13:48:24",
  "value" : {
    "bpm" : 144,
    "confidence" : 1
  }
},{
  "dateTime" : "10/02/20 13:52:46",
  "value" : {
    "bpm" : 70,
    "confidence" : 0
  }
},{
  "dateTime" : "10/02/20 13:52:56",
  "value" : {
    "bpm" : 103,
    "confidence" : 1
  }
},{
  "dateTime" : "10/02/20 13:53:01",
  "value" : {
    "bpm" : 116,
    "confidence" : 1
  }
},{
  "dateTime" : "10/02/20 13:53:06",
  "value" : {
    "bpm" : 113,
    "confidence" : 1
  }
},{
  "dateTime" : "10/02/20 13:53:22",
  "value" : {
    "bpm" : 116,
    "confidence" : 1
  }
},{
  "dateTime" : "10/02/20 13:53:27",
  "value" : {
    "bpm" : 122,
    "confidence" : 1
  }
},{
  "dateTime" : "10/02/20 13:53:42",
  "value" : {
    "bpm" : 122,
    "confidence" : 1
  }
},{
  "dateTime" : "10/02/20 14:48:25",
  "value" : {
    "bpm" : 70,
    "confidence" : 0
  }
},{
  "dateTime" : "10/02/20 15:43:02",
  "value" : {
    "bpm" : 70,
    "confidence" : 0
  }
}]