[{
  "dateTime" : "10/13/20 08:57:16",
  "value" : {
    "bpm" : 70,
    "confidence" : 0
  }
},{
  "dateTime" : "10/13/20 09:02:58",
  "value" : {
    "bpm" : 70,
    "confidence" : 0
  }
},{
  "dateTime" : "10/13/20 09:03:03",
  "value" : {
    "bpm" : 70,
    "confidence" : 1
  }
},{
  "dateTime" : "10/13/20 09:03:08",
  "value" : {
    "bpm" : 82,
    "confidence" : 1
  }
},{
  "dateTime" : "10/13/20 09:03:13",
  "value" : {
    "bpm" : 102,
    "confidence" : 1
  }
},{
  "dateTime" : "10/13/20 09:03:18",
  "value" : {
    "bpm" : 107,
    "confidence" : 1
  }
},{
  "dateTime" : "10/13/20 09:03:23",
  "value" : {
    "bpm" : 104,
    "confidence" : 1
  }
},{
  "dateTime" : "10/13/20 09:03:28",
  "value" : {
    "bpm" : 96,
    "confidence" : 1
  }
},{
  "dateTime" : "10/13/20 09:03:33",
  "value" : {
    "bpm" : 93,
    "confidence" : 1
  }
},{
  "dateTime" : "10/13/20 09:03:38",
  "value" : {
    "bpm" : 94,
    "confidence" : 1
  }
},{
  "dateTime" : "10/13/20 09:03:53",
  "value" : {
    "bpm" : 95,
    "confidence" : 1
  }
},{
  "dateTime" : "10/13/20 09:03:58",
  "value" : {
    "bpm" : 95,
    "confidence" : 2
  }
},{
  "dateTime" : "10/13/20 09:04:03",
  "value" : {
    "bpm" : 94,
    "confidence" : 1
  }
},{
  "dateTime" : "10/13/20 09:04:13",
  "value" : {
    "bpm" : 95,
    "confidence" : 1
  }
},{
  "dateTime" : "10/13/20 09:04:18",
  "value" : {
    "bpm" : 95,
    "confidence" : 2
  }
},{
  "dateTime" : "10/13/20 09:04:33",
  "value" : {
    "bpm" : 95,
    "confidence" : 2
  }
},{
  "dateTime" : "10/13/20 09:04:48",
  "value" : {
    "bpm" : 95,
    "confidence" : 2
  }
},{
  "dateTime" : "10/13/20 09:04:53",
  "value" : {
    "bpm" : 94,
    "confidence" : 2
  }
},{
  "dateTime" : "10/13/20 09:05:03",
  "value" : {
    "bpm" : 95,
    "confidence" : 2
  }
},{
  "dateTime" : "10/13/20 09:05:18",
  "value" : {
    "bpm" : 94,
    "confidence" : 2
  }
},{
  "dateTime" : "10/13/20 09:05:23",
  "value" : {
    "bpm" : 93,
    "confidence" : 2
  }
},{
  "dateTime" : "10/13/20 09:05:28",
  "value" : {
    "bpm" : 92,
    "confidence" : 2
  }
},{
  "dateTime" : "10/13/20 09:05:33",
  "value" : {
    "bpm" : 94,
    "confidence" : 2
  }
},{
  "dateTime" : "10/13/20 09:05:38",
  "value" : {
    "bpm" : 95,
    "confidence" : 2
  }
},{
  "dateTime" : "10/13/20 09:05:53",
  "value" : {
    "bpm" : 95,
    "confidence" : 2
  }
},{
  "dateTime" : "10/13/20 09:05:58",
  "value" : {
    "bpm" : 95,
    "confidence" : 2
  }
},{
  "dateTime" : "10/13/20 09:06:03",
  "value" : {
    "bpm" : 94,
    "confidence" : 2
  }
},{
  "dateTime" : "10/13/20 09:06:08",
  "value" : {
    "bpm" : 96,
    "confidence" : 2
  }
},{
  "dateTime" : "10/13/20 09:06:13",
  "value" : {
    "bpm" : 97,
    "confidence" : 1
  }
},{
  "dateTime" : "10/13/20 09:06:18",
  "value" : {
    "bpm" : 97,
    "confidence" : 2
  }
},{
  "dateTime" : "10/13/20 09:06:23",
  "value" : {
    "bpm" : 96,
    "confidence" : 2
  }
},{
  "dateTime" : "10/13/20 09:06:28",
  "value" : {
    "bpm" : 97,
    "confidence" : 2
  }
},{
  "dateTime" : "10/13/20 09:06:33",
  "value" : {
    "bpm" : 99,
    "confidence" : 2
  }
},{
  "dateTime" : "10/13/20 09:06:48",
  "value" : {
    "bpm" : 99,
    "confidence" : 2
  }
},{
  "dateTime" : "10/13/20 09:07:03",
  "value" : {
    "bpm" : 100,
    "confidence" : 2
  }
},{
  "dateTime" : "10/13/20 09:07:08",
  "value" : {
    "bpm" : 99,
    "confidence" : 2
  }
},{
  "dateTime" : "10/13/20 09:07:18",
  "value" : {
    "bpm" : 98,
    "confidence" : 2
  }
},{
  "dateTime" : "10/13/20 09:07:23",
  "value" : {
    "bpm" : 95,
    "confidence" : 2
  }
},{
  "dateTime" : "10/13/20 09:07:28",
  "value" : {
    "bpm" : 94,
    "confidence" : 1
  }
},{
  "dateTime" : "10/13/20 09:07:33",
  "value" : {
    "bpm" : 95,
    "confidence" : 1
  }
},{
  "dateTime" : "10/13/20 09:07:38",
  "value" : {
    "bpm" : 98,
    "confidence" : 1
  }
},{
  "dateTime" : "10/13/20 09:07:43",
  "value" : {
    "bpm" : 103,
    "confidence" : 2
  }
},{
  "dateTime" : "10/13/20 09:07:48",
  "value" : {
    "bpm" : 103,
    "confidence" : 1
  }
},{
  "dateTime" : "10/13/20 09:08:03",
  "value" : {
    "bpm" : 103,
    "confidence" : 1
  }
},{
  "dateTime" : "10/13/20 09:08:08",
  "value" : {
    "bpm" : 104,
    "confidence" : 1
  }
},{
  "dateTime" : "10/13/20 09:08:13",
  "value" : {
    "bpm" : 106,
    "confidence" : 1
  }
},{
  "dateTime" : "10/13/20 09:08:18",
  "value" : {
    "bpm" : 109,
    "confidence" : 1
  }
},{
  "dateTime" : "10/13/20 09:08:23",
  "value" : {
    "bpm" : 110,
    "confidence" : 1
  }
},{
  "dateTime" : "10/13/20 09:08:33",
  "value" : {
    "bpm" : 112,
    "confidence" : 1
  }
},{
  "dateTime" : "10/13/20 09:08:38",
  "value" : {
    "bpm" : 111,
    "confidence" : 1
  }
},{
  "dateTime" : "10/13/20 09:08:43",
  "value" : {
    "bpm" : 109,
    "confidence" : 1
  }
},{
  "dateTime" : "10/13/20 09:08:58",
  "value" : {
    "bpm" : 111,
    "confidence" : 1
  }
},{
  "dateTime" : "10/13/20 09:09:03",
  "value" : {
    "bpm" : 114,
    "confidence" : 1
  }
},{
  "dateTime" : "10/13/20 09:09:08",
  "value" : {
    "bpm" : 121,
    "confidence" : 1
  }
},{
  "dateTime" : "10/13/20 09:09:13",
  "value" : {
    "bpm" : 124,
    "confidence" : 1
  }
},{
  "dateTime" : "10/13/20 09:09:18",
  "value" : {
    "bpm" : 126,
    "confidence" : 1
  }
},{
  "dateTime" : "10/13/20 09:09:23",
  "value" : {
    "bpm" : 130,
    "confidence" : 1
  }
},{
  "dateTime" : "10/13/20 09:09:28",
  "value" : {
    "bpm" : 133,
    "confidence" : 1
  }
},{
  "dateTime" : "10/13/20 09:09:33",
  "value" : {
    "bpm" : 130,
    "confidence" : 0
  }
},{
  "dateTime" : "10/13/20 09:09:38",
  "value" : {
    "bpm" : 128,
    "confidence" : 1
  }
},{
  "dateTime" : "10/13/20 09:09:43",
  "value" : {
    "bpm" : 127,
    "confidence" : 1
  }
},{
  "dateTime" : "10/13/20 09:09:48",
  "value" : {
    "bpm" : 124,
    "confidence" : 1
  }
},{
  "dateTime" : "10/13/20 09:09:53",
  "value" : {
    "bpm" : 122,
    "confidence" : 1
  }
},{
  "dateTime" : "10/13/20 09:09:58",
  "value" : {
    "bpm" : 123,
    "confidence" : 1
  }
},{
  "dateTime" : "10/13/20 09:10:03",
  "value" : {
    "bpm" : 124,
    "confidence" : 1
  }
},{
  "dateTime" : "10/13/20 09:10:08",
  "value" : {
    "bpm" : 122,
    "confidence" : 1
  }
},{
  "dateTime" : "10/13/20 09:10:13",
  "value" : {
    "bpm" : 123,
    "confidence" : 1
  }
},{
  "dateTime" : "10/13/20 09:10:18",
  "value" : {
    "bpm" : 126,
    "confidence" : 1
  }
},{
  "dateTime" : "10/13/20 09:10:23",
  "value" : {
    "bpm" : 130,
    "confidence" : 1
  }
},{
  "dateTime" : "10/13/20 09:10:28",
  "value" : {
    "bpm" : 134,
    "confidence" : 1
  }
},{
  "dateTime" : "10/13/20 09:10:33",
  "value" : {
    "bpm" : 138,
    "confidence" : 1
  }
},{
  "dateTime" : "10/13/20 09:10:38",
  "value" : {
    "bpm" : 142,
    "confidence" : 0
  }
},{
  "dateTime" : "10/13/20 09:10:48",
  "value" : {
    "bpm" : 141,
    "confidence" : 0
  }
},{
  "dateTime" : "10/13/20 09:10:53",
  "value" : {
    "bpm" : 143,
    "confidence" : 0
  }
},{
  "dateTime" : "10/13/20 09:10:58",
  "value" : {
    "bpm" : 139,
    "confidence" : 0
  }
},{
  "dateTime" : "10/13/20 09:11:03",
  "value" : {
    "bpm" : 138,
    "confidence" : 0
  }
},{
  "dateTime" : "10/13/20 09:11:13",
  "value" : {
    "bpm" : 142,
    "confidence" : 0
  }
},{
  "dateTime" : "10/13/20 09:11:18",
  "value" : {
    "bpm" : 147,
    "confidence" : 0
  }
},{
  "dateTime" : "10/13/20 09:11:23",
  "value" : {
    "bpm" : 151,
    "confidence" : 0
  }
},{
  "dateTime" : "10/13/20 09:11:28",
  "value" : {
    "bpm" : 156,
    "confidence" : 0
  }
},{
  "dateTime" : "10/13/20 09:11:33",
  "value" : {
    "bpm" : 161,
    "confidence" : 0
  }
},{
  "dateTime" : "10/13/20 09:11:38",
  "value" : {
    "bpm" : 165,
    "confidence" : 0
  }
},{
  "dateTime" : "10/13/20 09:11:43",
  "value" : {
    "bpm" : 168,
    "confidence" : 1
  }
},{
  "dateTime" : "10/13/20 09:11:48",
  "value" : {
    "bpm" : 170,
    "confidence" : 2
  }
},{
  "dateTime" : "10/13/20 09:11:53",
  "value" : {
    "bpm" : 171,
    "confidence" : 2
  }
},{
  "dateTime" : "10/13/20 09:12:03",
  "value" : {
    "bpm" : 172,
    "confidence" : 2
  }
},{
  "dateTime" : "10/13/20 09:12:08",
  "value" : {
    "bpm" : 174,
    "confidence" : 2
  }
},{
  "dateTime" : "10/13/20 09:12:13",
  "value" : {
    "bpm" : 176,
    "confidence" : 2
  }
},{
  "dateTime" : "10/13/20 09:12:28",
  "value" : {
    "bpm" : 175,
    "confidence" : 2
  }
},{
  "dateTime" : "10/13/20 09:12:33",
  "value" : {
    "bpm" : 174,
    "confidence" : 2
  }
},{
  "dateTime" : "10/13/20 09:12:38",
  "value" : {
    "bpm" : 173,
    "confidence" : 2
  }
},{
  "dateTime" : "10/13/20 09:12:48",
  "value" : {
    "bpm" : 172,
    "confidence" : 2
  }
},{
  "dateTime" : "10/13/20 09:12:58",
  "value" : {
    "bpm" : 171,
    "confidence" : 2
  }
},{
  "dateTime" : "10/13/20 09:13:03",
  "value" : {
    "bpm" : 170,
    "confidence" : 2
  }
},{
  "dateTime" : "10/13/20 09:13:08",
  "value" : {
    "bpm" : 169,
    "confidence" : 2
  }
},{
  "dateTime" : "10/13/20 09:13:18",
  "value" : {
    "bpm" : 170,
    "confidence" : 2
  }
},{
  "dateTime" : "10/13/20 09:13:23",
  "value" : {
    "bpm" : 173,
    "confidence" : 2
  }
},{
  "dateTime" : "10/13/20 09:13:38",
  "value" : {
    "bpm" : 173,
    "confidence" : 2
  }
},{
  "dateTime" : "10/13/20 09:13:43",
  "value" : {
    "bpm" : 174,
    "confidence" : 2
  }
},{
  "dateTime" : "10/13/20 09:13:48",
  "value" : {
    "bpm" : 175,
    "confidence" : 2
  }
},{
  "dateTime" : "10/13/20 09:13:58",
  "value" : {
    "bpm" : 173,
    "confidence" : 2
  }
},{
  "dateTime" : "10/13/20 09:14:03",
  "value" : {
    "bpm" : 171,
    "confidence" : 2
  }
},{
  "dateTime" : "10/13/20 09:14:08",
  "value" : {
    "bpm" : 170,
    "confidence" : 2
  }
},{
  "dateTime" : "10/13/20 09:14:18",
  "value" : {
    "bpm" : 171,
    "confidence" : 2
  }
},{
  "dateTime" : "10/13/20 09:14:23",
  "value" : {
    "bpm" : 172,
    "confidence" : 2
  }
},{
  "dateTime" : "10/13/20 09:14:28",
  "value" : {
    "bpm" : 174,
    "confidence" : 2
  }
},{
  "dateTime" : "10/13/20 09:14:33",
  "value" : {
    "bpm" : 173,
    "confidence" : 2
  }
},{
  "dateTime" : "10/13/20 09:14:38",
  "value" : {
    "bpm" : 172,
    "confidence" : 2
  }
},{
  "dateTime" : "10/13/20 09:14:43",
  "value" : {
    "bpm" : 171,
    "confidence" : 2
  }
},{
  "dateTime" : "10/13/20 09:14:53",
  "value" : {
    "bpm" : 172,
    "confidence" : 2
  }
},{
  "dateTime" : "10/13/20 09:15:03",
  "value" : {
    "bpm" : 173,
    "confidence" : 2
  }
},{
  "dateTime" : "10/13/20 09:15:13",
  "value" : {
    "bpm" : 172,
    "confidence" : 2
  }
},{
  "dateTime" : "10/13/20 09:15:28",
  "value" : {
    "bpm" : 172,
    "confidence" : 2
  }
},{
  "dateTime" : "10/13/20 09:15:43",
  "value" : {
    "bpm" : 172,
    "confidence" : 2
  }
},{
  "dateTime" : "10/13/20 09:15:48",
  "value" : {
    "bpm" : 174,
    "confidence" : 2
  }
},{
  "dateTime" : "10/13/20 09:16:03",
  "value" : {
    "bpm" : 174,
    "confidence" : 2
  }
},{
  "dateTime" : "10/13/20 09:16:18",
  "value" : {
    "bpm" : 175,
    "confidence" : 2
  }
},{
  "dateTime" : "10/13/20 09:16:33",
  "value" : {
    "bpm" : 174,
    "confidence" : 2
  }
},{
  "dateTime" : "10/13/20 09:16:38",
  "value" : {
    "bpm" : 171,
    "confidence" : 2
  }
},{
  "dateTime" : "10/13/20 09:16:43",
  "value" : {
    "bpm" : 165,
    "confidence" : 2
  }
},{
  "dateTime" : "10/13/20 09:16:48",
  "value" : {
    "bpm" : 161,
    "confidence" : 2
  }
},{
  "dateTime" : "10/13/20 09:16:53",
  "value" : {
    "bpm" : 157,
    "confidence" : 2
  }
},{
  "dateTime" : "10/13/20 09:16:58",
  "value" : {
    "bpm" : 154,
    "confidence" : 2
  }
},{
  "dateTime" : "10/13/20 09:17:03",
  "value" : {
    "bpm" : 149,
    "confidence" : 1
  }
},{
  "dateTime" : "10/13/20 09:17:08",
  "value" : {
    "bpm" : 142,
    "confidence" : 1
  }
},{
  "dateTime" : "10/13/20 09:17:13",
  "value" : {
    "bpm" : 136,
    "confidence" : 1
  }
},{
  "dateTime" : "10/13/20 09:17:18",
  "value" : {
    "bpm" : 137,
    "confidence" : 1
  }
},{
  "dateTime" : "10/13/20 09:17:23",
  "value" : {
    "bpm" : 133,
    "confidence" : 1
  }
},{
  "dateTime" : "10/13/20 09:17:28",
  "value" : {
    "bpm" : 132,
    "confidence" : 1
  }
},{
  "dateTime" : "10/13/20 09:17:38",
  "value" : {
    "bpm" : 133,
    "confidence" : 1
  }
},{
  "dateTime" : "10/13/20 09:17:48",
  "value" : {
    "bpm" : 130,
    "confidence" : 1
  }
},{
  "dateTime" : "10/13/20 09:17:53",
  "value" : {
    "bpm" : 128,
    "confidence" : 1
  }
},{
  "dateTime" : "10/13/20 09:17:58",
  "value" : {
    "bpm" : 124,
    "confidence" : 1
  }
},{
  "dateTime" : "10/13/20 09:18:03",
  "value" : {
    "bpm" : 120,
    "confidence" : 1
  }
},{
  "dateTime" : "10/13/20 09:18:08",
  "value" : {
    "bpm" : 118,
    "confidence" : 1
  }
},{
  "dateTime" : "10/13/20 09:18:13",
  "value" : {
    "bpm" : 118,
    "confidence" : 0
  }
},{
  "dateTime" : "10/13/20 09:18:18",
  "value" : {
    "bpm" : 117,
    "confidence" : 0
  }
},{
  "dateTime" : "10/13/20 09:18:23",
  "value" : {
    "bpm" : 116,
    "confidence" : 0
  }
},{
  "dateTime" : "10/13/20 09:18:28",
  "value" : {
    "bpm" : 116,
    "confidence" : 1
  }
},{
  "dateTime" : "10/13/20 09:18:33",
  "value" : {
    "bpm" : 115,
    "confidence" : 1
  }
},{
  "dateTime" : "10/13/20 09:18:43",
  "value" : {
    "bpm" : 116,
    "confidence" : 1
  }
},{
  "dateTime" : "10/13/20 09:18:48",
  "value" : {
    "bpm" : 115,
    "confidence" : 1
  }
},{
  "dateTime" : "10/13/20 09:18:58",
  "value" : {
    "bpm" : 116,
    "confidence" : 1
  }
},{
  "dateTime" : "10/13/20 09:19:03",
  "value" : {
    "bpm" : 115,
    "confidence" : 0
  }
},{
  "dateTime" : "10/13/20 09:19:08",
  "value" : {
    "bpm" : 116,
    "confidence" : 0
  }
},{
  "dateTime" : "10/13/20 09:19:13",
  "value" : {
    "bpm" : 117,
    "confidence" : 0
  }
},{
  "dateTime" : "10/13/20 09:19:18",
  "value" : {
    "bpm" : 115,
    "confidence" : 0
  }
},{
  "dateTime" : "10/13/20 09:19:23",
  "value" : {
    "bpm" : 115,
    "confidence" : 1
  }
},{
  "dateTime" : "10/13/20 09:19:33",
  "value" : {
    "bpm" : 116,
    "confidence" : 1
  }
},{
  "dateTime" : "10/13/20 09:19:43",
  "value" : {
    "bpm" : 117,
    "confidence" : 0
  }
},{
  "dateTime" : "10/13/20 09:19:53",
  "value" : {
    "bpm" : 117,
    "confidence" : 1
  }
},{
  "dateTime" : "10/13/20 09:19:58",
  "value" : {
    "bpm" : 118,
    "confidence" : 1
  }
},{
  "dateTime" : "10/13/20 09:20:08",
  "value" : {
    "bpm" : 117,
    "confidence" : 1
  }
},{
  "dateTime" : "10/13/20 09:20:18",
  "value" : {
    "bpm" : 118,
    "confidence" : 1
  }
},{
  "dateTime" : "10/13/20 09:20:28",
  "value" : {
    "bpm" : 117,
    "confidence" : 1
  }
},{
  "dateTime" : "10/13/20 09:20:38",
  "value" : {
    "bpm" : 119,
    "confidence" : 0
  }
},{
  "dateTime" : "10/13/20 09:20:43",
  "value" : {
    "bpm" : 120,
    "confidence" : 0
  }
},{
  "dateTime" : "10/13/20 09:20:48",
  "value" : {
    "bpm" : 121,
    "confidence" : 0
  }
},{
  "dateTime" : "10/13/20 09:20:53",
  "value" : {
    "bpm" : 122,
    "confidence" : 0
  }
},{
  "dateTime" : "10/13/20 09:21:03",
  "value" : {
    "bpm" : 124,
    "confidence" : 1
  }
},{
  "dateTime" : "10/13/20 09:21:09",
  "value" : {
    "bpm" : 122,
    "confidence" : 1
  }
},{
  "dateTime" : "10/13/20 09:21:24",
  "value" : {
    "bpm" : 120,
    "confidence" : 1
  }
},{
  "dateTime" : "10/13/20 09:21:29",
  "value" : {
    "bpm" : 117,
    "confidence" : 1
  }
},{
  "dateTime" : "10/13/20 09:21:34",
  "value" : {
    "bpm" : 119,
    "confidence" : 1
  }
},{
  "dateTime" : "10/13/20 09:21:49",
  "value" : {
    "bpm" : 120,
    "confidence" : 1
  }
},{
  "dateTime" : "10/13/20 09:21:54",
  "value" : {
    "bpm" : 119,
    "confidence" : 1
  }
},{
  "dateTime" : "10/13/20 09:21:59",
  "value" : {
    "bpm" : 98,
    "confidence" : 1
  }
},{
  "dateTime" : "10/13/20 09:22:04",
  "value" : {
    "bpm" : 99,
    "confidence" : 1
  }
},{
  "dateTime" : "10/13/20 09:22:09",
  "value" : {
    "bpm" : 100,
    "confidence" : 1
  }
},{
  "dateTime" : "10/13/20 09:22:14",
  "value" : {
    "bpm" : 99,
    "confidence" : 1
  }
},{
  "dateTime" : "10/13/20 09:22:19",
  "value" : {
    "bpm" : 102,
    "confidence" : 1
  }
},{
  "dateTime" : "10/13/20 09:22:24",
  "value" : {
    "bpm" : 104,
    "confidence" : 1
  }
},{
  "dateTime" : "10/13/20 09:22:29",
  "value" : {
    "bpm" : 105,
    "confidence" : 1
  }
},{
  "dateTime" : "10/13/20 09:22:34",
  "value" : {
    "bpm" : 106,
    "confidence" : 1
  }
},{
  "dateTime" : "10/13/20 09:22:39",
  "value" : {
    "bpm" : 109,
    "confidence" : 1
  }
},{
  "dateTime" : "10/13/20 09:22:44",
  "value" : {
    "bpm" : 111,
    "confidence" : 1
  }
},{
  "dateTime" : "10/13/20 09:22:49",
  "value" : {
    "bpm" : 114,
    "confidence" : 1
  }
},{
  "dateTime" : "10/13/20 09:22:54",
  "value" : {
    "bpm" : 115,
    "confidence" : 1
  }
},{
  "dateTime" : "10/13/20 09:22:59",
  "value" : {
    "bpm" : 120,
    "confidence" : 1
  }
},{
  "dateTime" : "10/13/20 09:23:04",
  "value" : {
    "bpm" : 125,
    "confidence" : 1
  }
},{
  "dateTime" : "10/13/20 09:23:09",
  "value" : {
    "bpm" : 129,
    "confidence" : 1
  }
},{
  "dateTime" : "10/13/20 09:23:14",
  "value" : {
    "bpm" : 135,
    "confidence" : 1
  }
},{
  "dateTime" : "10/13/20 09:23:19",
  "value" : {
    "bpm" : 136,
    "confidence" : 1
  }
},{
  "dateTime" : "10/13/20 09:23:24",
  "value" : {
    "bpm" : 133,
    "confidence" : 1
  }
},{
  "dateTime" : "10/13/20 09:23:34",
  "value" : {
    "bpm" : 136,
    "confidence" : 1
  }
},{
  "dateTime" : "10/13/20 09:23:39",
  "value" : {
    "bpm" : 140,
    "confidence" : 1
  }
},{
  "dateTime" : "10/13/20 09:23:44",
  "value" : {
    "bpm" : 141,
    "confidence" : 1
  }
},{
  "dateTime" : "10/13/20 09:23:49",
  "value" : {
    "bpm" : 138,
    "confidence" : 1
  }
},{
  "dateTime" : "10/13/20 09:23:54",
  "value" : {
    "bpm" : 137,
    "confidence" : 1
  }
},{
  "dateTime" : "10/13/20 09:23:59",
  "value" : {
    "bpm" : 138,
    "confidence" : 1
  }
},{
  "dateTime" : "10/13/20 09:24:04",
  "value" : {
    "bpm" : 137,
    "confidence" : 1
  }
},{
  "dateTime" : "10/13/20 09:24:09",
  "value" : {
    "bpm" : 135,
    "confidence" : 1
  }
},{
  "dateTime" : "10/13/20 09:24:14",
  "value" : {
    "bpm" : 133,
    "confidence" : 1
  }
},{
  "dateTime" : "10/13/20 09:24:29",
  "value" : {
    "bpm" : 131,
    "confidence" : 1
  }
},{
  "dateTime" : "10/13/20 09:24:34",
  "value" : {
    "bpm" : 126,
    "confidence" : 1
  }
},{
  "dateTime" : "10/13/20 09:24:39",
  "value" : {
    "bpm" : 121,
    "confidence" : 1
  }
},{
  "dateTime" : "10/13/20 09:24:44",
  "value" : {
    "bpm" : 118,
    "confidence" : 1
  }
},{
  "dateTime" : "10/13/20 09:24:49",
  "value" : {
    "bpm" : 114,
    "confidence" : 1
  }
},{
  "dateTime" : "10/13/20 09:24:54",
  "value" : {
    "bpm" : 107,
    "confidence" : 1
  }
},{
  "dateTime" : "10/13/20 09:24:59",
  "value" : {
    "bpm" : 111,
    "confidence" : 1
  }
},{
  "dateTime" : "10/13/20 09:25:04",
  "value" : {
    "bpm" : 120,
    "confidence" : 1
  }
},{
  "dateTime" : "10/13/20 09:25:09",
  "value" : {
    "bpm" : 121,
    "confidence" : 1
  }
},{
  "dateTime" : "10/13/20 09:25:19",
  "value" : {
    "bpm" : 122,
    "confidence" : 1
  }
},{
  "dateTime" : "10/13/20 09:25:24",
  "value" : {
    "bpm" : 119,
    "confidence" : 1
  }
},{
  "dateTime" : "10/13/20 09:25:29",
  "value" : {
    "bpm" : 117,
    "confidence" : 1
  }
},{
  "dateTime" : "10/13/20 09:25:34",
  "value" : {
    "bpm" : 115,
    "confidence" : 1
  }
},{
  "dateTime" : "10/13/20 09:25:39",
  "value" : {
    "bpm" : 112,
    "confidence" : 1
  }
},{
  "dateTime" : "10/13/20 09:25:44",
  "value" : {
    "bpm" : 110,
    "confidence" : 2
  }
},{
  "dateTime" : "10/13/20 09:25:49",
  "value" : {
    "bpm" : 108,
    "confidence" : 2
  }
},{
  "dateTime" : "10/13/20 09:25:54",
  "value" : {
    "bpm" : 105,
    "confidence" : 2
  }
},{
  "dateTime" : "10/13/20 09:25:59",
  "value" : {
    "bpm" : 100,
    "confidence" : 1
  }
},{
  "dateTime" : "10/13/20 09:26:04",
  "value" : {
    "bpm" : 102,
    "confidence" : 1
  }
},{
  "dateTime" : "10/13/20 09:26:09",
  "value" : {
    "bpm" : 109,
    "confidence" : 1
  }
},{
  "dateTime" : "10/13/20 09:26:24",
  "value" : {
    "bpm" : 109,
    "confidence" : 1
  }
},{
  "dateTime" : "10/13/20 09:26:29",
  "value" : {
    "bpm" : 108,
    "confidence" : 1
  }
},{
  "dateTime" : "10/13/20 09:26:34",
  "value" : {
    "bpm" : 109,
    "confidence" : 1
  }
},{
  "dateTime" : "10/13/20 09:26:39",
  "value" : {
    "bpm" : 110,
    "confidence" : 1
  }
},{
  "dateTime" : "10/13/20 09:26:44",
  "value" : {
    "bpm" : 106,
    "confidence" : 1
  }
},{
  "dateTime" : "10/13/20 09:26:49",
  "value" : {
    "bpm" : 104,
    "confidence" : 1
  }
},{
  "dateTime" : "10/13/20 09:26:54",
  "value" : {
    "bpm" : 103,
    "confidence" : 1
  }
},{
  "dateTime" : "10/13/20 09:26:59",
  "value" : {
    "bpm" : 101,
    "confidence" : 1
  }
},{
  "dateTime" : "10/13/20 09:27:09",
  "value" : {
    "bpm" : 102,
    "confidence" : 1
  }
},{
  "dateTime" : "10/13/20 09:27:14",
  "value" : {
    "bpm" : 101,
    "confidence" : 1
  }
},{
  "dateTime" : "10/13/20 09:27:19",
  "value" : {
    "bpm" : 103,
    "confidence" : 1
  }
},{
  "dateTime" : "10/13/20 09:27:29",
  "value" : {
    "bpm" : 105,
    "confidence" : 1
  }
},{
  "dateTime" : "10/13/20 09:27:39",
  "value" : {
    "bpm" : 101,
    "confidence" : 1
  }
},{
  "dateTime" : "10/13/20 09:27:44",
  "value" : {
    "bpm" : 103,
    "confidence" : 1
  }
},{
  "dateTime" : "10/13/20 09:27:49",
  "value" : {
    "bpm" : 101,
    "confidence" : 1
  }
},{
  "dateTime" : "10/13/20 09:27:54",
  "value" : {
    "bpm" : 97,
    "confidence" : 1
  }
},{
  "dateTime" : "10/13/20 09:28:09",
  "value" : {
    "bpm" : 97,
    "confidence" : 1
  }
},{
  "dateTime" : "10/13/20 09:28:19",
  "value" : {
    "bpm" : 100,
    "confidence" : 1
  }
},{
  "dateTime" : "10/13/20 09:28:24",
  "value" : {
    "bpm" : 101,
    "confidence" : 1
  }
},{
  "dateTime" : "10/13/20 09:28:29",
  "value" : {
    "bpm" : 103,
    "confidence" : 1
  }
},{
  "dateTime" : "10/13/20 09:28:34",
  "value" : {
    "bpm" : 103,
    "confidence" : 2
  }
},{
  "dateTime" : "10/13/20 09:28:39",
  "value" : {
    "bpm" : 107,
    "confidence" : 2
  }
},{
  "dateTime" : "10/13/20 09:28:44",
  "value" : {
    "bpm" : 114,
    "confidence" : 2
  }
},{
  "dateTime" : "10/13/20 09:28:49",
  "value" : {
    "bpm" : 113,
    "confidence" : 2
  }
},{
  "dateTime" : "10/13/20 09:28:54",
  "value" : {
    "bpm" : 110,
    "confidence" : 1
  }
},{
  "dateTime" : "10/13/20 09:28:59",
  "value" : {
    "bpm" : 110,
    "confidence" : 1
  }
},{
  "dateTime" : "10/13/20 09:29:14",
  "value" : {
    "bpm" : 110,
    "confidence" : 1
  }
},{
  "dateTime" : "10/13/20 09:29:24",
  "value" : {
    "bpm" : 110,
    "confidence" : 0
  }
},{
  "dateTime" : "10/13/20 09:29:34",
  "value" : {
    "bpm" : 109,
    "confidence" : 0
  }
},{
  "dateTime" : "10/13/20 09:29:49",
  "value" : {
    "bpm" : 109,
    "confidence" : 0
  }
},{
  "dateTime" : "10/13/20 09:30:04",
  "value" : {
    "bpm" : 109,
    "confidence" : 0
  }
},{
  "dateTime" : "10/13/20 09:30:14",
  "value" : {
    "bpm" : 112,
    "confidence" : 0
  }
},{
  "dateTime" : "10/13/20 09:30:19",
  "value" : {
    "bpm" : 113,
    "confidence" : 1
  }
},{
  "dateTime" : "10/13/20 09:30:34",
  "value" : {
    "bpm" : 113,
    "confidence" : 1
  }
},{
  "dateTime" : "10/13/20 09:30:39",
  "value" : {
    "bpm" : 112,
    "confidence" : 1
  }
},{
  "dateTime" : "10/13/20 09:30:44",
  "value" : {
    "bpm" : 111,
    "confidence" : 2
  }
},{
  "dateTime" : "10/13/20 09:30:49",
  "value" : {
    "bpm" : 111,
    "confidence" : 1
  }
},{
  "dateTime" : "10/13/20 09:30:59",
  "value" : {
    "bpm" : 112,
    "confidence" : 1
  }
},{
  "dateTime" : "10/13/20 09:31:14",
  "value" : {
    "bpm" : 110,
    "confidence" : 1
  }
},{
  "dateTime" : "10/13/20 09:31:19",
  "value" : {
    "bpm" : 109,
    "confidence" : 1
  }
},{
  "dateTime" : "10/13/20 09:31:34",
  "value" : {
    "bpm" : 110,
    "confidence" : 2
  }
},{
  "dateTime" : "10/13/20 09:31:49",
  "value" : {
    "bpm" : 109,
    "confidence" : 2
  }
},{
  "dateTime" : "10/13/20 09:31:54",
  "value" : {
    "bpm" : 104,
    "confidence" : 2
  }
},{
  "dateTime" : "10/13/20 09:31:59",
  "value" : {
    "bpm" : 100,
    "confidence" : 1
  }
},{
  "dateTime" : "10/13/20 09:32:04",
  "value" : {
    "bpm" : 98,
    "confidence" : 2
  }
},{
  "dateTime" : "10/13/20 09:32:09",
  "value" : {
    "bpm" : 96,
    "confidence" : 2
  }
},{
  "dateTime" : "10/13/20 09:32:14",
  "value" : {
    "bpm" : 95,
    "confidence" : 2
  }
},{
  "dateTime" : "10/13/20 09:32:19",
  "value" : {
    "bpm" : 97,
    "confidence" : 2
  }
},{
  "dateTime" : "10/13/20 09:32:29",
  "value" : {
    "bpm" : 96,
    "confidence" : 2
  }
},{
  "dateTime" : "10/13/20 09:32:34",
  "value" : {
    "bpm" : 98,
    "confidence" : 2
  }
},{
  "dateTime" : "10/13/20 09:32:39",
  "value" : {
    "bpm" : 99,
    "confidence" : 2
  }
},{
  "dateTime" : "10/13/20 09:32:44",
  "value" : {
    "bpm" : 103,
    "confidence" : 2
  }
},{
  "dateTime" : "10/13/20 09:32:49",
  "value" : {
    "bpm" : 108,
    "confidence" : 2
  }
},{
  "dateTime" : "10/13/20 09:32:59",
  "value" : {
    "bpm" : 107,
    "confidence" : 2
  }
},{
  "dateTime" : "10/13/20 09:33:09",
  "value" : {
    "bpm" : 104,
    "confidence" : 2
  }
},{
  "dateTime" : "10/13/20 09:33:14",
  "value" : {
    "bpm" : 103,
    "confidence" : 2
  }
},{
  "dateTime" : "10/13/20 09:33:19",
  "value" : {
    "bpm" : 100,
    "confidence" : 2
  }
},{
  "dateTime" : "10/13/20 09:33:24",
  "value" : {
    "bpm" : 99,
    "confidence" : 2
  }
},{
  "dateTime" : "10/13/20 09:33:34",
  "value" : {
    "bpm" : 97,
    "confidence" : 2
  }
},{
  "dateTime" : "10/13/20 09:33:39",
  "value" : {
    "bpm" : 96,
    "confidence" : 2
  }
},{
  "dateTime" : "10/13/20 09:33:49",
  "value" : {
    "bpm" : 98,
    "confidence" : 2
  }
},{
  "dateTime" : "10/13/20 09:33:54",
  "value" : {
    "bpm" : 99,
    "confidence" : 2
  }
},{
  "dateTime" : "10/13/20 09:33:59",
  "value" : {
    "bpm" : 100,
    "confidence" : 2
  }
},{
  "dateTime" : "10/13/20 09:34:04",
  "value" : {
    "bpm" : 101,
    "confidence" : 2
  }
},{
  "dateTime" : "10/13/20 09:34:14",
  "value" : {
    "bpm" : 98,
    "confidence" : 2
  }
},{
  "dateTime" : "10/13/20 09:34:19",
  "value" : {
    "bpm" : 93,
    "confidence" : 2
  }
},{
  "dateTime" : "10/13/20 09:34:24",
  "value" : {
    "bpm" : 94,
    "confidence" : 2
  }
},{
  "dateTime" : "10/13/20 09:34:29",
  "value" : {
    "bpm" : 95,
    "confidence" : 2
  }
},{
  "dateTime" : "10/13/20 09:34:39",
  "value" : {
    "bpm" : 96,
    "confidence" : 2
  }
},{
  "dateTime" : "10/13/20 09:34:44",
  "value" : {
    "bpm" : 97,
    "confidence" : 2
  }
},{
  "dateTime" : "10/13/20 09:34:49",
  "value" : {
    "bpm" : 98,
    "confidence" : 2
  }
},{
  "dateTime" : "10/13/20 09:34:54",
  "value" : {
    "bpm" : 100,
    "confidence" : 2
  }
},{
  "dateTime" : "10/13/20 09:34:59",
  "value" : {
    "bpm" : 101,
    "confidence" : 2
  }
},{
  "dateTime" : "10/13/20 09:35:14",
  "value" : {
    "bpm" : 100,
    "confidence" : 2
  }
},{
  "dateTime" : "10/13/20 09:35:19",
  "value" : {
    "bpm" : 99,
    "confidence" : 2
  }
},{
  "dateTime" : "10/13/20 09:35:34",
  "value" : {
    "bpm" : 99,
    "confidence" : 2
  }
},{
  "dateTime" : "10/13/20 09:35:39",
  "value" : {
    "bpm" : 100,
    "confidence" : 2
  }
},{
  "dateTime" : "10/13/20 09:35:44",
  "value" : {
    "bpm" : 99,
    "confidence" : 2
  }
},{
  "dateTime" : "10/13/20 09:35:54",
  "value" : {
    "bpm" : 98,
    "confidence" : 2
  }
},{
  "dateTime" : "10/13/20 09:35:59",
  "value" : {
    "bpm" : 97,
    "confidence" : 2
  }
},{
  "dateTime" : "10/13/20 09:36:04",
  "value" : {
    "bpm" : 97,
    "confidence" : 1
  }
},{
  "dateTime" : "10/13/20 09:36:09",
  "value" : {
    "bpm" : 96,
    "confidence" : 1
  }
},{
  "dateTime" : "10/13/20 09:36:14",
  "value" : {
    "bpm" : 97,
    "confidence" : 2
  }
},{
  "dateTime" : "10/13/20 09:36:19",
  "value" : {
    "bpm" : 98,
    "confidence" : 1
  }
},{
  "dateTime" : "10/13/20 09:36:24",
  "value" : {
    "bpm" : 99,
    "confidence" : 1
  }
},{
  "dateTime" : "10/13/20 09:36:34",
  "value" : {
    "bpm" : 98,
    "confidence" : 1
  }
},{
  "dateTime" : "10/13/20 09:36:39",
  "value" : {
    "bpm" : 97,
    "confidence" : 2
  }
},{
  "dateTime" : "10/13/20 09:36:44",
  "value" : {
    "bpm" : 96,
    "confidence" : 2
  }
},{
  "dateTime" : "10/13/20 09:36:54",
  "value" : {
    "bpm" : 95,
    "confidence" : 2
  }
},{
  "dateTime" : "10/13/20 09:36:59",
  "value" : {
    "bpm" : 94,
    "confidence" : 2
  }
},{
  "dateTime" : "10/13/20 09:37:04",
  "value" : {
    "bpm" : 95,
    "confidence" : 2
  }
},{
  "dateTime" : "10/13/20 09:37:09",
  "value" : {
    "bpm" : 96,
    "confidence" : 2
  }
},{
  "dateTime" : "10/13/20 09:37:14",
  "value" : {
    "bpm" : 97,
    "confidence" : 2
  }
},{
  "dateTime" : "10/13/20 09:37:24",
  "value" : {
    "bpm" : 96,
    "confidence" : 2
  }
},{
  "dateTime" : "10/13/20 09:37:29",
  "value" : {
    "bpm" : 93,
    "confidence" : 2
  }
},{
  "dateTime" : "10/13/20 09:37:34",
  "value" : {
    "bpm" : 93,
    "confidence" : 1
  }
},{
  "dateTime" : "10/13/20 09:37:39",
  "value" : {
    "bpm" : 92,
    "confidence" : 1
  }
},{
  "dateTime" : "10/13/20 09:37:49",
  "value" : {
    "bpm" : 94,
    "confidence" : 1
  }
},{
  "dateTime" : "10/13/20 09:38:04",
  "value" : {
    "bpm" : 94,
    "confidence" : 1
  }
},{
  "dateTime" : "10/13/20 09:38:19",
  "value" : {
    "bpm" : 93,
    "confidence" : 1
  }
},{
  "dateTime" : "10/13/20 09:38:24",
  "value" : {
    "bpm" : 96,
    "confidence" : 2
  }
},{
  "dateTime" : "10/13/20 09:38:29",
  "value" : {
    "bpm" : 98,
    "confidence" : 2
  }
},{
  "dateTime" : "10/13/20 09:38:34",
  "value" : {
    "bpm" : 100,
    "confidence" : 2
  }
},{
  "dateTime" : "10/13/20 09:38:49",
  "value" : {
    "bpm" : 100,
    "confidence" : 2
  }
},{
  "dateTime" : "10/13/20 09:38:50",
  "value" : {
    "bpm" : 100,
    "confidence" : 2
  }
},{
  "dateTime" : "10/13/20 09:38:55",
  "value" : {
    "bpm" : 99,
    "confidence" : 2
  }
},{
  "dateTime" : "10/13/20 09:39:00",
  "value" : {
    "bpm" : 98,
    "confidence" : 2
  }
},{
  "dateTime" : "10/13/20 09:39:10",
  "value" : {
    "bpm" : 97,
    "confidence" : 2
  }
},{
  "dateTime" : "10/13/20 09:39:15",
  "value" : {
    "bpm" : 98,
    "confidence" : 2
  }
},{
  "dateTime" : "10/13/20 09:39:20",
  "value" : {
    "bpm" : 102,
    "confidence" : 2
  }
},{
  "dateTime" : "10/13/20 09:39:25",
  "value" : {
    "bpm" : 104,
    "confidence" : 2
  }
},{
  "dateTime" : "10/13/20 09:39:30",
  "value" : {
    "bpm" : 105,
    "confidence" : 2
  }
},{
  "dateTime" : "10/13/20 09:39:35",
  "value" : {
    "bpm" : 103,
    "confidence" : 2
  }
},{
  "dateTime" : "10/13/20 09:39:40",
  "value" : {
    "bpm" : 102,
    "confidence" : 2
  }
},{
  "dateTime" : "10/13/20 09:39:45",
  "value" : {
    "bpm" : 100,
    "confidence" : 2
  }
},{
  "dateTime" : "10/13/20 09:39:50",
  "value" : {
    "bpm" : 97,
    "confidence" : 2
  }
},{
  "dateTime" : "10/13/20 09:39:55",
  "value" : {
    "bpm" : 96,
    "confidence" : 2
  }
},{
  "dateTime" : "10/13/20 09:40:10",
  "value" : {
    "bpm" : 96,
    "confidence" : 2
  }
},{
  "dateTime" : "10/13/20 09:40:15",
  "value" : {
    "bpm" : 97,
    "confidence" : 2
  }
},{
  "dateTime" : "10/13/20 09:40:20",
  "value" : {
    "bpm" : 95,
    "confidence" : 2
  }
},{
  "dateTime" : "10/13/20 09:40:30",
  "value" : {
    "bpm" : 96,
    "confidence" : 2
  }
},{
  "dateTime" : "10/13/20 09:40:35",
  "value" : {
    "bpm" : 98,
    "confidence" : 2
  }
},{
  "dateTime" : "10/13/20 09:40:40",
  "value" : {
    "bpm" : 97,
    "confidence" : 2
  }
},{
  "dateTime" : "10/13/20 09:40:45",
  "value" : {
    "bpm" : 96,
    "confidence" : 2
  }
},{
  "dateTime" : "10/13/20 09:40:50",
  "value" : {
    "bpm" : 100,
    "confidence" : 2
  }
},{
  "dateTime" : "10/13/20 09:40:55",
  "value" : {
    "bpm" : 105,
    "confidence" : 2
  }
},{
  "dateTime" : "10/13/20 09:41:00",
  "value" : {
    "bpm" : 107,
    "confidence" : 2
  }
},{
  "dateTime" : "10/13/20 09:41:05",
  "value" : {
    "bpm" : 108,
    "confidence" : 2
  }
},{
  "dateTime" : "10/13/20 09:41:10",
  "value" : {
    "bpm" : 107,
    "confidence" : 2
  }
},{
  "dateTime" : "10/13/20 09:41:25",
  "value" : {
    "bpm" : 105,
    "confidence" : 2
  }
},{
  "dateTime" : "10/13/20 09:41:30",
  "value" : {
    "bpm" : 104,
    "confidence" : 2
  }
},{
  "dateTime" : "10/13/20 09:41:35",
  "value" : {
    "bpm" : 105,
    "confidence" : 2
  }
},{
  "dateTime" : "10/13/20 09:41:40",
  "value" : {
    "bpm" : 106,
    "confidence" : 2
  }
},{
  "dateTime" : "10/13/20 09:41:45",
  "value" : {
    "bpm" : 109,
    "confidence" : 2
  }
},{
  "dateTime" : "10/13/20 09:41:50",
  "value" : {
    "bpm" : 112,
    "confidence" : 2
  }
},{
  "dateTime" : "10/13/20 09:41:55",
  "value" : {
    "bpm" : 109,
    "confidence" : 2
  }
},{
  "dateTime" : "10/13/20 09:42:00",
  "value" : {
    "bpm" : 110,
    "confidence" : 2
  }
},{
  "dateTime" : "10/13/20 09:42:05",
  "value" : {
    "bpm" : 112,
    "confidence" : 2
  }
},{
  "dateTime" : "10/13/20 09:42:10",
  "value" : {
    "bpm" : 114,
    "confidence" : 2
  }
},{
  "dateTime" : "10/13/20 09:42:15",
  "value" : {
    "bpm" : 117,
    "confidence" : 2
  }
},{
  "dateTime" : "10/13/20 09:42:20",
  "value" : {
    "bpm" : 119,
    "confidence" : 2
  }
},{
  "dateTime" : "10/13/20 09:42:25",
  "value" : {
    "bpm" : 119,
    "confidence" : 1
  }
},{
  "dateTime" : "10/13/20 09:42:30",
  "value" : {
    "bpm" : 117,
    "confidence" : 1
  }
},{
  "dateTime" : "10/13/20 09:42:35",
  "value" : {
    "bpm" : 115,
    "confidence" : 1
  }
},{
  "dateTime" : "10/13/20 09:42:40",
  "value" : {
    "bpm" : 112,
    "confidence" : 1
  }
},{
  "dateTime" : "10/13/20 09:42:45",
  "value" : {
    "bpm" : 109,
    "confidence" : 1
  }
},{
  "dateTime" : "10/13/20 09:42:50",
  "value" : {
    "bpm" : 105,
    "confidence" : 1
  }
},{
  "dateTime" : "10/13/20 09:42:55",
  "value" : {
    "bpm" : 98,
    "confidence" : 2
  }
},{
  "dateTime" : "10/13/20 09:43:00",
  "value" : {
    "bpm" : 97,
    "confidence" : 2
  }
},{
  "dateTime" : "10/13/20 09:43:05",
  "value" : {
    "bpm" : 103,
    "confidence" : 2
  }
},{
  "dateTime" : "10/13/20 09:43:20",
  "value" : {
    "bpm" : 101,
    "confidence" : 2
  }
},{
  "dateTime" : "10/13/20 09:43:25",
  "value" : {
    "bpm" : 99,
    "confidence" : 2
  }
},{
  "dateTime" : "10/13/20 09:43:30",
  "value" : {
    "bpm" : 97,
    "confidence" : 2
  }
},{
  "dateTime" : "10/13/20 09:43:35",
  "value" : {
    "bpm" : 99,
    "confidence" : 2
  }
},{
  "dateTime" : "10/13/20 09:43:50",
  "value" : {
    "bpm" : 99,
    "confidence" : 2
  }
},{
  "dateTime" : "10/13/20 09:43:55",
  "value" : {
    "bpm" : 96,
    "confidence" : 2
  }
},{
  "dateTime" : "10/13/20 09:44:00",
  "value" : {
    "bpm" : 100,
    "confidence" : 2
  }
},{
  "dateTime" : "10/13/20 09:44:05",
  "value" : {
    "bpm" : 102,
    "confidence" : 2
  }
},{
  "dateTime" : "10/13/20 09:44:10",
  "value" : {
    "bpm" : 102,
    "confidence" : 2
  }
},{
  "dateTime" : "10/13/20 09:44:15",
  "value" : {
    "bpm" : 103,
    "confidence" : 2
  }
},{
  "dateTime" : "10/13/20 09:44:20",
  "value" : {
    "bpm" : 104,
    "confidence" : 2
  }
},{
  "dateTime" : "10/13/20 09:44:25",
  "value" : {
    "bpm" : 103,
    "confidence" : 2
  }
},{
  "dateTime" : "10/13/20 09:44:30",
  "value" : {
    "bpm" : 99,
    "confidence" : 2
  }
},{
  "dateTime" : "10/13/20 09:44:35",
  "value" : {
    "bpm" : 95,
    "confidence" : 2
  }
},{
  "dateTime" : "10/13/20 09:44:40",
  "value" : {
    "bpm" : 93,
    "confidence" : 2
  }
},{
  "dateTime" : "10/13/20 09:44:45",
  "value" : {
    "bpm" : 87,
    "confidence" : 2
  }
},{
  "dateTime" : "10/13/20 09:44:50",
  "value" : {
    "bpm" : 83,
    "confidence" : 1
  }
},{
  "dateTime" : "10/13/20 09:44:55",
  "value" : {
    "bpm" : 86,
    "confidence" : 1
  }
},{
  "dateTime" : "10/13/20 09:45:00",
  "value" : {
    "bpm" : 87,
    "confidence" : 1
  }
},{
  "dateTime" : "10/13/20 09:45:05",
  "value" : {
    "bpm" : 88,
    "confidence" : 1
  }
},{
  "dateTime" : "10/13/20 09:45:10",
  "value" : {
    "bpm" : 90,
    "confidence" : 1
  }
},{
  "dateTime" : "10/13/20 09:45:15",
  "value" : {
    "bpm" : 89,
    "confidence" : 2
  }
},{
  "dateTime" : "10/13/20 09:45:20",
  "value" : {
    "bpm" : 91,
    "confidence" : 2
  }
},{
  "dateTime" : "10/13/20 09:45:25",
  "value" : {
    "bpm" : 92,
    "confidence" : 2
  }
},{
  "dateTime" : "10/13/20 09:45:35",
  "value" : {
    "bpm" : 93,
    "confidence" : 2
  }
},{
  "dateTime" : "10/13/20 09:45:40",
  "value" : {
    "bpm" : 95,
    "confidence" : 2
  }
},{
  "dateTime" : "10/13/20 09:45:45",
  "value" : {
    "bpm" : 97,
    "confidence" : 2
  }
},{
  "dateTime" : "10/13/20 09:45:50",
  "value" : {
    "bpm" : 98,
    "confidence" : 2
  }
},{
  "dateTime" : "10/13/20 09:45:55",
  "value" : {
    "bpm" : 99,
    "confidence" : 2
  }
},{
  "dateTime" : "10/13/20 09:46:00",
  "value" : {
    "bpm" : 101,
    "confidence" : 2
  }
},{
  "dateTime" : "10/13/20 09:46:05",
  "value" : {
    "bpm" : 100,
    "confidence" : 2
  }
},{
  "dateTime" : "10/13/20 09:46:10",
  "value" : {
    "bpm" : 99,
    "confidence" : 2
  }
},{
  "dateTime" : "10/13/20 09:46:15",
  "value" : {
    "bpm" : 98,
    "confidence" : 2
  }
},{
  "dateTime" : "10/13/20 09:46:20",
  "value" : {
    "bpm" : 97,
    "confidence" : 2
  }
},{
  "dateTime" : "10/13/20 09:46:25",
  "value" : {
    "bpm" : 93,
    "confidence" : 2
  }
},{
  "dateTime" : "10/13/20 09:46:30",
  "value" : {
    "bpm" : 94,
    "confidence" : 1
  }
},{
  "dateTime" : "10/13/20 09:46:35",
  "value" : {
    "bpm" : 97,
    "confidence" : 1
  }
},{
  "dateTime" : "10/13/20 09:46:40",
  "value" : {
    "bpm" : 105,
    "confidence" : 1
  }
},{
  "dateTime" : "10/13/20 09:46:45",
  "value" : {
    "bpm" : 107,
    "confidence" : 1
  }
},{
  "dateTime" : "10/13/20 09:46:50",
  "value" : {
    "bpm" : 106,
    "confidence" : 1
  }
},{
  "dateTime" : "10/13/20 09:46:55",
  "value" : {
    "bpm" : 107,
    "confidence" : 1
  }
},{
  "dateTime" : "10/13/20 09:47:10",
  "value" : {
    "bpm" : 105,
    "confidence" : 1
  }
},{
  "dateTime" : "10/13/20 09:47:20",
  "value" : {
    "bpm" : 109,
    "confidence" : 1
  }
},{
  "dateTime" : "10/13/20 09:47:25",
  "value" : {
    "bpm" : 110,
    "confidence" : 1
  }
},{
  "dateTime" : "10/13/20 09:47:30",
  "value" : {
    "bpm" : 109,
    "confidence" : 1
  }
},{
  "dateTime" : "10/13/20 09:47:35",
  "value" : {
    "bpm" : 108,
    "confidence" : 1
  }
},{
  "dateTime" : "10/13/20 09:47:40",
  "value" : {
    "bpm" : 109,
    "confidence" : 1
  }
},{
  "dateTime" : "10/13/20 09:47:45",
  "value" : {
    "bpm" : 108,
    "confidence" : 1
  }
},{
  "dateTime" : "10/13/20 09:47:50",
  "value" : {
    "bpm" : 107,
    "confidence" : 2
  }
},{
  "dateTime" : "10/13/20 09:47:55",
  "value" : {
    "bpm" : 107,
    "confidence" : 1
  }
},{
  "dateTime" : "10/13/20 09:48:05",
  "value" : {
    "bpm" : 107,
    "confidence" : 2
  }
},{
  "dateTime" : "10/13/20 09:48:15",
  "value" : {
    "bpm" : 109,
    "confidence" : 2
  }
},{
  "dateTime" : "10/13/20 09:48:30",
  "value" : {
    "bpm" : 110,
    "confidence" : 2
  }
},{
  "dateTime" : "10/13/20 09:48:35",
  "value" : {
    "bpm" : 107,
    "confidence" : 2
  }
},{
  "dateTime" : "10/13/20 09:48:40",
  "value" : {
    "bpm" : 105,
    "confidence" : 2
  }
},{
  "dateTime" : "10/13/20 09:48:50",
  "value" : {
    "bpm" : 106,
    "confidence" : 2
  }
},{
  "dateTime" : "10/13/20 09:48:55",
  "value" : {
    "bpm" : 105,
    "confidence" : 2
  }
},{
  "dateTime" : "10/13/20 09:49:05",
  "value" : {
    "bpm" : 107,
    "confidence" : 2
  }
},{
  "dateTime" : "10/13/20 09:49:15",
  "value" : {
    "bpm" : 105,
    "confidence" : 2
  }
},{
  "dateTime" : "10/13/20 09:49:20",
  "value" : {
    "bpm" : 108,
    "confidence" : 2
  }
},{
  "dateTime" : "10/13/20 09:49:25",
  "value" : {
    "bpm" : 113,
    "confidence" : 2
  }
},{
  "dateTime" : "10/13/20 09:49:30",
  "value" : {
    "bpm" : 111,
    "confidence" : 2
  }
},{
  "dateTime" : "10/13/20 09:49:35",
  "value" : {
    "bpm" : 109,
    "confidence" : 2
  }
},{
  "dateTime" : "10/13/20 09:49:40",
  "value" : {
    "bpm" : 108,
    "confidence" : 2
  }
},{
  "dateTime" : "10/13/20 09:49:55",
  "value" : {
    "bpm" : 109,
    "confidence" : 2
  }
},{
  "dateTime" : "10/13/20 09:50:00",
  "value" : {
    "bpm" : 108,
    "confidence" : 2
  }
},{
  "dateTime" : "10/13/20 09:50:05",
  "value" : {
    "bpm" : 106,
    "confidence" : 1
  }
},{
  "dateTime" : "10/13/20 09:50:10",
  "value" : {
    "bpm" : 110,
    "confidence" : 1
  }
},{
  "dateTime" : "10/13/20 09:50:15",
  "value" : {
    "bpm" : 112,
    "confidence" : 1
  }
},{
  "dateTime" : "10/13/20 09:50:20",
  "value" : {
    "bpm" : 106,
    "confidence" : 1
  }
},{
  "dateTime" : "10/13/20 09:50:25",
  "value" : {
    "bpm" : 107,
    "confidence" : 1
  }
},{
  "dateTime" : "10/13/20 09:50:30",
  "value" : {
    "bpm" : 109,
    "confidence" : 1
  }
},{
  "dateTime" : "10/13/20 09:50:35",
  "value" : {
    "bpm" : 108,
    "confidence" : 1
  }
},{
  "dateTime" : "10/13/20 09:50:40",
  "value" : {
    "bpm" : 107,
    "confidence" : 1
  }
},{
  "dateTime" : "10/13/20 09:50:55",
  "value" : {
    "bpm" : 109,
    "confidence" : 1
  }
},{
  "dateTime" : "10/13/20 09:51:00",
  "value" : {
    "bpm" : 111,
    "confidence" : 1
  }
},{
  "dateTime" : "10/13/20 09:51:05",
  "value" : {
    "bpm" : 110,
    "confidence" : 2
  }
},{
  "dateTime" : "10/13/20 09:51:10",
  "value" : {
    "bpm" : 106,
    "confidence" : 2
  }
},{
  "dateTime" : "10/13/20 09:51:15",
  "value" : {
    "bpm" : 107,
    "confidence" : 2
  }
},{
  "dateTime" : "10/13/20 09:51:30",
  "value" : {
    "bpm" : 106,
    "confidence" : 2
  }
},{
  "dateTime" : "10/13/20 09:51:35",
  "value" : {
    "bpm" : 103,
    "confidence" : 2
  }
},{
  "dateTime" : "10/13/20 09:51:50",
  "value" : {
    "bpm" : 103,
    "confidence" : 2
  }
},{
  "dateTime" : "10/13/20 09:52:05",
  "value" : {
    "bpm" : 100,
    "confidence" : 2
  }
},{
  "dateTime" : "10/13/20 09:52:20",
  "value" : {
    "bpm" : 101,
    "confidence" : 2
  }
},{
  "dateTime" : "10/13/20 09:52:25",
  "value" : {
    "bpm" : 103,
    "confidence" : 2
  }
},{
  "dateTime" : "10/13/20 09:52:30",
  "value" : {
    "bpm" : 106,
    "confidence" : 2
  }
},{
  "dateTime" : "10/13/20 09:52:35",
  "value" : {
    "bpm" : 108,
    "confidence" : 2
  }
},{
  "dateTime" : "10/13/20 09:52:40",
  "value" : {
    "bpm" : 113,
    "confidence" : 2
  }
},{
  "dateTime" : "10/13/20 09:52:45",
  "value" : {
    "bpm" : 114,
    "confidence" : 2
  }
},{
  "dateTime" : "10/13/20 09:52:55",
  "value" : {
    "bpm" : 115,
    "confidence" : 2
  }
},{
  "dateTime" : "10/13/20 09:53:00",
  "value" : {
    "bpm" : 116,
    "confidence" : 2
  }
},{
  "dateTime" : "10/13/20 09:53:10",
  "value" : {
    "bpm" : 115,
    "confidence" : 2
  }
},{
  "dateTime" : "10/13/20 09:53:20",
  "value" : {
    "bpm" : 116,
    "confidence" : 2
  }
},{
  "dateTime" : "10/13/20 09:53:35",
  "value" : {
    "bpm" : 114,
    "confidence" : 2
  }
},{
  "dateTime" : "10/13/20 09:53:45",
  "value" : {
    "bpm" : 112,
    "confidence" : 2
  }
},{
  "dateTime" : "10/13/20 09:54:00",
  "value" : {
    "bpm" : 112,
    "confidence" : 2
  }
},{
  "dateTime" : "10/13/20 09:54:05",
  "value" : {
    "bpm" : 110,
    "confidence" : 2
  }
},{
  "dateTime" : "10/13/20 09:54:10",
  "value" : {
    "bpm" : 109,
    "confidence" : 2
  }
},{
  "dateTime" : "10/13/20 09:54:15",
  "value" : {
    "bpm" : 104,
    "confidence" : 1
  }
},{
  "dateTime" : "10/13/20 09:54:20",
  "value" : {
    "bpm" : 102,
    "confidence" : 1
  }
},{
  "dateTime" : "10/13/20 09:54:30",
  "value" : {
    "bpm" : 104,
    "confidence" : 1
  }
},{
  "dateTime" : "10/13/20 09:54:35",
  "value" : {
    "bpm" : 107,
    "confidence" : 2
  }
},{
  "dateTime" : "10/13/20 09:54:40",
  "value" : {
    "bpm" : 110,
    "confidence" : 1
  }
},{
  "dateTime" : "10/13/20 09:54:45",
  "value" : {
    "bpm" : 113,
    "confidence" : 1
  }
},{
  "dateTime" : "10/13/20 09:54:50",
  "value" : {
    "bpm" : 115,
    "confidence" : 2
  }
},{
  "dateTime" : "10/13/20 09:55:00",
  "value" : {
    "bpm" : 113,
    "confidence" : 2
  }
},{
  "dateTime" : "10/13/20 09:55:10",
  "value" : {
    "bpm" : 111,
    "confidence" : 2
  }
},{
  "dateTime" : "10/13/20 09:55:15",
  "value" : {
    "bpm" : 110,
    "confidence" : 2
  }
},{
  "dateTime" : "10/13/20 09:55:20",
  "value" : {
    "bpm" : 106,
    "confidence" : 2
  }
},{
  "dateTime" : "10/13/20 09:55:30",
  "value" : {
    "bpm" : 109,
    "confidence" : 1
  }
},{
  "dateTime" : "10/13/20 09:55:40",
  "value" : {
    "bpm" : 111,
    "confidence" : 1
  }
},{
  "dateTime" : "10/13/20 09:55:45",
  "value" : {
    "bpm" : 113,
    "confidence" : 1
  }
},{
  "dateTime" : "10/13/20 09:55:55",
  "value" : {
    "bpm" : 111,
    "confidence" : 1
  }
},{
  "dateTime" : "10/13/20 09:56:00",
  "value" : {
    "bpm" : 110,
    "confidence" : 1
  }
},{
  "dateTime" : "10/13/20 09:56:06",
  "value" : {
    "bpm" : 110,
    "confidence" : 1
  }
},{
  "dateTime" : "10/13/20 09:56:11",
  "value" : {
    "bpm" : 112,
    "confidence" : 1
  }
},{
  "dateTime" : "10/13/20 09:56:16",
  "value" : {
    "bpm" : 114,
    "confidence" : 1
  }
},{
  "dateTime" : "10/13/20 09:56:21",
  "value" : {
    "bpm" : 115,
    "confidence" : 1
  }
},{
  "dateTime" : "10/13/20 09:56:26",
  "value" : {
    "bpm" : 114,
    "confidence" : 2
  }
},{
  "dateTime" : "10/13/20 09:56:31",
  "value" : {
    "bpm" : 110,
    "confidence" : 1
  }
},{
  "dateTime" : "10/13/20 09:56:36",
  "value" : {
    "bpm" : 113,
    "confidence" : 1
  }
},{
  "dateTime" : "10/13/20 09:56:41",
  "value" : {
    "bpm" : 114,
    "confidence" : 1
  }
},{
  "dateTime" : "10/13/20 09:56:46",
  "value" : {
    "bpm" : 115,
    "confidence" : 1
  }
},{
  "dateTime" : "10/13/20 09:56:56",
  "value" : {
    "bpm" : 111,
    "confidence" : 1
  }
},{
  "dateTime" : "10/13/20 09:57:01",
  "value" : {
    "bpm" : 110,
    "confidence" : 1
  }
},{
  "dateTime" : "10/13/20 09:57:06",
  "value" : {
    "bpm" : 111,
    "confidence" : 2
  }
},{
  "dateTime" : "10/13/20 09:57:11",
  "value" : {
    "bpm" : 107,
    "confidence" : 1
  }
},{
  "dateTime" : "10/13/20 09:57:16",
  "value" : {
    "bpm" : 108,
    "confidence" : 1
  }
},{
  "dateTime" : "10/13/20 09:57:26",
  "value" : {
    "bpm" : 107,
    "confidence" : 1
  }
},{
  "dateTime" : "10/13/20 09:57:31",
  "value" : {
    "bpm" : 105,
    "confidence" : 1
  }
},{
  "dateTime" : "10/13/20 09:57:36",
  "value" : {
    "bpm" : 106,
    "confidence" : 2
  }
},{
  "dateTime" : "10/13/20 09:57:41",
  "value" : {
    "bpm" : 107,
    "confidence" : 2
  }
},{
  "dateTime" : "10/13/20 09:57:46",
  "value" : {
    "bpm" : 109,
    "confidence" : 1
  }
},{
  "dateTime" : "10/13/20 09:57:56",
  "value" : {
    "bpm" : 110,
    "confidence" : 1
  }
},{
  "dateTime" : "10/13/20 09:58:01",
  "value" : {
    "bpm" : 111,
    "confidence" : 1
  }
},{
  "dateTime" : "10/13/20 09:58:11",
  "value" : {
    "bpm" : 108,
    "confidence" : 1
  }
},{
  "dateTime" : "10/13/20 09:58:16",
  "value" : {
    "bpm" : 107,
    "confidence" : 2
  }
},{
  "dateTime" : "10/13/20 09:58:21",
  "value" : {
    "bpm" : 105,
    "confidence" : 2
  }
},{
  "dateTime" : "10/13/20 09:58:31",
  "value" : {
    "bpm" : 106,
    "confidence" : 2
  }
},{
  "dateTime" : "10/13/20 09:58:36",
  "value" : {
    "bpm" : 104,
    "confidence" : 2
  }
},{
  "dateTime" : "10/13/20 09:58:41",
  "value" : {
    "bpm" : 105,
    "confidence" : 2
  }
},{
  "dateTime" : "10/13/20 09:58:46",
  "value" : {
    "bpm" : 103,
    "confidence" : 2
  }
},{
  "dateTime" : "10/13/20 09:58:51",
  "value" : {
    "bpm" : 101,
    "confidence" : 2
  }
},{
  "dateTime" : "10/13/20 09:58:56",
  "value" : {
    "bpm" : 99,
    "confidence" : 2
  }
},{
  "dateTime" : "10/13/20 09:59:01",
  "value" : {
    "bpm" : 102,
    "confidence" : 2
  }
},{
  "dateTime" : "10/13/20 09:59:06",
  "value" : {
    "bpm" : 101,
    "confidence" : 2
  }
},{
  "dateTime" : "10/13/20 09:59:11",
  "value" : {
    "bpm" : 102,
    "confidence" : 2
  }
},{
  "dateTime" : "10/13/20 09:59:16",
  "value" : {
    "bpm" : 100,
    "confidence" : 2
  }
},{
  "dateTime" : "10/13/20 09:59:21",
  "value" : {
    "bpm" : 101,
    "confidence" : 2
  }
},{
  "dateTime" : "10/13/20 09:59:31",
  "value" : {
    "bpm" : 107,
    "confidence" : 2
  }
},{
  "dateTime" : "10/13/20 09:59:36",
  "value" : {
    "bpm" : 108,
    "confidence" : 2
  }
},{
  "dateTime" : "10/13/20 09:59:46",
  "value" : {
    "bpm" : 110,
    "confidence" : 2
  }
},{
  "dateTime" : "10/13/20 09:59:56",
  "value" : {
    "bpm" : 109,
    "confidence" : 2
  }
},{
  "dateTime" : "10/13/20 10:00:01",
  "value" : {
    "bpm" : 114,
    "confidence" : 2
  }
},{
  "dateTime" : "10/13/20 10:00:06",
  "value" : {
    "bpm" : 117,
    "confidence" : 2
  }
},{
  "dateTime" : "10/13/20 10:00:11",
  "value" : {
    "bpm" : 114,
    "confidence" : 2
  }
},{
  "dateTime" : "10/13/20 10:00:16",
  "value" : {
    "bpm" : 112,
    "confidence" : 2
  }
},{
  "dateTime" : "10/13/20 10:00:26",
  "value" : {
    "bpm" : 114,
    "confidence" : 2
  }
},{
  "dateTime" : "10/13/20 10:00:31",
  "value" : {
    "bpm" : 116,
    "confidence" : 2
  }
},{
  "dateTime" : "10/13/20 10:00:36",
  "value" : {
    "bpm" : 114,
    "confidence" : 2
  }
},{
  "dateTime" : "10/13/20 10:00:41",
  "value" : {
    "bpm" : 112,
    "confidence" : 2
  }
},{
  "dateTime" : "10/13/20 10:00:46",
  "value" : {
    "bpm" : 115,
    "confidence" : 2
  }
},{
  "dateTime" : "10/13/20 10:00:56",
  "value" : {
    "bpm" : 116,
    "confidence" : 2
  }
},{
  "dateTime" : "10/13/20 10:01:06",
  "value" : {
    "bpm" : 116,
    "confidence" : 1
  }
},{
  "dateTime" : "10/13/20 10:01:11",
  "value" : {
    "bpm" : 119,
    "confidence" : 2
  }
},{
  "dateTime" : "10/13/20 10:01:16",
  "value" : {
    "bpm" : 116,
    "confidence" : 1
  }
},{
  "dateTime" : "10/13/20 10:01:21",
  "value" : {
    "bpm" : 114,
    "confidence" : 1
  }
},{
  "dateTime" : "10/13/20 10:01:26",
  "value" : {
    "bpm" : 109,
    "confidence" : 1
  }
},{
  "dateTime" : "10/13/20 10:01:32",
  "value" : {
    "bpm" : 110,
    "confidence" : 1
  }
},{
  "dateTime" : "10/13/20 10:01:37",
  "value" : {
    "bpm" : 112,
    "confidence" : 1
  }
},{
  "dateTime" : "10/13/20 10:01:42",
  "value" : {
    "bpm" : 114,
    "confidence" : 2
  }
},{
  "dateTime" : "10/13/20 10:01:47",
  "value" : {
    "bpm" : 111,
    "confidence" : 1
  }
},{
  "dateTime" : "10/13/20 10:01:52",
  "value" : {
    "bpm" : 109,
    "confidence" : 1
  }
},{
  "dateTime" : "10/13/20 10:02:02",
  "value" : {
    "bpm" : 110,
    "confidence" : 1
  }
},{
  "dateTime" : "10/13/20 10:02:07",
  "value" : {
    "bpm" : 112,
    "confidence" : 1
  }
},{
  "dateTime" : "10/13/20 10:02:12",
  "value" : {
    "bpm" : 113,
    "confidence" : 1
  }
},{
  "dateTime" : "10/13/20 10:02:17",
  "value" : {
    "bpm" : 115,
    "confidence" : 2
  }
},{
  "dateTime" : "10/13/20 10:02:22",
  "value" : {
    "bpm" : 113,
    "confidence" : 2
  }
},{
  "dateTime" : "10/13/20 10:02:27",
  "value" : {
    "bpm" : 111,
    "confidence" : 2
  }
},{
  "dateTime" : "10/13/20 10:02:32",
  "value" : {
    "bpm" : 110,
    "confidence" : 2
  }
},{
  "dateTime" : "10/13/20 10:02:37",
  "value" : {
    "bpm" : 108,
    "confidence" : 2
  }
},{
  "dateTime" : "10/13/20 10:02:42",
  "value" : {
    "bpm" : 106,
    "confidence" : 2
  }
},{
  "dateTime" : "10/13/20 10:02:47",
  "value" : {
    "bpm" : 100,
    "confidence" : 2
  }
},{
  "dateTime" : "10/13/20 10:02:52",
  "value" : {
    "bpm" : 96,
    "confidence" : 2
  }
},{
  "dateTime" : "10/13/20 10:02:57",
  "value" : {
    "bpm" : 94,
    "confidence" : 2
  }
},{
  "dateTime" : "10/13/20 10:03:02",
  "value" : {
    "bpm" : 93,
    "confidence" : 2
  }
},{
  "dateTime" : "10/13/20 10:03:07",
  "value" : {
    "bpm" : 99,
    "confidence" : 2
  }
},{
  "dateTime" : "10/13/20 10:03:12",
  "value" : {
    "bpm" : 98,
    "confidence" : 2
  }
},{
  "dateTime" : "10/13/20 10:03:17",
  "value" : {
    "bpm" : 99,
    "confidence" : 2
  }
},{
  "dateTime" : "10/13/20 10:03:22",
  "value" : {
    "bpm" : 102,
    "confidence" : 2
  }
},{
  "dateTime" : "10/13/20 10:03:32",
  "value" : {
    "bpm" : 100,
    "confidence" : 2
  }
},{
  "dateTime" : "10/13/20 10:03:37",
  "value" : {
    "bpm" : 104,
    "confidence" : 2
  }
},{
  "dateTime" : "10/13/20 10:03:42",
  "value" : {
    "bpm" : 106,
    "confidence" : 2
  }
},{
  "dateTime" : "10/13/20 10:03:47",
  "value" : {
    "bpm" : 107,
    "confidence" : 2
  }
},{
  "dateTime" : "10/13/20 10:03:52",
  "value" : {
    "bpm" : 104,
    "confidence" : 2
  }
},{
  "dateTime" : "10/13/20 10:03:57",
  "value" : {
    "bpm" : 101,
    "confidence" : 2
  }
},{
  "dateTime" : "10/13/20 10:04:02",
  "value" : {
    "bpm" : 97,
    "confidence" : 2
  }
},{
  "dateTime" : "10/13/20 10:04:07",
  "value" : {
    "bpm" : 99,
    "confidence" : 1
  }
},{
  "dateTime" : "10/13/20 10:04:12",
  "value" : {
    "bpm" : 101,
    "confidence" : 1
  }
},{
  "dateTime" : "10/13/20 10:04:17",
  "value" : {
    "bpm" : 104,
    "confidence" : 1
  }
},{
  "dateTime" : "10/13/20 10:04:22",
  "value" : {
    "bpm" : 108,
    "confidence" : 1
  }
},{
  "dateTime" : "10/13/20 10:04:27",
  "value" : {
    "bpm" : 109,
    "confidence" : 1
  }
},{
  "dateTime" : "10/13/20 10:04:42",
  "value" : {
    "bpm" : 108,
    "confidence" : 1
  }
},{
  "dateTime" : "10/13/20 10:04:47",
  "value" : {
    "bpm" : 106,
    "confidence" : 1
  }
},{
  "dateTime" : "10/13/20 10:14:53",
  "value" : {
    "bpm" : 70,
    "confidence" : 0
  }
},{
  "dateTime" : "10/13/20 10:15:13",
  "value" : {
    "bpm" : 78,
    "confidence" : 0
  }
},{
  "dateTime" : "10/13/20 10:16:18",
  "value" : {
    "bpm" : 70,
    "confidence" : 0
  }
},{
  "dateTime" : "10/13/20 10:16:28",
  "value" : {
    "bpm" : 85,
    "confidence" : 0
  }
},{
  "dateTime" : "10/13/20 10:20:59",
  "value" : {
    "bpm" : 70,
    "confidence" : 0
  }
},{
  "dateTime" : "10/13/20 10:27:52",
  "value" : {
    "bpm" : 70,
    "confidence" : 0
  }
},{
  "dateTime" : "10/13/20 19:08:02",
  "value" : {
    "bpm" : 70,
    "confidence" : 0
  }
},{
  "dateTime" : "10/13/20 20:02:39",
  "value" : {
    "bpm" : 70,
    "confidence" : 0
  }
},{
  "dateTime" : "10/13/20 20:43:26",
  "value" : {
    "bpm" : 70,
    "confidence" : 0
  }
},{
  "dateTime" : "10/13/20 20:43:41",
  "value" : {
    "bpm" : 70,
    "confidence" : 0
  }
},{
  "dateTime" : "10/13/20 21:40:41",
  "value" : {
    "bpm" : 70,
    "confidence" : 0
  }
},{
  "dateTime" : "10/13/20 22:41:00",
  "value" : {
    "bpm" : 70,
    "confidence" : 0
  }
}]