[{
  "dateTime" : "04/10/21 23:21:57",
  "value" : {
    "bpm" : 70,
    "confidence" : 0
  }
},{
  "dateTime" : "04/11/21 15:11:04",
  "value" : {
    "bpm" : 70,
    "confidence" : 0
  }
},{
  "dateTime" : "04/11/21 15:11:14",
  "value" : {
    "bpm" : 77,
    "confidence" : 0
  }
},{
  "dateTime" : "04/11/21 15:11:19",
  "value" : {
    "bpm" : 93,
    "confidence" : 1
  }
},{
  "dateTime" : "04/11/21 15:11:24",
  "value" : {
    "bpm" : 93,
    "confidence" : 2
  }
},{
  "dateTime" : "04/11/21 15:11:29",
  "value" : {
    "bpm" : 92,
    "confidence" : 2
  }
},{
  "dateTime" : "04/11/21 15:11:34",
  "value" : {
    "bpm" : 90,
    "confidence" : 2
  }
},{
  "dateTime" : "04/11/21 15:11:39",
  "value" : {
    "bpm" : 91,
    "confidence" : 2
  }
},{
  "dateTime" : "04/11/21 15:11:54",
  "value" : {
    "bpm" : 90,
    "confidence" : 2
  }
},{
  "dateTime" : "04/11/21 15:11:58",
  "value" : {
    "bpm" : 89,
    "confidence" : 2
  }
},{
  "dateTime" : "04/11/21 15:11:59",
  "value" : {
    "bpm" : 88,
    "confidence" : 2
  }
},{
  "dateTime" : "04/11/21 15:12:01",
  "value" : {
    "bpm" : 89,
    "confidence" : 2
  }
},{
  "dateTime" : "04/11/21 15:12:03",
  "value" : {
    "bpm" : 90,
    "confidence" : 2
  }
},{
  "dateTime" : "04/11/21 15:12:04",
  "value" : {
    "bpm" : 91,
    "confidence" : 2
  }
},{
  "dateTime" : "04/11/21 15:12:06",
  "value" : {
    "bpm" : 92,
    "confidence" : 2
  }
},{
  "dateTime" : "04/11/21 15:12:07",
  "value" : {
    "bpm" : 93,
    "confidence" : 2
  }
},{
  "dateTime" : "04/11/21 15:12:09",
  "value" : {
    "bpm" : 94,
    "confidence" : 2
  }
},{
  "dateTime" : "04/11/21 15:12:11",
  "value" : {
    "bpm" : 95,
    "confidence" : 2
  }
},{
  "dateTime" : "04/11/21 15:12:13",
  "value" : {
    "bpm" : 96,
    "confidence" : 2
  }
},{
  "dateTime" : "04/11/21 15:12:15",
  "value" : {
    "bpm" : 97,
    "confidence" : 2
  }
},{
  "dateTime" : "04/11/21 15:12:18",
  "value" : {
    "bpm" : 97,
    "confidence" : 2
  }
},{
  "dateTime" : "04/11/21 15:12:19",
  "value" : {
    "bpm" : 98,
    "confidence" : 2
  }
},{
  "dateTime" : "04/11/21 15:12:20",
  "value" : {
    "bpm" : 99,
    "confidence" : 2
  }
},{
  "dateTime" : "04/11/21 15:12:21",
  "value" : {
    "bpm" : 100,
    "confidence" : 2
  }
},{
  "dateTime" : "04/11/21 15:12:23",
  "value" : {
    "bpm" : 101,
    "confidence" : 2
  }
},{
  "dateTime" : "04/11/21 15:12:26",
  "value" : {
    "bpm" : 101,
    "confidence" : 2
  }
},{
  "dateTime" : "04/11/21 15:12:29",
  "value" : {
    "bpm" : 101,
    "confidence" : 2
  }
},{
  "dateTime" : "04/11/21 15:12:31",
  "value" : {
    "bpm" : 102,
    "confidence" : 2
  }
},{
  "dateTime" : "04/11/21 15:12:33",
  "value" : {
    "bpm" : 103,
    "confidence" : 2
  }
},{
  "dateTime" : "04/11/21 15:12:36",
  "value" : {
    "bpm" : 103,
    "confidence" : 2
  }
},{
  "dateTime" : "04/11/21 15:12:37",
  "value" : {
    "bpm" : 103,
    "confidence" : 1
  }
},{
  "dateTime" : "04/11/21 15:12:40",
  "value" : {
    "bpm" : 103,
    "confidence" : 1
  }
},{
  "dateTime" : "04/11/21 15:12:43",
  "value" : {
    "bpm" : 103,
    "confidence" : 1
  }
},{
  "dateTime" : "04/11/21 15:12:44",
  "value" : {
    "bpm" : 104,
    "confidence" : 1
  }
},{
  "dateTime" : "04/11/21 15:12:47",
  "value" : {
    "bpm" : 105,
    "confidence" : 1
  }
},{
  "dateTime" : "04/11/21 15:12:48",
  "value" : {
    "bpm" : 106,
    "confidence" : 1
  }
},{
  "dateTime" : "04/11/21 15:12:49",
  "value" : {
    "bpm" : 98,
    "confidence" : 3
  }
},{
  "dateTime" : "04/11/21 15:12:50",
  "value" : {
    "bpm" : 93,
    "confidence" : 3
  }
},{
  "dateTime" : "04/11/21 15:12:51",
  "value" : {
    "bpm" : 91,
    "confidence" : 3
  }
},{
  "dateTime" : "04/11/21 15:12:52",
  "value" : {
    "bpm" : 90,
    "confidence" : 3
  }
},{
  "dateTime" : "04/11/21 15:12:53",
  "value" : {
    "bpm" : 89,
    "confidence" : 3
  }
},{
  "dateTime" : "04/11/21 15:12:54",
  "value" : {
    "bpm" : 88,
    "confidence" : 3
  }
},{
  "dateTime" : "04/11/21 15:12:57",
  "value" : {
    "bpm" : 88,
    "confidence" : 3
  }
},{
  "dateTime" : "04/11/21 15:13:00",
  "value" : {
    "bpm" : 88,
    "confidence" : 2
  }
},{
  "dateTime" : "04/11/21 15:13:03",
  "value" : {
    "bpm" : 88,
    "confidence" : 2
  }
},{
  "dateTime" : "04/11/21 15:13:06",
  "value" : {
    "bpm" : 88,
    "confidence" : 2
  }
},{
  "dateTime" : "04/11/21 15:13:08",
  "value" : {
    "bpm" : 89,
    "confidence" : 2
  }
},{
  "dateTime" : "04/11/21 15:13:11",
  "value" : {
    "bpm" : 89,
    "confidence" : 2
  }
},{
  "dateTime" : "04/11/21 15:13:14",
  "value" : {
    "bpm" : 89,
    "confidence" : 2
  }
},{
  "dateTime" : "04/11/21 15:13:15",
  "value" : {
    "bpm" : 90,
    "confidence" : 2
  }
},{
  "dateTime" : "04/11/21 15:13:18",
  "value" : {
    "bpm" : 90,
    "confidence" : 2
  }
},{
  "dateTime" : "04/11/21 15:13:21",
  "value" : {
    "bpm" : 90,
    "confidence" : 2
  }
},{
  "dateTime" : "04/11/21 15:13:24",
  "value" : {
    "bpm" : 90,
    "confidence" : 2
  }
},{
  "dateTime" : "04/11/21 15:13:25",
  "value" : {
    "bpm" : 89,
    "confidence" : 2
  }
},{
  "dateTime" : "04/11/21 15:13:28",
  "value" : {
    "bpm" : 89,
    "confidence" : 2
  }
},{
  "dateTime" : "04/11/21 15:13:31",
  "value" : {
    "bpm" : 89,
    "confidence" : 2
  }
},{
  "dateTime" : "04/11/21 15:13:34",
  "value" : {
    "bpm" : 90,
    "confidence" : 2
  }
},{
  "dateTime" : "04/11/21 15:13:37",
  "value" : {
    "bpm" : 90,
    "confidence" : 2
  }
},{
  "dateTime" : "04/11/21 15:13:40",
  "value" : {
    "bpm" : 90,
    "confidence" : 2
  }
},{
  "dateTime" : "04/11/21 15:13:43",
  "value" : {
    "bpm" : 90,
    "confidence" : 2
  }
},{
  "dateTime" : "04/11/21 15:13:46",
  "value" : {
    "bpm" : 90,
    "confidence" : 2
  }
},{
  "dateTime" : "04/11/21 15:13:47",
  "value" : {
    "bpm" : 91,
    "confidence" : 2
  }
},{
  "dateTime" : "04/11/21 15:13:49",
  "value" : {
    "bpm" : 92,
    "confidence" : 2
  }
},{
  "dateTime" : "04/11/21 15:13:50",
  "value" : {
    "bpm" : 92,
    "confidence" : 2
  }
},{
  "dateTime" : "04/11/21 15:13:53",
  "value" : {
    "bpm" : 92,
    "confidence" : 2
  }
},{
  "dateTime" : "04/11/21 15:13:56",
  "value" : {
    "bpm" : 92,
    "confidence" : 2
  }
},{
  "dateTime" : "04/11/21 15:13:57",
  "value" : {
    "bpm" : 91,
    "confidence" : 2
  }
},{
  "dateTime" : "04/11/21 15:14:00",
  "value" : {
    "bpm" : 91,
    "confidence" : 2
  }
},{
  "dateTime" : "04/11/21 15:14:03",
  "value" : {
    "bpm" : 91,
    "confidence" : 2
  }
},{
  "dateTime" : "04/11/21 15:14:06",
  "value" : {
    "bpm" : 91,
    "confidence" : 2
  }
},{
  "dateTime" : "04/11/21 15:14:09",
  "value" : {
    "bpm" : 91,
    "confidence" : 2
  }
},{
  "dateTime" : "04/11/21 15:14:12",
  "value" : {
    "bpm" : 91,
    "confidence" : 2
  }
},{
  "dateTime" : "04/11/21 15:14:15",
  "value" : {
    "bpm" : 91,
    "confidence" : 2
  }
},{
  "dateTime" : "04/11/21 15:14:16",
  "value" : {
    "bpm" : 92,
    "confidence" : 2
  }
},{
  "dateTime" : "04/11/21 15:14:19",
  "value" : {
    "bpm" : 92,
    "confidence" : 2
  }
},{
  "dateTime" : "04/11/21 15:14:22",
  "value" : {
    "bpm" : 92,
    "confidence" : 2
  }
},{
  "dateTime" : "04/11/21 15:14:25",
  "value" : {
    "bpm" : 92,
    "confidence" : 2
  }
},{
  "dateTime" : "04/11/21 15:14:28",
  "value" : {
    "bpm" : 91,
    "confidence" : 2
  }
},{
  "dateTime" : "04/11/21 15:14:29",
  "value" : {
    "bpm" : 92,
    "confidence" : 2
  }
},{
  "dateTime" : "04/11/21 15:14:31",
  "value" : {
    "bpm" : 91,
    "confidence" : 2
  }
},{
  "dateTime" : "04/11/21 15:14:34",
  "value" : {
    "bpm" : 91,
    "confidence" : 2
  }
},{
  "dateTime" : "04/11/21 15:14:37",
  "value" : {
    "bpm" : 91,
    "confidence" : 2
  }
},{
  "dateTime" : "04/11/21 15:14:40",
  "value" : {
    "bpm" : 92,
    "confidence" : 2
  }
},{
  "dateTime" : "04/11/21 15:14:43",
  "value" : {
    "bpm" : 92,
    "confidence" : 2
  }
},{
  "dateTime" : "04/11/21 15:14:44",
  "value" : {
    "bpm" : 93,
    "confidence" : 2
  }
},{
  "dateTime" : "04/11/21 15:14:47",
  "value" : {
    "bpm" : 94,
    "confidence" : 2
  }
},{
  "dateTime" : "04/11/21 15:14:49",
  "value" : {
    "bpm" : 95,
    "confidence" : 2
  }
},{
  "dateTime" : "04/11/21 15:14:52",
  "value" : {
    "bpm" : 95,
    "confidence" : 2
  }
},{
  "dateTime" : "04/11/21 15:14:55",
  "value" : {
    "bpm" : 94,
    "confidence" : 2
  }
},{
  "dateTime" : "04/11/21 15:14:57",
  "value" : {
    "bpm" : 95,
    "confidence" : 2
  }
},{
  "dateTime" : "04/11/21 15:14:58",
  "value" : {
    "bpm" : 95,
    "confidence" : 2
  }
},{
  "dateTime" : "04/11/21 15:14:59",
  "value" : {
    "bpm" : 96,
    "confidence" : 2
  }
},{
  "dateTime" : "04/11/21 15:15:02",
  "value" : {
    "bpm" : 96,
    "confidence" : 2
  }
},{
  "dateTime" : "04/11/21 15:15:04",
  "value" : {
    "bpm" : 97,
    "confidence" : 2
  }
},{
  "dateTime" : "04/11/21 15:15:06",
  "value" : {
    "bpm" : 98,
    "confidence" : 2
  }
},{
  "dateTime" : "04/11/21 15:15:08",
  "value" : {
    "bpm" : 99,
    "confidence" : 2
  }
},{
  "dateTime" : "04/11/21 15:15:10",
  "value" : {
    "bpm" : 100,
    "confidence" : 2
  }
},{
  "dateTime" : "04/11/21 15:15:11",
  "value" : {
    "bpm" : 101,
    "confidence" : 2
  }
},{
  "dateTime" : "04/11/21 15:15:13",
  "value" : {
    "bpm" : 102,
    "confidence" : 2
  }
},{
  "dateTime" : "04/11/21 15:15:14",
  "value" : {
    "bpm" : 103,
    "confidence" : 2
  }
},{
  "dateTime" : "04/11/21 15:15:15",
  "value" : {
    "bpm" : 104,
    "confidence" : 2
  }
},{
  "dateTime" : "04/11/21 15:15:16",
  "value" : {
    "bpm" : 107,
    "confidence" : 2
  }
},{
  "dateTime" : "04/11/21 15:15:17",
  "value" : {
    "bpm" : 111,
    "confidence" : 2
  }
},{
  "dateTime" : "04/11/21 15:15:18",
  "value" : {
    "bpm" : 115,
    "confidence" : 2
  }
},{
  "dateTime" : "04/11/21 15:15:19",
  "value" : {
    "bpm" : 119,
    "confidence" : 2
  }
},{
  "dateTime" : "04/11/21 15:15:20",
  "value" : {
    "bpm" : 123,
    "confidence" : 2
  }
},{
  "dateTime" : "04/11/21 15:15:21",
  "value" : {
    "bpm" : 127,
    "confidence" : 2
  }
},{
  "dateTime" : "04/11/21 15:15:22",
  "value" : {
    "bpm" : 128,
    "confidence" : 2
  }
},{
  "dateTime" : "04/11/21 15:15:23",
  "value" : {
    "bpm" : 129,
    "confidence" : 2
  }
},{
  "dateTime" : "04/11/21 15:15:24",
  "value" : {
    "bpm" : 130,
    "confidence" : 2
  }
},{
  "dateTime" : "04/11/21 15:15:26",
  "value" : {
    "bpm" : 131,
    "confidence" : 2
  }
},{
  "dateTime" : "04/11/21 15:15:27",
  "value" : {
    "bpm" : 132,
    "confidence" : 2
  }
},{
  "dateTime" : "04/11/21 15:15:28",
  "value" : {
    "bpm" : 133,
    "confidence" : 2
  }
},{
  "dateTime" : "04/11/21 15:15:29",
  "value" : {
    "bpm" : 134,
    "confidence" : 2
  }
},{
  "dateTime" : "04/11/21 15:15:30",
  "value" : {
    "bpm" : 135,
    "confidence" : 2
  }
},{
  "dateTime" : "04/11/21 15:15:31",
  "value" : {
    "bpm" : 136,
    "confidence" : 2
  }
},{
  "dateTime" : "04/11/21 15:15:32",
  "value" : {
    "bpm" : 137,
    "confidence" : 2
  }
},{
  "dateTime" : "04/11/21 15:15:33",
  "value" : {
    "bpm" : 138,
    "confidence" : 2
  }
},{
  "dateTime" : "04/11/21 15:15:34",
  "value" : {
    "bpm" : 139,
    "confidence" : 2
  }
},{
  "dateTime" : "04/11/21 15:15:35",
  "value" : {
    "bpm" : 140,
    "confidence" : 2
  }
},{
  "dateTime" : "04/11/21 15:15:36",
  "value" : {
    "bpm" : 142,
    "confidence" : 2
  }
},{
  "dateTime" : "04/11/21 15:15:37",
  "value" : {
    "bpm" : 143,
    "confidence" : 2
  }
},{
  "dateTime" : "04/11/21 15:15:38",
  "value" : {
    "bpm" : 144,
    "confidence" : 2
  }
},{
  "dateTime" : "04/11/21 15:15:39",
  "value" : {
    "bpm" : 145,
    "confidence" : 2
  }
},{
  "dateTime" : "04/11/21 15:15:40",
  "value" : {
    "bpm" : 146,
    "confidence" : 2
  }
},{
  "dateTime" : "04/11/21 15:15:41",
  "value" : {
    "bpm" : 147,
    "confidence" : 2
  }
},{
  "dateTime" : "04/11/21 15:15:42",
  "value" : {
    "bpm" : 148,
    "confidence" : 2
  }
},{
  "dateTime" : "04/11/21 15:15:43",
  "value" : {
    "bpm" : 149,
    "confidence" : 2
  }
},{
  "dateTime" : "04/11/21 15:15:44",
  "value" : {
    "bpm" : 150,
    "confidence" : 1
  }
},{
  "dateTime" : "04/11/21 15:15:45",
  "value" : {
    "bpm" : 151,
    "confidence" : 1
  }
},{
  "dateTime" : "04/11/21 15:15:48",
  "value" : {
    "bpm" : 150,
    "confidence" : 1
  }
},{
  "dateTime" : "04/11/21 15:15:49",
  "value" : {
    "bpm" : 149,
    "confidence" : 1
  }
},{
  "dateTime" : "04/11/21 15:15:51",
  "value" : {
    "bpm" : 148,
    "confidence" : 1
  }
},{
  "dateTime" : "04/11/21 15:15:52",
  "value" : {
    "bpm" : 147,
    "confidence" : 1
  }
},{
  "dateTime" : "04/11/21 15:15:54",
  "value" : {
    "bpm" : 146,
    "confidence" : 1
  }
},{
  "dateTime" : "04/11/21 15:15:57",
  "value" : {
    "bpm" : 145,
    "confidence" : 1
  }
},{
  "dateTime" : "04/11/21 15:16:00",
  "value" : {
    "bpm" : 144,
    "confidence" : 1
  }
},{
  "dateTime" : "04/11/21 15:16:03",
  "value" : {
    "bpm" : 143,
    "confidence" : 1
  }
},{
  "dateTime" : "04/11/21 15:16:05",
  "value" : {
    "bpm" : 142,
    "confidence" : 1
  }
},{
  "dateTime" : "04/11/21 15:16:07",
  "value" : {
    "bpm" : 143,
    "confidence" : 1
  }
},{
  "dateTime" : "04/11/21 15:16:08",
  "value" : {
    "bpm" : 144,
    "confidence" : 1
  }
},{
  "dateTime" : "04/11/21 15:16:10",
  "value" : {
    "bpm" : 145,
    "confidence" : 1
  }
},{
  "dateTime" : "04/11/21 15:16:11",
  "value" : {
    "bpm" : 144,
    "confidence" : 1
  }
},{
  "dateTime" : "04/11/21 15:16:14",
  "value" : {
    "bpm" : 144,
    "confidence" : 1
  }
},{
  "dateTime" : "04/11/21 15:16:15",
  "value" : {
    "bpm" : 146,
    "confidence" : 1
  }
},{
  "dateTime" : "04/11/21 15:16:16",
  "value" : {
    "bpm" : 147,
    "confidence" : 1
  }
},{
  "dateTime" : "04/11/21 15:16:17",
  "value" : {
    "bpm" : 148,
    "confidence" : 1
  }
},{
  "dateTime" : "04/11/21 15:16:18",
  "value" : {
    "bpm" : 150,
    "confidence" : 1
  }
},{
  "dateTime" : "04/11/21 15:16:19",
  "value" : {
    "bpm" : 151,
    "confidence" : 1
  }
},{
  "dateTime" : "04/11/21 15:16:20",
  "value" : {
    "bpm" : 153,
    "confidence" : 1
  }
},{
  "dateTime" : "04/11/21 15:16:21",
  "value" : {
    "bpm" : 154,
    "confidence" : 1
  }
},{
  "dateTime" : "04/11/21 15:16:24",
  "value" : {
    "bpm" : 154,
    "confidence" : 1
  }
},{
  "dateTime" : "04/11/21 15:16:25",
  "value" : {
    "bpm" : 153,
    "confidence" : 1
  }
},{
  "dateTime" : "04/11/21 15:16:28",
  "value" : {
    "bpm" : 153,
    "confidence" : 1
  }
},{
  "dateTime" : "04/11/21 15:16:31",
  "value" : {
    "bpm" : 153,
    "confidence" : 1
  }
},{
  "dateTime" : "04/11/21 15:16:34",
  "value" : {
    "bpm" : 153,
    "confidence" : 1
  }
},{
  "dateTime" : "04/11/21 15:16:35",
  "value" : {
    "bpm" : 154,
    "confidence" : 1
  }
},{
  "dateTime" : "04/11/21 15:16:37",
  "value" : {
    "bpm" : 155,
    "confidence" : 1
  }
},{
  "dateTime" : "04/11/21 15:16:38",
  "value" : {
    "bpm" : 156,
    "confidence" : 1
  }
},{
  "dateTime" : "04/11/21 15:16:39",
  "value" : {
    "bpm" : 157,
    "confidence" : 1
  }
},{
  "dateTime" : "04/11/21 15:16:40",
  "value" : {
    "bpm" : 158,
    "confidence" : 1
  }
},{
  "dateTime" : "04/11/21 15:16:42",
  "value" : {
    "bpm" : 159,
    "confidence" : 1
  }
},{
  "dateTime" : "04/11/21 15:16:44",
  "value" : {
    "bpm" : 158,
    "confidence" : 1
  }
},{
  "dateTime" : "04/11/21 15:16:46",
  "value" : {
    "bpm" : 157,
    "confidence" : 1
  }
},{
  "dateTime" : "04/11/21 15:16:49",
  "value" : {
    "bpm" : 157,
    "confidence" : 1
  }
},{
  "dateTime" : "04/11/21 15:16:52",
  "value" : {
    "bpm" : 157,
    "confidence" : 1
  }
},{
  "dateTime" : "04/11/21 15:16:55",
  "value" : {
    "bpm" : 157,
    "confidence" : 1
  }
},{
  "dateTime" : "04/11/21 15:16:58",
  "value" : {
    "bpm" : 157,
    "confidence" : 1
  }
},{
  "dateTime" : "04/11/21 15:17:01",
  "value" : {
    "bpm" : 157,
    "confidence" : 1
  }
},{
  "dateTime" : "04/11/21 15:17:02",
  "value" : {
    "bpm" : 156,
    "confidence" : 1
  }
},{
  "dateTime" : "04/11/21 15:17:04",
  "value" : {
    "bpm" : 155,
    "confidence" : 1
  }
},{
  "dateTime" : "04/11/21 15:17:05",
  "value" : {
    "bpm" : 154,
    "confidence" : 1
  }
},{
  "dateTime" : "04/11/21 15:17:06",
  "value" : {
    "bpm" : 153,
    "confidence" : 1
  }
},{
  "dateTime" : "04/11/21 15:17:08",
  "value" : {
    "bpm" : 149,
    "confidence" : 1
  }
},{
  "dateTime" : "04/11/21 15:17:09",
  "value" : {
    "bpm" : 148,
    "confidence" : 1
  }
},{
  "dateTime" : "04/11/21 15:17:10",
  "value" : {
    "bpm" : 144,
    "confidence" : 1
  }
},{
  "dateTime" : "04/11/21 15:17:11",
  "value" : {
    "bpm" : 143,
    "confidence" : 1
  }
},{
  "dateTime" : "04/11/21 15:17:12",
  "value" : {
    "bpm" : 142,
    "confidence" : 1
  }
},{
  "dateTime" : "04/11/21 15:17:13",
  "value" : {
    "bpm" : 141,
    "confidence" : 0
  }
},{
  "dateTime" : "04/11/21 15:17:14",
  "value" : {
    "bpm" : 140,
    "confidence" : 0
  }
},{
  "dateTime" : "04/11/21 15:17:15",
  "value" : {
    "bpm" : 139,
    "confidence" : 0
  }
},{
  "dateTime" : "04/11/21 15:17:16",
  "value" : {
    "bpm" : 138,
    "confidence" : 0
  }
},{
  "dateTime" : "04/11/21 15:17:19",
  "value" : {
    "bpm" : 138,
    "confidence" : 0
  }
},{
  "dateTime" : "04/11/21 15:17:21",
  "value" : {
    "bpm" : 137,
    "confidence" : 0
  }
},{
  "dateTime" : "04/11/21 15:17:24",
  "value" : {
    "bpm" : 137,
    "confidence" : 0
  }
},{
  "dateTime" : "04/11/21 15:17:25",
  "value" : {
    "bpm" : 136,
    "confidence" : 0
  }
},{
  "dateTime" : "04/11/21 15:17:26",
  "value" : {
    "bpm" : 136,
    "confidence" : 1
  }
},{
  "dateTime" : "04/11/21 15:17:27",
  "value" : {
    "bpm" : 135,
    "confidence" : 1
  }
},{
  "dateTime" : "04/11/21 15:17:28",
  "value" : {
    "bpm" : 134,
    "confidence" : 1
  }
},{
  "dateTime" : "04/11/21 15:17:30",
  "value" : {
    "bpm" : 133,
    "confidence" : 1
  }
},{
  "dateTime" : "04/11/21 15:17:33",
  "value" : {
    "bpm" : 133,
    "confidence" : 1
  }
},{
  "dateTime" : "04/11/21 15:17:34",
  "value" : {
    "bpm" : 132,
    "confidence" : 1
  }
},{
  "dateTime" : "04/11/21 15:17:36",
  "value" : {
    "bpm" : 131,
    "confidence" : 1
  }
},{
  "dateTime" : "04/11/21 15:17:38",
  "value" : {
    "bpm" : 130,
    "confidence" : 1
  }
},{
  "dateTime" : "04/11/21 15:17:41",
  "value" : {
    "bpm" : 130,
    "confidence" : 1
  }
},{
  "dateTime" : "04/11/21 15:17:42",
  "value" : {
    "bpm" : 129,
    "confidence" : 1
  }
},{
  "dateTime" : "04/11/21 15:17:43",
  "value" : {
    "bpm" : 128,
    "confidence" : 1
  }
},{
  "dateTime" : "04/11/21 15:17:44",
  "value" : {
    "bpm" : 127,
    "confidence" : 1
  }
},{
  "dateTime" : "04/11/21 15:17:45",
  "value" : {
    "bpm" : 127,
    "confidence" : 1
  }
},{
  "dateTime" : "04/11/21 15:17:46",
  "value" : {
    "bpm" : 128,
    "confidence" : 1
  }
},{
  "dateTime" : "04/11/21 15:17:48",
  "value" : {
    "bpm" : 129,
    "confidence" : 1
  }
},{
  "dateTime" : "04/11/21 15:17:49",
  "value" : {
    "bpm" : 128,
    "confidence" : 1
  }
},{
  "dateTime" : "04/11/21 15:17:50",
  "value" : {
    "bpm" : 127,
    "confidence" : 1
  }
},{
  "dateTime" : "04/11/21 15:17:51",
  "value" : {
    "bpm" : 113,
    "confidence" : 3
  }
},{
  "dateTime" : "04/11/21 15:17:52",
  "value" : {
    "bpm" : 105,
    "confidence" : 3
  }
},{
  "dateTime" : "04/11/21 15:17:53",
  "value" : {
    "bpm" : 101,
    "confidence" : 3
  }
},{
  "dateTime" : "04/11/21 15:17:54",
  "value" : {
    "bpm" : 98,
    "confidence" : 3
  }
},{
  "dateTime" : "04/11/21 15:17:55",
  "value" : {
    "bpm" : 98,
    "confidence" : 1
  }
},{
  "dateTime" : "04/11/21 15:17:56",
  "value" : {
    "bpm" : 97,
    "confidence" : 1
  }
},{
  "dateTime" : "04/11/21 15:17:58",
  "value" : {
    "bpm" : 96,
    "confidence" : 1
  }
},{
  "dateTime" : "04/11/21 15:17:59",
  "value" : {
    "bpm" : 97,
    "confidence" : 1
  }
},{
  "dateTime" : "04/11/21 15:18:02",
  "value" : {
    "bpm" : 97,
    "confidence" : 1
  }
},{
  "dateTime" : "04/11/21 15:18:05",
  "value" : {
    "bpm" : 97,
    "confidence" : 2
  }
},{
  "dateTime" : "04/11/21 15:18:07",
  "value" : {
    "bpm" : 98,
    "confidence" : 2
  }
},{
  "dateTime" : "04/11/21 15:18:09",
  "value" : {
    "bpm" : 99,
    "confidence" : 2
  }
},{
  "dateTime" : "04/11/21 15:18:11",
  "value" : {
    "bpm" : 98,
    "confidence" : 2
  }
},{
  "dateTime" : "04/11/21 15:18:14",
  "value" : {
    "bpm" : 98,
    "confidence" : 2
  }
},{
  "dateTime" : "04/11/21 15:18:15",
  "value" : {
    "bpm" : 99,
    "confidence" : 2
  }
},{
  "dateTime" : "04/11/21 15:18:17",
  "value" : {
    "bpm" : 100,
    "confidence" : 2
  }
},{
  "dateTime" : "04/11/21 15:18:18",
  "value" : {
    "bpm" : 101,
    "confidence" : 2
  }
},{
  "dateTime" : "04/11/21 15:18:19",
  "value" : {
    "bpm" : 102,
    "confidence" : 2
  }
},{
  "dateTime" : "04/11/21 15:18:22",
  "value" : {
    "bpm" : 102,
    "confidence" : 2
  }
},{
  "dateTime" : "04/11/21 15:18:23",
  "value" : {
    "bpm" : 101,
    "confidence" : 2
  }
},{
  "dateTime" : "04/11/21 15:18:24",
  "value" : {
    "bpm" : 100,
    "confidence" : 2
  }
},{
  "dateTime" : "04/11/21 15:18:25",
  "value" : {
    "bpm" : 100,
    "confidence" : 2
  }
},{
  "dateTime" : "04/11/21 15:18:28",
  "value" : {
    "bpm" : 100,
    "confidence" : 2
  }
},{
  "dateTime" : "04/11/21 15:18:29",
  "value" : {
    "bpm" : 101,
    "confidence" : 2
  }
},{
  "dateTime" : "04/11/21 15:18:30",
  "value" : {
    "bpm" : 102,
    "confidence" : 2
  }
},{
  "dateTime" : "04/11/21 15:18:33",
  "value" : {
    "bpm" : 102,
    "confidence" : 2
  }
},{
  "dateTime" : "04/11/21 15:18:34",
  "value" : {
    "bpm" : 101,
    "confidence" : 2
  }
},{
  "dateTime" : "04/11/21 15:18:37",
  "value" : {
    "bpm" : 100,
    "confidence" : 2
  }
},{
  "dateTime" : "04/11/21 15:18:39",
  "value" : {
    "bpm" : 99,
    "confidence" : 2
  }
},{
  "dateTime" : "04/11/21 15:18:40",
  "value" : {
    "bpm" : 100,
    "confidence" : 2
  }
},{
  "dateTime" : "04/11/21 15:18:42",
  "value" : {
    "bpm" : 102,
    "confidence" : 2
  }
},{
  "dateTime" : "04/11/21 15:18:44",
  "value" : {
    "bpm" : 101,
    "confidence" : 2
  }
},{
  "dateTime" : "04/11/21 15:18:45",
  "value" : {
    "bpm" : 100,
    "confidence" : 2
  }
},{
  "dateTime" : "04/11/21 15:18:46",
  "value" : {
    "bpm" : 99,
    "confidence" : 2
  }
},{
  "dateTime" : "04/11/21 15:18:48",
  "value" : {
    "bpm" : 98,
    "confidence" : 3
  }
},{
  "dateTime" : "04/11/21 15:18:49",
  "value" : {
    "bpm" : 98,
    "confidence" : 2
  }
},{
  "dateTime" : "04/11/21 15:18:50",
  "value" : {
    "bpm" : 99,
    "confidence" : 2
  }
},{
  "dateTime" : "04/11/21 15:18:51",
  "value" : {
    "bpm" : 98,
    "confidence" : 3
  }
},{
  "dateTime" : "04/11/21 15:18:52",
  "value" : {
    "bpm" : 98,
    "confidence" : 2
  }
},{
  "dateTime" : "04/11/21 15:18:55",
  "value" : {
    "bpm" : 97,
    "confidence" : 2
  }
},{
  "dateTime" : "04/11/21 15:18:57",
  "value" : {
    "bpm" : 93,
    "confidence" : 3
  }
},{
  "dateTime" : "04/11/21 15:18:58",
  "value" : {
    "bpm" : 93,
    "confidence" : 2
  }
},{
  "dateTime" : "04/11/21 15:19:01",
  "value" : {
    "bpm" : 93,
    "confidence" : 2
  }
},{
  "dateTime" : "04/11/21 15:19:02",
  "value" : {
    "bpm" : 94,
    "confidence" : 2
  }
},{
  "dateTime" : "04/11/21 15:19:04",
  "value" : {
    "bpm" : 95,
    "confidence" : 2
  }
},{
  "dateTime" : "04/11/21 15:19:05",
  "value" : {
    "bpm" : 96,
    "confidence" : 2
  }
},{
  "dateTime" : "04/11/21 15:19:06",
  "value" : {
    "bpm" : 97,
    "confidence" : 2
  }
},{
  "dateTime" : "04/11/21 15:19:07",
  "value" : {
    "bpm" : 98,
    "confidence" : 2
  }
},{
  "dateTime" : "04/11/21 15:19:08",
  "value" : {
    "bpm" : 98,
    "confidence" : 2
  }
},{
  "dateTime" : "04/11/21 15:19:09",
  "value" : {
    "bpm" : 99,
    "confidence" : 2
  }
},{
  "dateTime" : "04/11/21 15:19:12",
  "value" : {
    "bpm" : 98,
    "confidence" : 2
  }
},{
  "dateTime" : "04/11/21 15:19:15",
  "value" : {
    "bpm" : 98,
    "confidence" : 2
  }
},{
  "dateTime" : "04/11/21 15:19:16",
  "value" : {
    "bpm" : 99,
    "confidence" : 2
  }
},{
  "dateTime" : "04/11/21 15:19:17",
  "value" : {
    "bpm" : 100,
    "confidence" : 2
  }
},{
  "dateTime" : "04/11/21 15:19:18",
  "value" : {
    "bpm" : 101,
    "confidence" : 2
  }
},{
  "dateTime" : "04/11/21 15:19:19",
  "value" : {
    "bpm" : 102,
    "confidence" : 2
  }
},{
  "dateTime" : "04/11/21 15:19:22",
  "value" : {
    "bpm" : 102,
    "confidence" : 2
  }
},{
  "dateTime" : "04/11/21 15:19:25",
  "value" : {
    "bpm" : 103,
    "confidence" : 2
  }
},{
  "dateTime" : "04/11/21 15:19:27",
  "value" : {
    "bpm" : 104,
    "confidence" : 2
  }
},{
  "dateTime" : "04/11/21 15:19:28",
  "value" : {
    "bpm" : 103,
    "confidence" : 2
  }
},{
  "dateTime" : "04/11/21 15:19:30",
  "value" : {
    "bpm" : 104,
    "confidence" : 2
  }
},{
  "dateTime" : "04/11/21 15:19:31",
  "value" : {
    "bpm" : 105,
    "confidence" : 2
  }
},{
  "dateTime" : "04/11/21 15:19:34",
  "value" : {
    "bpm" : 105,
    "confidence" : 2
  }
},{
  "dateTime" : "04/11/21 15:19:37",
  "value" : {
    "bpm" : 103,
    "confidence" : 2
  }
},{
  "dateTime" : "04/11/21 15:19:39",
  "value" : {
    "bpm" : 102,
    "confidence" : 2
  }
},{
  "dateTime" : "04/11/21 15:19:40",
  "value" : {
    "bpm" : 100,
    "confidence" : 2
  }
},{
  "dateTime" : "04/11/21 15:19:41",
  "value" : {
    "bpm" : 99,
    "confidence" : 2
  }
},{
  "dateTime" : "04/11/21 15:19:42",
  "value" : {
    "bpm" : 97,
    "confidence" : 2
  }
},{
  "dateTime" : "04/11/21 15:19:45",
  "value" : {
    "bpm" : 98,
    "confidence" : 2
  }
},{
  "dateTime" : "04/11/21 15:19:46",
  "value" : {
    "bpm" : 99,
    "confidence" : 2
  }
},{
  "dateTime" : "04/11/21 15:19:47",
  "value" : {
    "bpm" : 100,
    "confidence" : 2
  }
},{
  "dateTime" : "04/11/21 15:19:50",
  "value" : {
    "bpm" : 100,
    "confidence" : 2
  }
},{
  "dateTime" : "04/11/21 15:19:51",
  "value" : {
    "bpm" : 99,
    "confidence" : 2
  }
},{
  "dateTime" : "04/11/21 15:19:52",
  "value" : {
    "bpm" : 98,
    "confidence" : 2
  }
},{
  "dateTime" : "04/11/21 15:19:54",
  "value" : {
    "bpm" : 97,
    "confidence" : 2
  }
},{
  "dateTime" : "04/11/21 15:19:55",
  "value" : {
    "bpm" : 97,
    "confidence" : 2
  }
},{
  "dateTime" : "04/11/21 15:19:56",
  "value" : {
    "bpm" : 96,
    "confidence" : 2
  }
},{
  "dateTime" : "04/11/21 15:19:58",
  "value" : {
    "bpm" : 97,
    "confidence" : 2
  }
},{
  "dateTime" : "04/11/21 15:19:59",
  "value" : {
    "bpm" : 98,
    "confidence" : 2
  }
},{
  "dateTime" : "04/11/21 15:20:02",
  "value" : {
    "bpm" : 99,
    "confidence" : 2
  }
},{
  "dateTime" : "04/11/21 15:20:04",
  "value" : {
    "bpm" : 100,
    "confidence" : 2
  }
},{
  "dateTime" : "04/11/21 15:20:06",
  "value" : {
    "bpm" : 101,
    "confidence" : 2
  }
},{
  "dateTime" : "04/11/21 15:20:08",
  "value" : {
    "bpm" : 94,
    "confidence" : 3
  }
},{
  "dateTime" : "04/11/21 15:20:09",
  "value" : {
    "bpm" : 92,
    "confidence" : 3
  }
},{
  "dateTime" : "04/11/21 15:20:10",
  "value" : {
    "bpm" : 91,
    "confidence" : 3
  }
},{
  "dateTime" : "04/11/21 15:20:11",
  "value" : {
    "bpm" : 90,
    "confidence" : 3
  }
},{
  "dateTime" : "04/11/21 15:20:13",
  "value" : {
    "bpm" : 89,
    "confidence" : 3
  }
},{
  "dateTime" : "04/11/21 15:20:15",
  "value" : {
    "bpm" : 88,
    "confidence" : 3
  }
},{
  "dateTime" : "04/11/21 15:20:18",
  "value" : {
    "bpm" : 88,
    "confidence" : 3
  }
},{
  "dateTime" : "04/11/21 15:20:19",
  "value" : {
    "bpm" : 88,
    "confidence" : 2
  }
},{
  "dateTime" : "04/11/21 15:20:22",
  "value" : {
    "bpm" : 89,
    "confidence" : 2
  }
},{
  "dateTime" : "04/11/21 15:20:24",
  "value" : {
    "bpm" : 90,
    "confidence" : 2
  }
},{
  "dateTime" : "04/11/21 15:20:25",
  "value" : {
    "bpm" : 91,
    "confidence" : 2
  }
},{
  "dateTime" : "04/11/21 15:20:27",
  "value" : {
    "bpm" : 92,
    "confidence" : 2
  }
},{
  "dateTime" : "04/11/21 15:20:29",
  "value" : {
    "bpm" : 93,
    "confidence" : 2
  }
},{
  "dateTime" : "04/11/21 15:20:32",
  "value" : {
    "bpm" : 93,
    "confidence" : 2
  }
},{
  "dateTime" : "04/11/21 15:20:35",
  "value" : {
    "bpm" : 94,
    "confidence" : 2
  }
},{
  "dateTime" : "04/11/21 15:20:38",
  "value" : {
    "bpm" : 94,
    "confidence" : 2
  }
},{
  "dateTime" : "04/11/21 15:20:39",
  "value" : {
    "bpm" : 93,
    "confidence" : 2
  }
},{
  "dateTime" : "04/11/21 15:20:42",
  "value" : {
    "bpm" : 94,
    "confidence" : 2
  }
},{
  "dateTime" : "04/11/21 15:20:45",
  "value" : {
    "bpm" : 93,
    "confidence" : 2
  }
},{
  "dateTime" : "04/11/21 15:20:47",
  "value" : {
    "bpm" : 92,
    "confidence" : 2
  }
},{
  "dateTime" : "04/11/21 15:20:48",
  "value" : {
    "bpm" : 92,
    "confidence" : 2
  }
},{
  "dateTime" : "04/11/21 15:20:49",
  "value" : {
    "bpm" : 91,
    "confidence" : 2
  }
},{
  "dateTime" : "04/11/21 15:20:52",
  "value" : {
    "bpm" : 91,
    "confidence" : 2
  }
},{
  "dateTime" : "04/11/21 15:20:53",
  "value" : {
    "bpm" : 92,
    "confidence" : 2
  }
},{
  "dateTime" : "04/11/21 15:20:54",
  "value" : {
    "bpm" : 93,
    "confidence" : 2
  }
},{
  "dateTime" : "04/11/21 15:20:55",
  "value" : {
    "bpm" : 94,
    "confidence" : 2
  }
},{
  "dateTime" : "04/11/21 15:20:56",
  "value" : {
    "bpm" : 95,
    "confidence" : 2
  }
},{
  "dateTime" : "04/11/21 15:20:58",
  "value" : {
    "bpm" : 96,
    "confidence" : 2
  }
},{
  "dateTime" : "04/11/21 15:20:59",
  "value" : {
    "bpm" : 97,
    "confidence" : 2
  }
},{
  "dateTime" : "04/11/21 15:21:00",
  "value" : {
    "bpm" : 98,
    "confidence" : 2
  }
},{
  "dateTime" : "04/11/21 15:21:01",
  "value" : {
    "bpm" : 99,
    "confidence" : 2
  }
},{
  "dateTime" : "04/11/21 15:21:02",
  "value" : {
    "bpm" : 100,
    "confidence" : 2
  }
},{
  "dateTime" : "04/11/21 15:21:05",
  "value" : {
    "bpm" : 100,
    "confidence" : 2
  }
},{
  "dateTime" : "04/11/21 15:21:06",
  "value" : {
    "bpm" : 101,
    "confidence" : 2
  }
},{
  "dateTime" : "04/11/21 15:21:08",
  "value" : {
    "bpm" : 100,
    "confidence" : 2
  }
},{
  "dateTime" : "04/11/21 15:21:10",
  "value" : {
    "bpm" : 102,
    "confidence" : 2
  }
},{
  "dateTime" : "04/11/21 15:21:11",
  "value" : {
    "bpm" : 93,
    "confidence" : 3
  }
},{
  "dateTime" : "04/11/21 15:21:12",
  "value" : {
    "bpm" : 93,
    "confidence" : 2
  }
},{
  "dateTime" : "04/11/21 15:21:14",
  "value" : {
    "bpm" : 92,
    "confidence" : 2
  }
},{
  "dateTime" : "04/11/21 15:21:15",
  "value" : {
    "bpm" : 93,
    "confidence" : 2
  }
},{
  "dateTime" : "04/11/21 15:21:16",
  "value" : {
    "bpm" : 94,
    "confidence" : 2
  }
},{
  "dateTime" : "04/11/21 15:21:17",
  "value" : {
    "bpm" : 95,
    "confidence" : 2
  }
},{
  "dateTime" : "04/11/21 15:21:18",
  "value" : {
    "bpm" : 97,
    "confidence" : 2
  }
},{
  "dateTime" : "04/11/21 15:21:20",
  "value" : {
    "bpm" : 98,
    "confidence" : 2
  }
},{
  "dateTime" : "04/11/21 15:21:22",
  "value" : {
    "bpm" : 99,
    "confidence" : 2
  }
},{
  "dateTime" : "04/11/21 15:21:25",
  "value" : {
    "bpm" : 101,
    "confidence" : 2
  }
},{
  "dateTime" : "04/11/21 15:21:26",
  "value" : {
    "bpm" : 103,
    "confidence" : 2
  }
},{
  "dateTime" : "04/11/21 15:21:27",
  "value" : {
    "bpm" : 104,
    "confidence" : 2
  }
},{
  "dateTime" : "04/11/21 15:21:28",
  "value" : {
    "bpm" : 106,
    "confidence" : 2
  }
},{
  "dateTime" : "04/11/21 15:21:29",
  "value" : {
    "bpm" : 105,
    "confidence" : 2
  }
},{
  "dateTime" : "04/11/21 15:21:30",
  "value" : {
    "bpm" : 104,
    "confidence" : 2
  }
},{
  "dateTime" : "04/11/21 15:21:31",
  "value" : {
    "bpm" : 103,
    "confidence" : 2
  }
},{
  "dateTime" : "04/11/21 15:21:32",
  "value" : {
    "bpm" : 102,
    "confidence" : 2
  }
},{
  "dateTime" : "04/11/21 15:21:34",
  "value" : {
    "bpm" : 103,
    "confidence" : 2
  }
},{
  "dateTime" : "04/11/21 15:21:35",
  "value" : {
    "bpm" : 104,
    "confidence" : 2
  }
},{
  "dateTime" : "04/11/21 15:21:38",
  "value" : {
    "bpm" : 103,
    "confidence" : 2
  }
},{
  "dateTime" : "04/11/21 15:21:39",
  "value" : {
    "bpm" : 101,
    "confidence" : 2
  }
},{
  "dateTime" : "04/11/21 15:21:41",
  "value" : {
    "bpm" : 100,
    "confidence" : 2
  }
},{
  "dateTime" : "04/11/21 15:21:43",
  "value" : {
    "bpm" : 102,
    "confidence" : 2
  }
},{
  "dateTime" : "04/11/21 15:21:44",
  "value" : {
    "bpm" : 104,
    "confidence" : 2
  }
},{
  "dateTime" : "04/11/21 15:21:45",
  "value" : {
    "bpm" : 105,
    "confidence" : 2
  }
},{
  "dateTime" : "04/11/21 15:21:46",
  "value" : {
    "bpm" : 106,
    "confidence" : 2
  }
},{
  "dateTime" : "04/11/21 15:21:47",
  "value" : {
    "bpm" : 107,
    "confidence" : 2
  }
},{
  "dateTime" : "04/11/21 15:21:50",
  "value" : {
    "bpm" : 107,
    "confidence" : 2
  }
},{
  "dateTime" : "04/11/21 15:21:52",
  "value" : {
    "bpm" : 108,
    "confidence" : 2
  }
},{
  "dateTime" : "04/11/21 15:21:53",
  "value" : {
    "bpm" : 109,
    "confidence" : 2
  }
},{
  "dateTime" : "04/11/21 15:21:54",
  "value" : {
    "bpm" : 111,
    "confidence" : 2
  }
},{
  "dateTime" : "04/11/21 15:21:55",
  "value" : {
    "bpm" : 113,
    "confidence" : 2
  }
},{
  "dateTime" : "04/11/21 15:21:58",
  "value" : {
    "bpm" : 113,
    "confidence" : 2
  }
},{
  "dateTime" : "04/11/21 15:21:59",
  "value" : {
    "bpm" : 112,
    "confidence" : 2
  }
},{
  "dateTime" : "04/11/21 15:22:02",
  "value" : {
    "bpm" : 112,
    "confidence" : 2
  }
},{
  "dateTime" : "04/11/21 15:22:03",
  "value" : {
    "bpm" : 111,
    "confidence" : 2
  }
},{
  "dateTime" : "04/11/21 15:22:06",
  "value" : {
    "bpm" : 112,
    "confidence" : 2
  }
},{
  "dateTime" : "04/11/21 15:22:07",
  "value" : {
    "bpm" : 113,
    "confidence" : 2
  }
},{
  "dateTime" : "04/11/21 15:22:08",
  "value" : {
    "bpm" : 114,
    "confidence" : 2
  }
},{
  "dateTime" : "04/11/21 15:22:09",
  "value" : {
    "bpm" : 115,
    "confidence" : 2
  }
},{
  "dateTime" : "04/11/21 15:22:12",
  "value" : {
    "bpm" : 114,
    "confidence" : 2
  }
},{
  "dateTime" : "04/11/21 15:22:13",
  "value" : {
    "bpm" : 113,
    "confidence" : 2
  }
},{
  "dateTime" : "04/11/21 15:22:15",
  "value" : {
    "bpm" : 112,
    "confidence" : 2
  }
},{
  "dateTime" : "04/11/21 15:22:16",
  "value" : {
    "bpm" : 111,
    "confidence" : 2
  }
},{
  "dateTime" : "04/11/21 15:22:17",
  "value" : {
    "bpm" : 110,
    "confidence" : 2
  }
},{
  "dateTime" : "04/11/21 15:22:18",
  "value" : {
    "bpm" : 109,
    "confidence" : 2
  }
},{
  "dateTime" : "04/11/21 15:22:19",
  "value" : {
    "bpm" : 108,
    "confidence" : 2
  }
},{
  "dateTime" : "04/11/21 15:22:21",
  "value" : {
    "bpm" : 110,
    "confidence" : 2
  }
},{
  "dateTime" : "04/11/21 15:22:22",
  "value" : {
    "bpm" : 111,
    "confidence" : 2
  }
},{
  "dateTime" : "04/11/21 15:22:23",
  "value" : {
    "bpm" : 112,
    "confidence" : 2
  }
},{
  "dateTime" : "04/11/21 15:22:25",
  "value" : {
    "bpm" : 113,
    "confidence" : 2
  }
},{
  "dateTime" : "04/11/21 15:22:28",
  "value" : {
    "bpm" : 113,
    "confidence" : 2
  }
},{
  "dateTime" : "04/11/21 15:22:31",
  "value" : {
    "bpm" : 113,
    "confidence" : 2
  }
},{
  "dateTime" : "04/11/21 15:22:33",
  "value" : {
    "bpm" : 114,
    "confidence" : 2
  }
},{
  "dateTime" : "04/11/21 15:22:34",
  "value" : {
    "bpm" : 115,
    "confidence" : 2
  }
},{
  "dateTime" : "04/11/21 15:22:36",
  "value" : {
    "bpm" : 116,
    "confidence" : 2
  }
},{
  "dateTime" : "04/11/21 15:22:37",
  "value" : {
    "bpm" : 119,
    "confidence" : 2
  }
},{
  "dateTime" : "04/11/21 15:22:38",
  "value" : {
    "bpm" : 120,
    "confidence" : 2
  }
},{
  "dateTime" : "04/11/21 15:22:41",
  "value" : {
    "bpm" : 121,
    "confidence" : 2
  }
},{
  "dateTime" : "04/11/21 15:22:44",
  "value" : {
    "bpm" : 121,
    "confidence" : 2
  }
},{
  "dateTime" : "04/11/21 15:22:47",
  "value" : {
    "bpm" : 121,
    "confidence" : 2
  }
},{
  "dateTime" : "04/11/21 15:22:49",
  "value" : {
    "bpm" : 122,
    "confidence" : 2
  }
},{
  "dateTime" : "04/11/21 15:22:51",
  "value" : {
    "bpm" : 123,
    "confidence" : 2
  }
},{
  "dateTime" : "04/11/21 15:22:54",
  "value" : {
    "bpm" : 123,
    "confidence" : 2
  }
},{
  "dateTime" : "04/11/21 15:22:55",
  "value" : {
    "bpm" : 123,
    "confidence" : 2
  }
},{
  "dateTime" : "04/11/21 15:22:57",
  "value" : {
    "bpm" : 122,
    "confidence" : 2
  }
},{
  "dateTime" : "04/11/21 15:23:00",
  "value" : {
    "bpm" : 121,
    "confidence" : 2
  }
},{
  "dateTime" : "04/11/21 15:23:03",
  "value" : {
    "bpm" : 121,
    "confidence" : 2
  }
},{
  "dateTime" : "04/11/21 15:23:06",
  "value" : {
    "bpm" : 121,
    "confidence" : 2
  }
},{
  "dateTime" : "04/11/21 15:23:09",
  "value" : {
    "bpm" : 122,
    "confidence" : 2
  }
},{
  "dateTime" : "04/11/21 15:23:10",
  "value" : {
    "bpm" : 125,
    "confidence" : 2
  }
},{
  "dateTime" : "04/11/21 15:23:11",
  "value" : {
    "bpm" : 126,
    "confidence" : 2
  }
},{
  "dateTime" : "04/11/21 15:23:12",
  "value" : {
    "bpm" : 127,
    "confidence" : 2
  }
},{
  "dateTime" : "04/11/21 15:23:14",
  "value" : {
    "bpm" : 126,
    "confidence" : 2
  }
},{
  "dateTime" : "04/11/21 15:23:17",
  "value" : {
    "bpm" : 126,
    "confidence" : 2
  }
},{
  "dateTime" : "04/11/21 15:23:18",
  "value" : {
    "bpm" : 125,
    "confidence" : 2
  }
},{
  "dateTime" : "04/11/21 15:23:19",
  "value" : {
    "bpm" : 124,
    "confidence" : 2
  }
},{
  "dateTime" : "04/11/21 15:23:22",
  "value" : {
    "bpm" : 124,
    "confidence" : 2
  }
},{
  "dateTime" : "04/11/21 15:23:25",
  "value" : {
    "bpm" : 124,
    "confidence" : 2
  }
},{
  "dateTime" : "04/11/21 15:23:28",
  "value" : {
    "bpm" : 123,
    "confidence" : 2
  }
},{
  "dateTime" : "04/11/21 15:23:30",
  "value" : {
    "bpm" : 122,
    "confidence" : 2
  }
},{
  "dateTime" : "04/11/21 15:23:31",
  "value" : {
    "bpm" : 121,
    "confidence" : 2
  }
},{
  "dateTime" : "04/11/21 15:23:34",
  "value" : {
    "bpm" : 120,
    "confidence" : 2
  }
},{
  "dateTime" : "04/11/21 15:23:36",
  "value" : {
    "bpm" : 120,
    "confidence" : 1
  }
},{
  "dateTime" : "04/11/21 15:23:37",
  "value" : {
    "bpm" : 119,
    "confidence" : 1
  }
},{
  "dateTime" : "04/11/21 15:23:40",
  "value" : {
    "bpm" : 119,
    "confidence" : 1
  }
},{
  "dateTime" : "04/11/21 15:23:43",
  "value" : {
    "bpm" : 121,
    "confidence" : 1
  }
},{
  "dateTime" : "04/11/21 15:23:44",
  "value" : {
    "bpm" : 122,
    "confidence" : 1
  }
},{
  "dateTime" : "04/11/21 15:23:47",
  "value" : {
    "bpm" : 123,
    "confidence" : 1
  }
},{
  "dateTime" : "04/11/21 15:23:50",
  "value" : {
    "bpm" : 123,
    "confidence" : 1
  }
},{
  "dateTime" : "04/11/21 15:23:51",
  "value" : {
    "bpm" : 125,
    "confidence" : 1
  }
},{
  "dateTime" : "04/11/21 15:23:52",
  "value" : {
    "bpm" : 127,
    "confidence" : 1
  }
},{
  "dateTime" : "04/11/21 15:23:53",
  "value" : {
    "bpm" : 129,
    "confidence" : 1
  }
},{
  "dateTime" : "04/11/21 15:23:54",
  "value" : {
    "bpm" : 130,
    "confidence" : 1
  }
},{
  "dateTime" : "04/11/21 15:23:56",
  "value" : {
    "bpm" : 128,
    "confidence" : 1
  }
},{
  "dateTime" : "04/11/21 15:23:57",
  "value" : {
    "bpm" : 127,
    "confidence" : 1
  }
},{
  "dateTime" : "04/11/21 15:23:58",
  "value" : {
    "bpm" : 125,
    "confidence" : 1
  }
},{
  "dateTime" : "04/11/21 15:23:59",
  "value" : {
    "bpm" : 124,
    "confidence" : 1
  }
},{
  "dateTime" : "04/11/21 15:24:00",
  "value" : {
    "bpm" : 123,
    "confidence" : 1
  }
},{
  "dateTime" : "04/11/21 15:24:01",
  "value" : {
    "bpm" : 122,
    "confidence" : 1
  }
},{
  "dateTime" : "04/11/21 15:24:03",
  "value" : {
    "bpm" : 125,
    "confidence" : 1
  }
},{
  "dateTime" : "04/11/21 15:24:04",
  "value" : {
    "bpm" : 127,
    "confidence" : 1
  }
},{
  "dateTime" : "04/11/21 15:24:05",
  "value" : {
    "bpm" : 129,
    "confidence" : 1
  }
},{
  "dateTime" : "04/11/21 15:24:06",
  "value" : {
    "bpm" : 130,
    "confidence" : 1
  }
},{
  "dateTime" : "04/11/21 15:24:07",
  "value" : {
    "bpm" : 131,
    "confidence" : 1
  }
},{
  "dateTime" : "04/11/21 15:24:10",
  "value" : {
    "bpm" : 130,
    "confidence" : 1
  }
},{
  "dateTime" : "04/11/21 15:24:13",
  "value" : {
    "bpm" : 129,
    "confidence" : 1
  }
},{
  "dateTime" : "04/11/21 15:24:14",
  "value" : {
    "bpm" : 128,
    "confidence" : 1
  }
},{
  "dateTime" : "04/11/21 15:24:16",
  "value" : {
    "bpm" : 127,
    "confidence" : 1
  }
},{
  "dateTime" : "04/11/21 15:24:17",
  "value" : {
    "bpm" : 126,
    "confidence" : 1
  }
},{
  "dateTime" : "04/11/21 15:24:18",
  "value" : {
    "bpm" : 125,
    "confidence" : 1
  }
},{
  "dateTime" : "04/11/21 15:24:20",
  "value" : {
    "bpm" : 124,
    "confidence" : 1
  }
},{
  "dateTime" : "04/11/21 15:24:22",
  "value" : {
    "bpm" : 123,
    "confidence" : 1
  }
},{
  "dateTime" : "04/11/21 15:24:24",
  "value" : {
    "bpm" : 122,
    "confidence" : 1
  }
},{
  "dateTime" : "04/11/21 15:24:26",
  "value" : {
    "bpm" : 121,
    "confidence" : 1
  }
},{
  "dateTime" : "04/11/21 15:24:28",
  "value" : {
    "bpm" : 120,
    "confidence" : 2
  }
},{
  "dateTime" : "04/11/21 15:24:29",
  "value" : {
    "bpm" : 119,
    "confidence" : 2
  }
},{
  "dateTime" : "04/11/21 15:24:30",
  "value" : {
    "bpm" : 118,
    "confidence" : 2
  }
},{
  "dateTime" : "04/11/21 15:24:31",
  "value" : {
    "bpm" : 117,
    "confidence" : 2
  }
},{
  "dateTime" : "04/11/21 15:24:32",
  "value" : {
    "bpm" : 116,
    "confidence" : 2
  }
},{
  "dateTime" : "04/11/21 15:24:34",
  "value" : {
    "bpm" : 115,
    "confidence" : 2
  }
},{
  "dateTime" : "04/11/21 15:24:37",
  "value" : {
    "bpm" : 115,
    "confidence" : 2
  }
},{
  "dateTime" : "04/11/21 15:24:38",
  "value" : {
    "bpm" : 114,
    "confidence" : 2
  }
},{
  "dateTime" : "04/11/21 15:24:41",
  "value" : {
    "bpm" : 116,
    "confidence" : 2
  }
},{
  "dateTime" : "04/11/21 15:24:42",
  "value" : {
    "bpm" : 117,
    "confidence" : 2
  }
},{
  "dateTime" : "04/11/21 15:24:43",
  "value" : {
    "bpm" : 119,
    "confidence" : 2
  }
},{
  "dateTime" : "04/11/21 15:24:44",
  "value" : {
    "bpm" : 118,
    "confidence" : 2
  }
},{
  "dateTime" : "04/11/21 15:24:45",
  "value" : {
    "bpm" : 117,
    "confidence" : 2
  }
},{
  "dateTime" : "04/11/21 15:24:47",
  "value" : {
    "bpm" : 116,
    "confidence" : 2
  }
},{
  "dateTime" : "04/11/21 15:24:50",
  "value" : {
    "bpm" : 116,
    "confidence" : 2
  }
},{
  "dateTime" : "04/11/21 15:24:53",
  "value" : {
    "bpm" : 116,
    "confidence" : 2
  }
},{
  "dateTime" : "04/11/21 15:24:54",
  "value" : {
    "bpm" : 115,
    "confidence" : 2
  }
},{
  "dateTime" : "04/11/21 15:24:57",
  "value" : {
    "bpm" : 115,
    "confidence" : 2
  }
},{
  "dateTime" : "04/11/21 15:25:00",
  "value" : {
    "bpm" : 115,
    "confidence" : 2
  }
},{
  "dateTime" : "04/11/21 15:25:02",
  "value" : {
    "bpm" : 116,
    "confidence" : 2
  }
},{
  "dateTime" : "04/11/21 15:25:05",
  "value" : {
    "bpm" : 117,
    "confidence" : 2
  }
},{
  "dateTime" : "04/11/21 15:25:08",
  "value" : {
    "bpm" : 117,
    "confidence" : 2
  }
},{
  "dateTime" : "04/11/21 15:25:09",
  "value" : {
    "bpm" : 116,
    "confidence" : 2
  }
},{
  "dateTime" : "04/11/21 15:25:12",
  "value" : {
    "bpm" : 115,
    "confidence" : 2
  }
},{
  "dateTime" : "04/11/21 15:25:15",
  "value" : {
    "bpm" : 115,
    "confidence" : 2
  }
},{
  "dateTime" : "04/11/21 15:25:18",
  "value" : {
    "bpm" : 116,
    "confidence" : 2
  }
},{
  "dateTime" : "04/11/21 15:25:19",
  "value" : {
    "bpm" : 115,
    "confidence" : 2
  }
},{
  "dateTime" : "04/11/21 15:25:21",
  "value" : {
    "bpm" : 114,
    "confidence" : 2
  }
},{
  "dateTime" : "04/11/21 15:25:22",
  "value" : {
    "bpm" : 113,
    "confidence" : 2
  }
},{
  "dateTime" : "04/11/21 15:25:25",
  "value" : {
    "bpm" : 113,
    "confidence" : 2
  }
},{
  "dateTime" : "04/11/21 15:25:26",
  "value" : {
    "bpm" : 114,
    "confidence" : 2
  }
},{
  "dateTime" : "04/11/21 15:25:27",
  "value" : {
    "bpm" : 115,
    "confidence" : 2
  }
},{
  "dateTime" : "04/11/21 15:25:28",
  "value" : {
    "bpm" : 116,
    "confidence" : 2
  }
},{
  "dateTime" : "04/11/21 15:25:30",
  "value" : {
    "bpm" : 115,
    "confidence" : 2
  }
},{
  "dateTime" : "04/11/21 15:25:33",
  "value" : {
    "bpm" : 115,
    "confidence" : 2
  }
},{
  "dateTime" : "04/11/21 15:25:34",
  "value" : {
    "bpm" : 114,
    "confidence" : 2
  }
},{
  "dateTime" : "04/11/21 15:25:37",
  "value" : {
    "bpm" : 114,
    "confidence" : 2
  }
},{
  "dateTime" : "04/11/21 15:25:38",
  "value" : {
    "bpm" : 112,
    "confidence" : 2
  }
},{
  "dateTime" : "04/11/21 15:25:39",
  "value" : {
    "bpm" : 111,
    "confidence" : 2
  }
},{
  "dateTime" : "04/11/21 15:25:40",
  "value" : {
    "bpm" : 110,
    "confidence" : 2
  }
},{
  "dateTime" : "04/11/21 15:25:41",
  "value" : {
    "bpm" : 109,
    "confidence" : 2
  }
},{
  "dateTime" : "04/11/21 15:25:43",
  "value" : {
    "bpm" : 108,
    "confidence" : 2
  }
},{
  "dateTime" : "04/11/21 15:25:46",
  "value" : {
    "bpm" : 107,
    "confidence" : 2
  }
},{
  "dateTime" : "04/11/21 15:25:49",
  "value" : {
    "bpm" : 106,
    "confidence" : 2
  }
},{
  "dateTime" : "04/11/21 15:25:50",
  "value" : {
    "bpm" : 105,
    "confidence" : 2
  }
},{
  "dateTime" : "04/11/21 15:25:51",
  "value" : {
    "bpm" : 104,
    "confidence" : 2
  }
},{
  "dateTime" : "04/11/21 15:25:53",
  "value" : {
    "bpm" : 103,
    "confidence" : 2
  }
},{
  "dateTime" : "04/11/21 15:25:56",
  "value" : {
    "bpm" : 105,
    "confidence" : 2
  }
},{
  "dateTime" : "04/11/21 15:25:57",
  "value" : {
    "bpm" : 106,
    "confidence" : 2
  }
},{
  "dateTime" : "04/11/21 15:25:59",
  "value" : {
    "bpm" : 107,
    "confidence" : 2
  }
},{
  "dateTime" : "04/11/21 15:26:00",
  "value" : {
    "bpm" : 106,
    "confidence" : 2
  }
},{
  "dateTime" : "04/11/21 15:26:02",
  "value" : {
    "bpm" : 105,
    "confidence" : 2
  }
},{
  "dateTime" : "04/11/21 15:26:03",
  "value" : {
    "bpm" : 104,
    "confidence" : 2
  }
},{
  "dateTime" : "04/11/21 15:26:04",
  "value" : {
    "bpm" : 103,
    "confidence" : 2
  }
},{
  "dateTime" : "04/11/21 15:26:05",
  "value" : {
    "bpm" : 102,
    "confidence" : 2
  }
},{
  "dateTime" : "04/11/21 15:26:06",
  "value" : {
    "bpm" : 101,
    "confidence" : 2
  }
},{
  "dateTime" : "04/11/21 15:26:07",
  "value" : {
    "bpm" : 100,
    "confidence" : 2
  }
},{
  "dateTime" : "04/11/21 15:26:08",
  "value" : {
    "bpm" : 101,
    "confidence" : 2
  }
},{
  "dateTime" : "04/11/21 15:26:10",
  "value" : {
    "bpm" : 102,
    "confidence" : 2
  }
},{
  "dateTime" : "04/11/21 15:26:11",
  "value" : {
    "bpm" : 106,
    "confidence" : 2
  }
},{
  "dateTime" : "04/11/21 15:26:13",
  "value" : {
    "bpm" : 105,
    "confidence" : 2
  }
},{
  "dateTime" : "04/11/21 15:26:15",
  "value" : {
    "bpm" : 104,
    "confidence" : 2
  }
},{
  "dateTime" : "04/11/21 15:26:16",
  "value" : {
    "bpm" : 103,
    "confidence" : 2
  }
},{
  "dateTime" : "04/11/21 15:26:19",
  "value" : {
    "bpm" : 102,
    "confidence" : 2
  }
},{
  "dateTime" : "04/11/21 15:26:22",
  "value" : {
    "bpm" : 103,
    "confidence" : 2
  }
},{
  "dateTime" : "04/11/21 15:26:24",
  "value" : {
    "bpm" : 102,
    "confidence" : 2
  }
},{
  "dateTime" : "04/11/21 15:26:27",
  "value" : {
    "bpm" : 102,
    "confidence" : 2
  }
},{
  "dateTime" : "04/11/21 15:26:29",
  "value" : {
    "bpm" : 101,
    "confidence" : 2
  }
},{
  "dateTime" : "04/11/21 15:26:31",
  "value" : {
    "bpm" : 100,
    "confidence" : 2
  }
},{
  "dateTime" : "04/11/21 15:26:33",
  "value" : {
    "bpm" : 99,
    "confidence" : 2
  }
},{
  "dateTime" : "04/11/21 15:26:36",
  "value" : {
    "bpm" : 98,
    "confidence" : 2
  }
},{
  "dateTime" : "04/11/21 15:26:39",
  "value" : {
    "bpm" : 98,
    "confidence" : 2
  }
},{
  "dateTime" : "04/11/21 15:26:42",
  "value" : {
    "bpm" : 96,
    "confidence" : 3
  }
},{
  "dateTime" : "04/11/21 15:26:43",
  "value" : {
    "bpm" : 96,
    "confidence" : 2
  }
},{
  "dateTime" : "04/11/21 15:26:45",
  "value" : {
    "bpm" : 95,
    "confidence" : 2
  }
},{
  "dateTime" : "04/11/21 15:26:46",
  "value" : {
    "bpm" : 94,
    "confidence" : 2
  }
},{
  "dateTime" : "04/11/21 15:26:49",
  "value" : {
    "bpm" : 94,
    "confidence" : 2
  }
},{
  "dateTime" : "04/11/21 15:26:52",
  "value" : {
    "bpm" : 95,
    "confidence" : 2
  }
},{
  "dateTime" : "04/11/21 15:26:55",
  "value" : {
    "bpm" : 96,
    "confidence" : 2
  }
},{
  "dateTime" : "04/11/21 15:26:57",
  "value" : {
    "bpm" : 97,
    "confidence" : 2
  }
},{
  "dateTime" : "04/11/21 15:26:59",
  "value" : {
    "bpm" : 98,
    "confidence" : 2
  }
},{
  "dateTime" : "04/11/21 15:27:00",
  "value" : {
    "bpm" : 99,
    "confidence" : 2
  }
},{
  "dateTime" : "04/11/21 15:27:01",
  "value" : {
    "bpm" : 103,
    "confidence" : 2
  }
},{
  "dateTime" : "04/11/21 15:27:04",
  "value" : {
    "bpm" : 103,
    "confidence" : 2
  }
},{
  "dateTime" : "04/11/21 15:27:05",
  "value" : {
    "bpm" : 102,
    "confidence" : 2
  }
},{
  "dateTime" : "04/11/21 15:27:06",
  "value" : {
    "bpm" : 101,
    "confidence" : 2
  }
},{
  "dateTime" : "04/11/21 15:27:09",
  "value" : {
    "bpm" : 102,
    "confidence" : 2
  }
},{
  "dateTime" : "04/11/21 15:27:10",
  "value" : {
    "bpm" : 104,
    "confidence" : 2
  }
},{
  "dateTime" : "04/11/21 15:27:11",
  "value" : {
    "bpm" : 105,
    "confidence" : 2
  }
},{
  "dateTime" : "04/11/21 15:27:14",
  "value" : {
    "bpm" : 104,
    "confidence" : 2
  }
},{
  "dateTime" : "04/11/21 15:27:17",
  "value" : {
    "bpm" : 104,
    "confidence" : 2
  }
},{
  "dateTime" : "04/11/21 15:27:19",
  "value" : {
    "bpm" : 105,
    "confidence" : 2
  }
},{
  "dateTime" : "04/11/21 15:27:20",
  "value" : {
    "bpm" : 107,
    "confidence" : 2
  }
},{
  "dateTime" : "04/11/21 15:27:21",
  "value" : {
    "bpm" : 109,
    "confidence" : 2
  }
},{
  "dateTime" : "04/11/21 15:27:24",
  "value" : {
    "bpm" : 109,
    "confidence" : 2
  }
},{
  "dateTime" : "04/11/21 15:27:25",
  "value" : {
    "bpm" : 108,
    "confidence" : 2
  }
},{
  "dateTime" : "04/11/21 15:27:27",
  "value" : {
    "bpm" : 109,
    "confidence" : 2
  }
},{
  "dateTime" : "04/11/21 15:27:28",
  "value" : {
    "bpm" : 113,
    "confidence" : 2
  }
},{
  "dateTime" : "04/11/21 15:27:29",
  "value" : {
    "bpm" : 116,
    "confidence" : 2
  }
},{
  "dateTime" : "04/11/21 15:27:30",
  "value" : {
    "bpm" : 118,
    "confidence" : 2
  }
},{
  "dateTime" : "04/11/21 15:27:31",
  "value" : {
    "bpm" : 119,
    "confidence" : 2
  }
},{
  "dateTime" : "04/11/21 15:27:32",
  "value" : {
    "bpm" : 118,
    "confidence" : 2
  }
},{
  "dateTime" : "04/11/21 15:27:34",
  "value" : {
    "bpm" : 117,
    "confidence" : 2
  }
},{
  "dateTime" : "04/11/21 15:27:35",
  "value" : {
    "bpm" : 116,
    "confidence" : 2
  }
},{
  "dateTime" : "04/11/21 15:27:36",
  "value" : {
    "bpm" : 115,
    "confidence" : 2
  }
},{
  "dateTime" : "04/11/21 15:27:37",
  "value" : {
    "bpm" : 114,
    "confidence" : 2
  }
},{
  "dateTime" : "04/11/21 15:27:38",
  "value" : {
    "bpm" : 113,
    "confidence" : 2
  }
},{
  "dateTime" : "04/11/21 15:27:39",
  "value" : {
    "bpm" : 112,
    "confidence" : 2
  }
},{
  "dateTime" : "04/11/21 15:27:40",
  "value" : {
    "bpm" : 111,
    "confidence" : 2
  }
},{
  "dateTime" : "04/11/21 15:27:42",
  "value" : {
    "bpm" : 110,
    "confidence" : 2
  }
},{
  "dateTime" : "04/11/21 15:27:43",
  "value" : {
    "bpm" : 109,
    "confidence" : 2
  }
},{
  "dateTime" : "04/11/21 15:27:44",
  "value" : {
    "bpm" : 106,
    "confidence" : 2
  }
},{
  "dateTime" : "04/11/21 15:27:45",
  "value" : {
    "bpm" : 104,
    "confidence" : 2
  }
},{
  "dateTime" : "04/11/21 15:27:46",
  "value" : {
    "bpm" : 103,
    "confidence" : 2
  }
},{
  "dateTime" : "04/11/21 15:27:47",
  "value" : {
    "bpm" : 102,
    "confidence" : 2
  }
},{
  "dateTime" : "04/11/21 15:27:48",
  "value" : {
    "bpm" : 101,
    "confidence" : 2
  }
},{
  "dateTime" : "04/11/21 15:27:49",
  "value" : {
    "bpm" : 100,
    "confidence" : 2
  }
},{
  "dateTime" : "04/11/21 15:27:51",
  "value" : {
    "bpm" : 101,
    "confidence" : 2
  }
},{
  "dateTime" : "04/11/21 15:27:52",
  "value" : {
    "bpm" : 102,
    "confidence" : 2
  }
},{
  "dateTime" : "04/11/21 15:27:53",
  "value" : {
    "bpm" : 104,
    "confidence" : 2
  }
},{
  "dateTime" : "04/11/21 15:27:54",
  "value" : {
    "bpm" : 105,
    "confidence" : 2
  }
},{
  "dateTime" : "04/11/21 15:27:56",
  "value" : {
    "bpm" : 106,
    "confidence" : 2
  }
},{
  "dateTime" : "04/11/21 15:27:57",
  "value" : {
    "bpm" : 107,
    "confidence" : 2
  }
},{
  "dateTime" : "04/11/21 15:27:58",
  "value" : {
    "bpm" : 106,
    "confidence" : 2
  }
},{
  "dateTime" : "04/11/21 15:28:01",
  "value" : {
    "bpm" : 106,
    "confidence" : 2
  }
},{
  "dateTime" : "04/11/21 15:28:03",
  "value" : {
    "bpm" : 107,
    "confidence" : 2
  }
},{
  "dateTime" : "04/11/21 15:28:06",
  "value" : {
    "bpm" : 107,
    "confidence" : 2
  }
},{
  "dateTime" : "04/11/21 15:28:07",
  "value" : {
    "bpm" : 106,
    "confidence" : 2
  }
},{
  "dateTime" : "04/11/21 15:28:10",
  "value" : {
    "bpm" : 106,
    "confidence" : 2
  }
},{
  "dateTime" : "04/11/21 15:28:13",
  "value" : {
    "bpm" : 106,
    "confidence" : 2
  }
},{
  "dateTime" : "04/11/21 15:28:16",
  "value" : {
    "bpm" : 106,
    "confidence" : 2
  }
},{
  "dateTime" : "04/11/21 15:28:19",
  "value" : {
    "bpm" : 106,
    "confidence" : 2
  }
},{
  "dateTime" : "04/11/21 15:28:20",
  "value" : {
    "bpm" : 105,
    "confidence" : 2
  }
},{
  "dateTime" : "04/11/21 15:28:22",
  "value" : {
    "bpm" : 104,
    "confidence" : 2
  }
},{
  "dateTime" : "04/11/21 15:28:23",
  "value" : {
    "bpm" : 103,
    "confidence" : 2
  }
},{
  "dateTime" : "04/11/21 15:28:24",
  "value" : {
    "bpm" : 102,
    "confidence" : 2
  }
},{
  "dateTime" : "04/11/21 15:28:25",
  "value" : {
    "bpm" : 101,
    "confidence" : 2
  }
},{
  "dateTime" : "04/11/21 15:28:28",
  "value" : {
    "bpm" : 101,
    "confidence" : 2
  }
},{
  "dateTime" : "04/11/21 15:28:29",
  "value" : {
    "bpm" : 100,
    "confidence" : 2
  }
},{
  "dateTime" : "04/11/21 15:28:32",
  "value" : {
    "bpm" : 99,
    "confidence" : 2
  }
},{
  "dateTime" : "04/11/21 15:28:34",
  "value" : {
    "bpm" : 98,
    "confidence" : 2
  }
},{
  "dateTime" : "04/11/21 15:28:37",
  "value" : {
    "bpm" : 98,
    "confidence" : 2
  }
},{
  "dateTime" : "04/11/21 15:28:38",
  "value" : {
    "bpm" : 97,
    "confidence" : 2
  }
},{
  "dateTime" : "04/11/21 15:28:41",
  "value" : {
    "bpm" : 97,
    "confidence" : 2
  }
},{
  "dateTime" : "04/11/21 15:28:42",
  "value" : {
    "bpm" : 96,
    "confidence" : 2
  }
},{
  "dateTime" : "04/11/21 15:28:43",
  "value" : {
    "bpm" : 95,
    "confidence" : 2
  }
},{
  "dateTime" : "04/11/21 15:28:46",
  "value" : {
    "bpm" : 95,
    "confidence" : 2
  }
},{
  "dateTime" : "04/11/21 15:28:47",
  "value" : {
    "bpm" : 96,
    "confidence" : 3
  }
},{
  "dateTime" : "04/11/21 15:28:48",
  "value" : {
    "bpm" : 95,
    "confidence" : 3
  }
},{
  "dateTime" : "04/11/21 15:28:49",
  "value" : {
    "bpm" : 94,
    "confidence" : 3
  }
},{
  "dateTime" : "04/11/21 15:28:50",
  "value" : {
    "bpm" : 94,
    "confidence" : 2
  }
},{
  "dateTime" : "04/11/21 15:28:53",
  "value" : {
    "bpm" : 94,
    "confidence" : 2
  }
},{
  "dateTime" : "04/11/21 15:28:54",
  "value" : {
    "bpm" : 95,
    "confidence" : 2
  }
},{
  "dateTime" : "04/11/21 15:28:56",
  "value" : {
    "bpm" : 96,
    "confidence" : 2
  }
},{
  "dateTime" : "04/11/21 15:28:57",
  "value" : {
    "bpm" : 97,
    "confidence" : 2
  }
},{
  "dateTime" : "04/11/21 15:28:59",
  "value" : {
    "bpm" : 98,
    "confidence" : 2
  }
},{
  "dateTime" : "04/11/21 15:29:00",
  "value" : {
    "bpm" : 99,
    "confidence" : 2
  }
},{
  "dateTime" : "04/11/21 15:29:02",
  "value" : {
    "bpm" : 100,
    "confidence" : 2
  }
},{
  "dateTime" : "04/11/21 15:29:05",
  "value" : {
    "bpm" : 100,
    "confidence" : 2
  }
},{
  "dateTime" : "04/11/21 15:29:06",
  "value" : {
    "bpm" : 99,
    "confidence" : 2
  }
},{
  "dateTime" : "04/11/21 15:29:09",
  "value" : {
    "bpm" : 98,
    "confidence" : 2
  }
},{
  "dateTime" : "04/11/21 15:29:11",
  "value" : {
    "bpm" : 97,
    "confidence" : 2
  }
},{
  "dateTime" : "04/11/21 15:29:14",
  "value" : {
    "bpm" : 96,
    "confidence" : 3
  }
},{
  "dateTime" : "04/11/21 15:29:15",
  "value" : {
    "bpm" : 96,
    "confidence" : 2
  }
},{
  "dateTime" : "04/11/21 15:29:18",
  "value" : {
    "bpm" : 96,
    "confidence" : 2
  }
},{
  "dateTime" : "04/11/21 15:29:19",
  "value" : {
    "bpm" : 96,
    "confidence" : 2
  }
},{
  "dateTime" : "04/11/21 15:29:22",
  "value" : {
    "bpm" : 95,
    "confidence" : 2
  }
},{
  "dateTime" : "04/11/21 15:29:25",
  "value" : {
    "bpm" : 95,
    "confidence" : 2
  }
},{
  "dateTime" : "04/11/21 15:29:28",
  "value" : {
    "bpm" : 96,
    "confidence" : 2
  }
},{
  "dateTime" : "04/11/21 15:29:30",
  "value" : {
    "bpm" : 97,
    "confidence" : 2
  }
},{
  "dateTime" : "04/11/21 15:29:31",
  "value" : {
    "bpm" : 98,
    "confidence" : 2
  }
},{
  "dateTime" : "04/11/21 15:29:33",
  "value" : {
    "bpm" : 99,
    "confidence" : 2
  }
},{
  "dateTime" : "04/11/21 15:29:36",
  "value" : {
    "bpm" : 100,
    "confidence" : 2
  }
},{
  "dateTime" : "04/11/21 15:29:37",
  "value" : {
    "bpm" : 101,
    "confidence" : 2
  }
},{
  "dateTime" : "04/11/21 15:29:39",
  "value" : {
    "bpm" : 102,
    "confidence" : 2
  }
},{
  "dateTime" : "04/11/21 15:29:40",
  "value" : {
    "bpm" : 101,
    "confidence" : 2
  }
},{
  "dateTime" : "04/11/21 15:29:41",
  "value" : {
    "bpm" : 100,
    "confidence" : 2
  }
},{
  "dateTime" : "04/11/21 15:29:43",
  "value" : {
    "bpm" : 99,
    "confidence" : 2
  }
},{
  "dateTime" : "04/11/21 15:29:44",
  "value" : {
    "bpm" : 98,
    "confidence" : 2
  }
},{
  "dateTime" : "04/11/21 15:29:45",
  "value" : {
    "bpm" : 97,
    "confidence" : 2
  }
},{
  "dateTime" : "04/11/21 15:29:46",
  "value" : {
    "bpm" : 95,
    "confidence" : 3
  }
},{
  "dateTime" : "04/11/21 15:29:47",
  "value" : {
    "bpm" : 94,
    "confidence" : 3
  }
},{
  "dateTime" : "04/11/21 15:29:48",
  "value" : {
    "bpm" : 93,
    "confidence" : 3
  }
},{
  "dateTime" : "04/11/21 15:29:50",
  "value" : {
    "bpm" : 92,
    "confidence" : 2
  }
},{
  "dateTime" : "04/11/21 15:29:53",
  "value" : {
    "bpm" : 92,
    "confidence" : 2
  }
},{
  "dateTime" : "04/11/21 15:29:54",
  "value" : {
    "bpm" : 92,
    "confidence" : 3
  }
},{
  "dateTime" : "04/11/21 15:29:57",
  "value" : {
    "bpm" : 92,
    "confidence" : 2
  }
},{
  "dateTime" : "04/11/21 15:30:00",
  "value" : {
    "bpm" : 92,
    "confidence" : 2
  }
},{
  "dateTime" : "04/11/21 15:30:03",
  "value" : {
    "bpm" : 92,
    "confidence" : 2
  }
},{
  "dateTime" : "04/11/21 15:30:04",
  "value" : {
    "bpm" : 93,
    "confidence" : 2
  }
},{
  "dateTime" : "04/11/21 15:30:06",
  "value" : {
    "bpm" : 94,
    "confidence" : 2
  }
},{
  "dateTime" : "04/11/21 15:30:07",
  "value" : {
    "bpm" : 95,
    "confidence" : 2
  }
},{
  "dateTime" : "04/11/21 15:30:08",
  "value" : {
    "bpm" : 96,
    "confidence" : 2
  }
},{
  "dateTime" : "04/11/21 15:30:10",
  "value" : {
    "bpm" : 97,
    "confidence" : 2
  }
},{
  "dateTime" : "04/11/21 15:30:12",
  "value" : {
    "bpm" : 98,
    "confidence" : 2
  }
},{
  "dateTime" : "04/11/21 15:30:13",
  "value" : {
    "bpm" : 97,
    "confidence" : 2
  }
},{
  "dateTime" : "04/11/21 15:30:15",
  "value" : {
    "bpm" : 96,
    "confidence" : 2
  }
},{
  "dateTime" : "04/11/21 15:30:17",
  "value" : {
    "bpm" : 95,
    "confidence" : 2
  }
},{
  "dateTime" : "04/11/21 15:30:18",
  "value" : {
    "bpm" : 94,
    "confidence" : 2
  }
},{
  "dateTime" : "04/11/21 15:30:21",
  "value" : {
    "bpm" : 93,
    "confidence" : 2
  }
},{
  "dateTime" : "04/11/21 15:30:24",
  "value" : {
    "bpm" : 93,
    "confidence" : 2
  }
},{
  "dateTime" : "04/11/21 15:30:25",
  "value" : {
    "bpm" : 94,
    "confidence" : 3
  }
},{
  "dateTime" : "04/11/21 15:30:26",
  "value" : {
    "bpm" : 95,
    "confidence" : 3
  }
},{
  "dateTime" : "04/11/21 15:30:27",
  "value" : {
    "bpm" : 95,
    "confidence" : 2
  }
},{
  "dateTime" : "04/11/21 15:30:30",
  "value" : {
    "bpm" : 95,
    "confidence" : 2
  }
},{
  "dateTime" : "04/11/21 15:30:32",
  "value" : {
    "bpm" : 96,
    "confidence" : 2
  }
},{
  "dateTime" : "04/11/21 15:30:35",
  "value" : {
    "bpm" : 96,
    "confidence" : 2
  }
},{
  "dateTime" : "04/11/21 15:30:36",
  "value" : {
    "bpm" : 97,
    "confidence" : 2
  }
},{
  "dateTime" : "04/11/21 15:30:39",
  "value" : {
    "bpm" : 98,
    "confidence" : 2
  }
},{
  "dateTime" : "04/11/21 15:30:40",
  "value" : {
    "bpm" : 99,
    "confidence" : 2
  }
},{
  "dateTime" : "04/11/21 15:30:41",
  "value" : {
    "bpm" : 100,
    "confidence" : 2
  }
},{
  "dateTime" : "04/11/21 15:30:42",
  "value" : {
    "bpm" : 101,
    "confidence" : 2
  }
},{
  "dateTime" : "04/11/21 15:30:45",
  "value" : {
    "bpm" : 102,
    "confidence" : 2
  }
},{
  "dateTime" : "04/11/21 15:30:48",
  "value" : {
    "bpm" : 102,
    "confidence" : 2
  }
},{
  "dateTime" : "04/11/21 15:30:51",
  "value" : {
    "bpm" : 103,
    "confidence" : 2
  }
},{
  "dateTime" : "04/11/21 15:30:53",
  "value" : {
    "bpm" : 102,
    "confidence" : 2
  }
},{
  "dateTime" : "04/11/21 15:30:54",
  "value" : {
    "bpm" : 101,
    "confidence" : 2
  }
},{
  "dateTime" : "04/11/21 15:30:56",
  "value" : {
    "bpm" : 100,
    "confidence" : 2
  }
},{
  "dateTime" : "04/11/21 15:30:57",
  "value" : {
    "bpm" : 99,
    "confidence" : 2
  }
},{
  "dateTime" : "04/11/21 15:30:58",
  "value" : {
    "bpm" : 99,
    "confidence" : 2
  }
},{
  "dateTime" : "04/11/21 15:31:00",
  "value" : {
    "bpm" : 98,
    "confidence" : 2
  }
},{
  "dateTime" : "04/11/21 15:31:02",
  "value" : {
    "bpm" : 97,
    "confidence" : 2
  }
},{
  "dateTime" : "04/11/21 15:31:04",
  "value" : {
    "bpm" : 96,
    "confidence" : 2
  }
},{
  "dateTime" : "04/11/21 15:31:05",
  "value" : {
    "bpm" : 95,
    "confidence" : 3
  }
},{
  "dateTime" : "04/11/21 15:31:07",
  "value" : {
    "bpm" : 94,
    "confidence" : 3
  }
},{
  "dateTime" : "04/11/21 15:31:09",
  "value" : {
    "bpm" : 94,
    "confidence" : 2
  }
},{
  "dateTime" : "04/11/21 15:31:12",
  "value" : {
    "bpm" : 94,
    "confidence" : 2
  }
},{
  "dateTime" : "04/11/21 15:31:15",
  "value" : {
    "bpm" : 94,
    "confidence" : 2
  }
},{
  "dateTime" : "04/11/21 15:31:18",
  "value" : {
    "bpm" : 94,
    "confidence" : 2
  }
},{
  "dateTime" : "04/11/21 15:31:19",
  "value" : {
    "bpm" : 95,
    "confidence" : 2
  }
},{
  "dateTime" : "04/11/21 15:31:20",
  "value" : {
    "bpm" : 96,
    "confidence" : 2
  }
},{
  "dateTime" : "04/11/21 15:31:21",
  "value" : {
    "bpm" : 97,
    "confidence" : 2
  }
},{
  "dateTime" : "04/11/21 15:31:22",
  "value" : {
    "bpm" : 98,
    "confidence" : 2
  }
},{
  "dateTime" : "04/11/21 15:31:25",
  "value" : {
    "bpm" : 98,
    "confidence" : 2
  }
},{
  "dateTime" : "04/11/21 15:31:28",
  "value" : {
    "bpm" : 99,
    "confidence" : 2
  }
},{
  "dateTime" : "04/11/21 15:31:29",
  "value" : {
    "bpm" : 97,
    "confidence" : 3
  }
},{
  "dateTime" : "04/11/21 15:31:30",
  "value" : {
    "bpm" : 96,
    "confidence" : 3
  }
},{
  "dateTime" : "04/11/21 15:31:31",
  "value" : {
    "bpm" : 96,
    "confidence" : 2
  }
},{
  "dateTime" : "04/11/21 15:31:33",
  "value" : {
    "bpm" : 95,
    "confidence" : 2
  }
},{
  "dateTime" : "04/11/21 15:31:36",
  "value" : {
    "bpm" : 95,
    "confidence" : 2
  }
},{
  "dateTime" : "04/11/21 15:31:39",
  "value" : {
    "bpm" : 95,
    "confidence" : 2
  }
},{
  "dateTime" : "04/11/21 15:31:41",
  "value" : {
    "bpm" : 96,
    "confidence" : 2
  }
},{
  "dateTime" : "04/11/21 15:31:44",
  "value" : {
    "bpm" : 96,
    "confidence" : 2
  }
},{
  "dateTime" : "04/11/21 15:31:47",
  "value" : {
    "bpm" : 96,
    "confidence" : 2
  }
},{
  "dateTime" : "04/11/21 15:31:50",
  "value" : {
    "bpm" : 96,
    "confidence" : 2
  }
},{
  "dateTime" : "04/11/21 15:31:51",
  "value" : {
    "bpm" : 95,
    "confidence" : 2
  }
},{
  "dateTime" : "04/11/21 15:31:52",
  "value" : {
    "bpm" : 95,
    "confidence" : 2
  }
},{
  "dateTime" : "04/11/21 15:31:55",
  "value" : {
    "bpm" : 95,
    "confidence" : 2
  }
},{
  "dateTime" : "04/11/21 15:31:57",
  "value" : {
    "bpm" : 96,
    "confidence" : 2
  }
},{
  "dateTime" : "04/11/21 15:31:58",
  "value" : {
    "bpm" : 97,
    "confidence" : 2
  }
},{
  "dateTime" : "04/11/21 15:32:01",
  "value" : {
    "bpm" : 97,
    "confidence" : 2
  }
},{
  "dateTime" : "04/11/21 15:32:04",
  "value" : {
    "bpm" : 97,
    "confidence" : 2
  }
},{
  "dateTime" : "04/11/21 15:32:05",
  "value" : {
    "bpm" : 98,
    "confidence" : 2
  }
},{
  "dateTime" : "04/11/21 15:32:07",
  "value" : {
    "bpm" : 99,
    "confidence" : 2
  }
},{
  "dateTime" : "04/11/21 15:32:08",
  "value" : {
    "bpm" : 100,
    "confidence" : 2
  }
},{
  "dateTime" : "04/11/21 15:32:09",
  "value" : {
    "bpm" : 101,
    "confidence" : 2
  }
},{
  "dateTime" : "04/11/21 15:32:10",
  "value" : {
    "bpm" : 100,
    "confidence" : 2
  }
},{
  "dateTime" : "04/11/21 15:32:13",
  "value" : {
    "bpm" : 100,
    "confidence" : 2
  }
},{
  "dateTime" : "04/11/21 15:32:15",
  "value" : {
    "bpm" : 94,
    "confidence" : 3
  }
},{
  "dateTime" : "04/11/21 15:32:16",
  "value" : {
    "bpm" : 94,
    "confidence" : 2
  }
},{
  "dateTime" : "04/11/21 15:32:17",
  "value" : {
    "bpm" : 93,
    "confidence" : 2
  }
},{
  "dateTime" : "04/11/21 15:32:18",
  "value" : {
    "bpm" : 92,
    "confidence" : 3
  }
},{
  "dateTime" : "04/11/21 15:32:19",
  "value" : {
    "bpm" : 91,
    "confidence" : 2
  }
},{
  "dateTime" : "04/11/21 15:32:21",
  "value" : {
    "bpm" : 90,
    "confidence" : 2
  }
},{
  "dateTime" : "04/11/21 15:32:24",
  "value" : {
    "bpm" : 92,
    "confidence" : 2
  }
},{
  "dateTime" : "04/11/21 15:32:25",
  "value" : {
    "bpm" : 93,
    "confidence" : 2
  }
},{
  "dateTime" : "04/11/21 15:32:26",
  "value" : {
    "bpm" : 94,
    "confidence" : 2
  }
},{
  "dateTime" : "04/11/21 15:32:29",
  "value" : {
    "bpm" : 93,
    "confidence" : 2
  }
},{
  "dateTime" : "04/11/21 15:32:31",
  "value" : {
    "bpm" : 94,
    "confidence" : 2
  }
},{
  "dateTime" : "04/11/21 15:32:32",
  "value" : {
    "bpm" : 95,
    "confidence" : 2
  }
},{
  "dateTime" : "04/11/21 15:32:33",
  "value" : {
    "bpm" : 96,
    "confidence" : 2
  }
},{
  "dateTime" : "04/11/21 15:32:34",
  "value" : {
    "bpm" : 97,
    "confidence" : 2
  }
},{
  "dateTime" : "04/11/21 15:32:35",
  "value" : {
    "bpm" : 98,
    "confidence" : 2
  }
},{
  "dateTime" : "04/11/21 15:32:36",
  "value" : {
    "bpm" : 99,
    "confidence" : 2
  }
},{
  "dateTime" : "04/11/21 15:32:37",
  "value" : {
    "bpm" : 100,
    "confidence" : 2
  }
},{
  "dateTime" : "04/11/21 15:32:40",
  "value" : {
    "bpm" : 100,
    "confidence" : 2
  }
},{
  "dateTime" : "04/11/21 15:32:43",
  "value" : {
    "bpm" : 102,
    "confidence" : 2
  }
},{
  "dateTime" : "04/11/21 15:32:44",
  "value" : {
    "bpm" : 104,
    "confidence" : 2
  }
},{
  "dateTime" : "04/11/21 15:32:45",
  "value" : {
    "bpm" : 106,
    "confidence" : 2
  }
},{
  "dateTime" : "04/11/21 15:32:47",
  "value" : {
    "bpm" : 105,
    "confidence" : 2
  }
},{
  "dateTime" : "04/11/21 15:32:49",
  "value" : {
    "bpm" : 106,
    "confidence" : 2
  }
},{
  "dateTime" : "04/11/21 15:32:50",
  "value" : {
    "bpm" : 105,
    "confidence" : 2
  }
},{
  "dateTime" : "04/11/21 15:32:52",
  "value" : {
    "bpm" : 107,
    "confidence" : 2
  }
},{
  "dateTime" : "04/11/21 15:32:53",
  "value" : {
    "bpm" : 106,
    "confidence" : 2
  }
},{
  "dateTime" : "04/11/21 15:32:55",
  "value" : {
    "bpm" : 105,
    "confidence" : 2
  }
},{
  "dateTime" : "04/11/21 15:32:58",
  "value" : {
    "bpm" : 106,
    "confidence" : 2
  }
},{
  "dateTime" : "04/11/21 15:32:59",
  "value" : {
    "bpm" : 108,
    "confidence" : 2
  }
},{
  "dateTime" : "04/11/21 15:33:01",
  "value" : {
    "bpm" : 109,
    "confidence" : 2
  }
},{
  "dateTime" : "04/11/21 15:33:04",
  "value" : {
    "bpm" : 109,
    "confidence" : 2
  }
},{
  "dateTime" : "04/11/21 15:33:05",
  "value" : {
    "bpm" : 110,
    "confidence" : 2
  }
},{
  "dateTime" : "04/11/21 15:33:08",
  "value" : {
    "bpm" : 111,
    "confidence" : 2
  }
},{
  "dateTime" : "04/11/21 15:33:09",
  "value" : {
    "bpm" : 113,
    "confidence" : 2
  }
},{
  "dateTime" : "04/11/21 15:33:12",
  "value" : {
    "bpm" : 113,
    "confidence" : 2
  }
},{
  "dateTime" : "04/11/21 15:33:15",
  "value" : {
    "bpm" : 113,
    "confidence" : 2
  }
},{
  "dateTime" : "04/11/21 15:33:18",
  "value" : {
    "bpm" : 113,
    "confidence" : 2
  }
},{
  "dateTime" : "04/11/21 15:33:21",
  "value" : {
    "bpm" : 113,
    "confidence" : 1
  }
},{
  "dateTime" : "04/11/21 15:33:24",
  "value" : {
    "bpm" : 112,
    "confidence" : 1
  }
},{
  "dateTime" : "04/11/21 15:33:25",
  "value" : {
    "bpm" : 113,
    "confidence" : 1
  }
},{
  "dateTime" : "04/11/21 15:33:26",
  "value" : {
    "bpm" : 112,
    "confidence" : 1
  }
},{
  "dateTime" : "04/11/21 15:33:28",
  "value" : {
    "bpm" : 110,
    "confidence" : 2
  }
},{
  "dateTime" : "04/11/21 15:33:29",
  "value" : {
    "bpm" : 108,
    "confidence" : 2
  }
},{
  "dateTime" : "04/11/21 15:33:31",
  "value" : {
    "bpm" : 107,
    "confidence" : 2
  }
},{
  "dateTime" : "04/11/21 15:33:34",
  "value" : {
    "bpm" : 107,
    "confidence" : 2
  }
},{
  "dateTime" : "04/11/21 15:33:35",
  "value" : {
    "bpm" : 106,
    "confidence" : 2
  }
},{
  "dateTime" : "04/11/21 15:33:38",
  "value" : {
    "bpm" : 107,
    "confidence" : 2
  }
},{
  "dateTime" : "04/11/21 15:33:39",
  "value" : {
    "bpm" : 109,
    "confidence" : 2
  }
},{
  "dateTime" : "04/11/21 15:33:42",
  "value" : {
    "bpm" : 111,
    "confidence" : 2
  }
},{
  "dateTime" : "04/11/21 15:33:43",
  "value" : {
    "bpm" : 113,
    "confidence" : 2
  }
},{
  "dateTime" : "04/11/21 15:33:44",
  "value" : {
    "bpm" : 115,
    "confidence" : 1
  }
},{
  "dateTime" : "04/11/21 15:33:45",
  "value" : {
    "bpm" : 117,
    "confidence" : 1
  }
},{
  "dateTime" : "04/11/21 15:33:46",
  "value" : {
    "bpm" : 119,
    "confidence" : 1
  }
},{
  "dateTime" : "04/11/21 15:33:47",
  "value" : {
    "bpm" : 120,
    "confidence" : 1
  }
},{
  "dateTime" : "04/11/21 15:33:48",
  "value" : {
    "bpm" : 122,
    "confidence" : 1
  }
},{
  "dateTime" : "04/11/21 15:33:50",
  "value" : {
    "bpm" : 121,
    "confidence" : 1
  }
},{
  "dateTime" : "04/11/21 15:33:51",
  "value" : {
    "bpm" : 117,
    "confidence" : 1
  }
},{
  "dateTime" : "04/11/21 15:33:52",
  "value" : {
    "bpm" : 114,
    "confidence" : 2
  }
},{
  "dateTime" : "04/11/21 15:33:53",
  "value" : {
    "bpm" : 111,
    "confidence" : 2
  }
},{
  "dateTime" : "04/11/21 15:33:56",
  "value" : {
    "bpm" : 111,
    "confidence" : 2
  }
},{
  "dateTime" : "04/11/21 15:33:58",
  "value" : {
    "bpm" : 112,
    "confidence" : 2
  }
},{
  "dateTime" : "04/11/21 15:33:59",
  "value" : {
    "bpm" : 113,
    "confidence" : 2
  }
},{
  "dateTime" : "04/11/21 15:34:00",
  "value" : {
    "bpm" : 114,
    "confidence" : 2
  }
},{
  "dateTime" : "04/11/21 15:34:01",
  "value" : {
    "bpm" : 115,
    "confidence" : 2
  }
},{
  "dateTime" : "04/11/21 15:34:02",
  "value" : {
    "bpm" : 116,
    "confidence" : 2
  }
},{
  "dateTime" : "04/11/21 15:34:04",
  "value" : {
    "bpm" : 117,
    "confidence" : 2
  }
},{
  "dateTime" : "04/11/21 15:34:05",
  "value" : {
    "bpm" : 118,
    "confidence" : 2
  }
},{
  "dateTime" : "04/11/21 15:34:06",
  "value" : {
    "bpm" : 120,
    "confidence" : 2
  }
},{
  "dateTime" : "04/11/21 15:34:08",
  "value" : {
    "bpm" : 118,
    "confidence" : 3
  }
},{
  "dateTime" : "04/11/21 15:34:09",
  "value" : {
    "bpm" : 116,
    "confidence" : 3
  }
},{
  "dateTime" : "04/11/21 15:34:10",
  "value" : {
    "bpm" : 116,
    "confidence" : 2
  }
},{
  "dateTime" : "04/11/21 15:34:11",
  "value" : {
    "bpm" : 115,
    "confidence" : 2
  }
},{
  "dateTime" : "04/11/21 15:34:14",
  "value" : {
    "bpm" : 115,
    "confidence" : 2
  }
},{
  "dateTime" : "04/11/21 15:34:17",
  "value" : {
    "bpm" : 115,
    "confidence" : 2
  }
},{
  "dateTime" : "04/11/21 15:34:18",
  "value" : {
    "bpm" : 114,
    "confidence" : 2
  }
},{
  "dateTime" : "04/11/21 15:34:20",
  "value" : {
    "bpm" : 113,
    "confidence" : 2
  }
},{
  "dateTime" : "04/11/21 15:34:22",
  "value" : {
    "bpm" : 112,
    "confidence" : 2
  }
},{
  "dateTime" : "04/11/21 15:34:24",
  "value" : {
    "bpm" : 111,
    "confidence" : 2
  }
},{
  "dateTime" : "04/11/21 15:34:26",
  "value" : {
    "bpm" : 112,
    "confidence" : 2
  }
},{
  "dateTime" : "04/11/21 15:34:28",
  "value" : {
    "bpm" : 113,
    "confidence" : 2
  }
},{
  "dateTime" : "04/11/21 15:34:31",
  "value" : {
    "bpm" : 114,
    "confidence" : 2
  }
},{
  "dateTime" : "04/11/21 15:34:34",
  "value" : {
    "bpm" : 114,
    "confidence" : 2
  }
},{
  "dateTime" : "04/11/21 15:34:36",
  "value" : {
    "bpm" : 115,
    "confidence" : 2
  }
},{
  "dateTime" : "04/11/21 15:34:37",
  "value" : {
    "bpm" : 116,
    "confidence" : 2
  }
},{
  "dateTime" : "04/11/21 15:34:39",
  "value" : {
    "bpm" : 115,
    "confidence" : 2
  }
},{
  "dateTime" : "04/11/21 15:34:41",
  "value" : {
    "bpm" : 114,
    "confidence" : 2
  }
},{
  "dateTime" : "04/11/21 15:34:42",
  "value" : {
    "bpm" : 115,
    "confidence" : 2
  }
},{
  "dateTime" : "04/11/21 15:34:44",
  "value" : {
    "bpm" : 116,
    "confidence" : 2
  }
},{
  "dateTime" : "04/11/21 15:34:47",
  "value" : {
    "bpm" : 117,
    "confidence" : 2
  }
},{
  "dateTime" : "04/11/21 15:34:49",
  "value" : {
    "bpm" : 118,
    "confidence" : 2
  }
},{
  "dateTime" : "04/11/21 15:34:52",
  "value" : {
    "bpm" : 118,
    "confidence" : 2
  }
},{
  "dateTime" : "04/11/21 15:34:53",
  "value" : {
    "bpm" : 120,
    "confidence" : 2
  }
},{
  "dateTime" : "04/11/21 15:34:54",
  "value" : {
    "bpm" : 121,
    "confidence" : 2
  }
},{
  "dateTime" : "04/11/21 15:34:57",
  "value" : {
    "bpm" : 120,
    "confidence" : 2
  }
},{
  "dateTime" : "04/11/21 15:34:58",
  "value" : {
    "bpm" : 119,
    "confidence" : 2
  }
},{
  "dateTime" : "04/11/21 15:34:59",
  "value" : {
    "bpm" : 118,
    "confidence" : 2
  }
},{
  "dateTime" : "04/11/21 15:35:00",
  "value" : {
    "bpm" : 118,
    "confidence" : 2
  }
},{
  "dateTime" : "04/11/21 15:35:02",
  "value" : {
    "bpm" : 117,
    "confidence" : 2
  }
},{
  "dateTime" : "04/11/21 15:35:04",
  "value" : {
    "bpm" : 116,
    "confidence" : 2
  }
},{
  "dateTime" : "04/11/21 15:35:05",
  "value" : {
    "bpm" : 115,
    "confidence" : 2
  }
},{
  "dateTime" : "04/11/21 15:35:07",
  "value" : {
    "bpm" : 118,
    "confidence" : 2
  }
},{
  "dateTime" : "04/11/21 15:35:08",
  "value" : {
    "bpm" : 120,
    "confidence" : 2
  }
},{
  "dateTime" : "04/11/21 15:35:09",
  "value" : {
    "bpm" : 122,
    "confidence" : 2
  }
},{
  "dateTime" : "04/11/21 15:35:11",
  "value" : {
    "bpm" : 121,
    "confidence" : 2
  }
},{
  "dateTime" : "04/11/21 15:35:12",
  "value" : {
    "bpm" : 120,
    "confidence" : 2
  }
},{
  "dateTime" : "04/11/21 15:35:13",
  "value" : {
    "bpm" : 121,
    "confidence" : 2
  }
},{
  "dateTime" : "04/11/21 15:35:14",
  "value" : {
    "bpm" : 122,
    "confidence" : 2
  }
},{
  "dateTime" : "04/11/21 15:35:15",
  "value" : {
    "bpm" : 124,
    "confidence" : 2
  }
},{
  "dateTime" : "04/11/21 15:35:17",
  "value" : {
    "bpm" : 123,
    "confidence" : 2
  }
},{
  "dateTime" : "04/11/21 15:35:18",
  "value" : {
    "bpm" : 122,
    "confidence" : 2
  }
},{
  "dateTime" : "04/11/21 15:35:20",
  "value" : {
    "bpm" : 121,
    "confidence" : 2
  }
},{
  "dateTime" : "04/11/21 15:35:21",
  "value" : {
    "bpm" : 119,
    "confidence" : 2
  }
},{
  "dateTime" : "04/11/21 15:35:23",
  "value" : {
    "bpm" : 122,
    "confidence" : 2
  }
},{
  "dateTime" : "04/11/21 15:35:25",
  "value" : {
    "bpm" : 124,
    "confidence" : 2
  }
},{
  "dateTime" : "04/11/21 15:35:28",
  "value" : {
    "bpm" : 124,
    "confidence" : 2
  }
},{
  "dateTime" : "04/11/21 15:35:31",
  "value" : {
    "bpm" : 124,
    "confidence" : 2
  }
},{
  "dateTime" : "04/11/21 15:35:32",
  "value" : {
    "bpm" : 125,
    "confidence" : 2
  }
},{
  "dateTime" : "04/11/21 15:35:33",
  "value" : {
    "bpm" : 126,
    "confidence" : 2
  }
},{
  "dateTime" : "04/11/21 15:35:35",
  "value" : {
    "bpm" : 127,
    "confidence" : 2
  }
},{
  "dateTime" : "04/11/21 15:35:37",
  "value" : {
    "bpm" : 128,
    "confidence" : 1
  }
},{
  "dateTime" : "04/11/21 15:35:40",
  "value" : {
    "bpm" : 127,
    "confidence" : 1
  }
},{
  "dateTime" : "04/11/21 15:35:43",
  "value" : {
    "bpm" : 126,
    "confidence" : 1
  }
},{
  "dateTime" : "04/11/21 15:35:46",
  "value" : {
    "bpm" : 125,
    "confidence" : 1
  }
},{
  "dateTime" : "04/11/21 15:35:47",
  "value" : {
    "bpm" : 125,
    "confidence" : 1
  }
},{
  "dateTime" : "04/11/21 15:35:49",
  "value" : {
    "bpm" : 124,
    "confidence" : 1
  }
},{
  "dateTime" : "04/11/21 15:35:52",
  "value" : {
    "bpm" : 120,
    "confidence" : 1
  }
},{
  "dateTime" : "04/11/21 15:35:53",
  "value" : {
    "bpm" : 116,
    "confidence" : 1
  }
},{
  "dateTime" : "04/11/21 15:35:54",
  "value" : {
    "bpm" : 114,
    "confidence" : 1
  }
},{
  "dateTime" : "04/11/21 15:35:57",
  "value" : {
    "bpm" : 113,
    "confidence" : 1
  }
},{
  "dateTime" : "04/11/21 15:35:58",
  "value" : {
    "bpm" : 107,
    "confidence" : 3
  }
},{
  "dateTime" : "04/11/21 15:35:59",
  "value" : {
    "bpm" : 106,
    "confidence" : 1
  }
},{
  "dateTime" : "04/11/21 15:36:00",
  "value" : {
    "bpm" : 105,
    "confidence" : 1
  }
},{
  "dateTime" : "04/11/21 15:36:02",
  "value" : {
    "bpm" : 104,
    "confidence" : 1
  }
},{
  "dateTime" : "04/11/21 15:36:04",
  "value" : {
    "bpm" : 103,
    "confidence" : 1
  }
},{
  "dateTime" : "04/11/21 15:36:06",
  "value" : {
    "bpm" : 101,
    "confidence" : 2
  }
},{
  "dateTime" : "04/11/21 15:36:08",
  "value" : {
    "bpm" : 100,
    "confidence" : 2
  }
},{
  "dateTime" : "04/11/21 15:36:11",
  "value" : {
    "bpm" : 100,
    "confidence" : 2
  }
},{
  "dateTime" : "04/11/21 15:36:12",
  "value" : {
    "bpm" : 101,
    "confidence" : 2
  }
},{
  "dateTime" : "04/11/21 15:36:15",
  "value" : {
    "bpm" : 101,
    "confidence" : 2
  }
},{
  "dateTime" : "04/11/21 15:36:17",
  "value" : {
    "bpm" : 102,
    "confidence" : 2
  }
},{
  "dateTime" : "04/11/21 15:36:18",
  "value" : {
    "bpm" : 103,
    "confidence" : 2
  }
},{
  "dateTime" : "04/11/21 15:36:19",
  "value" : {
    "bpm" : 104,
    "confidence" : 2
  }
},{
  "dateTime" : "04/11/21 15:36:20",
  "value" : {
    "bpm" : 105,
    "confidence" : 2
  }
},{
  "dateTime" : "04/11/21 15:36:21",
  "value" : {
    "bpm" : 106,
    "confidence" : 2
  }
},{
  "dateTime" : "04/11/21 15:36:22",
  "value" : {
    "bpm" : 107,
    "confidence" : 2
  }
},{
  "dateTime" : "04/11/21 15:36:23",
  "value" : {
    "bpm" : 108,
    "confidence" : 2
  }
},{
  "dateTime" : "04/11/21 15:36:24",
  "value" : {
    "bpm" : 109,
    "confidence" : 2
  }
},{
  "dateTime" : "04/11/21 15:36:25",
  "value" : {
    "bpm" : 108,
    "confidence" : 2
  }
},{
  "dateTime" : "04/11/21 15:36:28",
  "value" : {
    "bpm" : 108,
    "confidence" : 2
  }
},{
  "dateTime" : "04/11/21 15:36:31",
  "value" : {
    "bpm" : 108,
    "confidence" : 2
  }
},{
  "dateTime" : "04/11/21 15:36:32",
  "value" : {
    "bpm" : 108,
    "confidence" : 2
  }
},{
  "dateTime" : "04/11/21 15:36:35",
  "value" : {
    "bpm" : 108,
    "confidence" : 2
  }
},{
  "dateTime" : "04/11/21 15:36:38",
  "value" : {
    "bpm" : 108,
    "confidence" : 2
  }
},{
  "dateTime" : "04/11/21 15:36:39",
  "value" : {
    "bpm" : 107,
    "confidence" : 2
  }
},{
  "dateTime" : "04/11/21 15:36:41",
  "value" : {
    "bpm" : 102,
    "confidence" : 3
  }
},{
  "dateTime" : "04/11/21 15:36:42",
  "value" : {
    "bpm" : 101,
    "confidence" : 3
  }
},{
  "dateTime" : "04/11/21 15:36:43",
  "value" : {
    "bpm" : 100,
    "confidence" : 3
  }
},{
  "dateTime" : "04/11/21 15:36:44",
  "value" : {
    "bpm" : 100,
    "confidence" : 2
  }
},{
  "dateTime" : "04/11/21 15:36:45",
  "value" : {
    "bpm" : 99,
    "confidence" : 2
  }
},{
  "dateTime" : "04/11/21 15:36:47",
  "value" : {
    "bpm" : 98,
    "confidence" : 2
  }
},{
  "dateTime" : "04/11/21 15:36:50",
  "value" : {
    "bpm" : 92,
    "confidence" : 3
  }
},{
  "dateTime" : "04/11/21 15:36:51",
  "value" : {
    "bpm" : 91,
    "confidence" : 3
  }
},{
  "dateTime" : "04/11/21 15:36:52",
  "value" : {
    "bpm" : 89,
    "confidence" : 3
  }
},{
  "dateTime" : "04/11/21 15:36:53",
  "value" : {
    "bpm" : 88,
    "confidence" : 3
  }
},{
  "dateTime" : "04/11/21 15:36:54",
  "value" : {
    "bpm" : 87,
    "confidence" : 3
  }
},{
  "dateTime" : "04/11/21 15:36:55",
  "value" : {
    "bpm" : 86,
    "confidence" : 3
  }
},{
  "dateTime" : "04/11/21 15:36:56",
  "value" : {
    "bpm" : 84,
    "confidence" : 3
  }
},{
  "dateTime" : "04/11/21 15:36:58",
  "value" : {
    "bpm" : 83,
    "confidence" : 3
  }
},{
  "dateTime" : "04/11/21 15:37:00",
  "value" : {
    "bpm" : 83,
    "confidence" : 2
  }
},{
  "dateTime" : "04/11/21 15:37:01",
  "value" : {
    "bpm" : 82,
    "confidence" : 3
  }
},{
  "dateTime" : "04/11/21 15:37:02",
  "value" : {
    "bpm" : 82,
    "confidence" : 2
  }
},{
  "dateTime" : "04/11/21 15:37:03",
  "value" : {
    "bpm" : 82,
    "confidence" : 3
  }
},{
  "dateTime" : "04/11/21 15:37:06",
  "value" : {
    "bpm" : 82,
    "confidence" : 3
  }
},{
  "dateTime" : "04/11/21 15:37:08",
  "value" : {
    "bpm" : 82,
    "confidence" : 2
  }
},{
  "dateTime" : "04/11/21 15:37:11",
  "value" : {
    "bpm" : 82,
    "confidence" : 2
  }
},{
  "dateTime" : "04/11/21 15:37:12",
  "value" : {
    "bpm" : 83,
    "confidence" : 3
  }
},{
  "dateTime" : "04/11/21 15:37:13",
  "value" : {
    "bpm" : 83,
    "confidence" : 2
  }
},{
  "dateTime" : "04/11/21 15:37:14",
  "value" : {
    "bpm" : 83,
    "confidence" : 2
  }
},{
  "dateTime" : "04/11/21 15:37:17",
  "value" : {
    "bpm" : 83,
    "confidence" : 2
  }
},{
  "dateTime" : "04/11/21 15:37:23",
  "value" : {
    "bpm" : 83,
    "confidence" : 2
  }
},{
  "dateTime" : "04/11/21 15:37:28",
  "value" : {
    "bpm" : 84,
    "confidence" : 2
  }
},{
  "dateTime" : "04/11/21 15:37:33",
  "value" : {
    "bpm" : 86,
    "confidence" : 2
  }
},{
  "dateTime" : "04/11/21 15:38:23",
  "value" : {
    "bpm" : 70,
    "confidence" : 0
  }
},{
  "dateTime" : "04/11/21 15:43:21",
  "value" : {
    "bpm" : 70,
    "confidence" : 0
  }
},{
  "dateTime" : "04/11/21 15:51:24",
  "value" : {
    "bpm" : 70,
    "confidence" : 0
  }
},{
  "dateTime" : "04/11/21 16:15:51",
  "value" : {
    "bpm" : 70,
    "confidence" : 0
  }
},{
  "dateTime" : "04/11/21 16:16:06",
  "value" : {
    "bpm" : 70,
    "confidence" : 0
  }
},{
  "dateTime" : "04/11/21 17:11:00",
  "value" : {
    "bpm" : 70,
    "confidence" : 0
  }
},{
  "dateTime" : "04/11/21 18:05:37",
  "value" : {
    "bpm" : 70,
    "confidence" : 0
  }
}]