[{
  "dateTime" : "09/13/20 15:18:20",
  "value" : {
    "bpm" : 70,
    "confidence" : 0
  }
},{
  "dateTime" : "09/13/20 15:18:30",
  "value" : {
    "bpm" : 72,
    "confidence" : 0
  }
},{
  "dateTime" : "09/13/20 17:20:18",
  "value" : {
    "bpm" : 70,
    "confidence" : 0
  }
},{
  "dateTime" : "09/13/20 17:20:28",
  "value" : {
    "bpm" : 77,
    "confidence" : 0
  }
},{
  "dateTime" : "09/13/20 17:20:33",
  "value" : {
    "bpm" : 95,
    "confidence" : 0
  }
},{
  "dateTime" : "09/13/20 17:20:38",
  "value" : {
    "bpm" : 93,
    "confidence" : 1
  }
},{
  "dateTime" : "09/13/20 18:15:29",
  "value" : {
    "bpm" : 70,
    "confidence" : 0
  }
},{
  "dateTime" : "09/13/20 19:10:06",
  "value" : {
    "bpm" : 70,
    "confidence" : 0
  }
}]