[{
  "dateTime" : "09/12/20 13:12:26",
  "value" : {
    "bpm" : 70,
    "confidence" : 0
  }
},{
  "dateTime" : "09/12/20 13:12:41",
  "value" : {
    "bpm" : 80,
    "confidence" : 0
  }
},{
  "dateTime" : "09/12/20 13:12:46",
  "value" : {
    "bpm" : 88,
    "confidence" : 1
  }
},{
  "dateTime" : "09/12/20 13:12:56",
  "value" : {
    "bpm" : 92,
    "confidence" : 1
  }
},{
  "dateTime" : "09/12/20 13:13:01",
  "value" : {
    "bpm" : 90,
    "confidence" : 1
  }
},{
  "dateTime" : "09/12/20 13:13:11",
  "value" : {
    "bpm" : 91,
    "confidence" : 1
  }
},{
  "dateTime" : "09/12/20 13:13:26",
  "value" : {
    "bpm" : 95,
    "confidence" : 1
  }
},{
  "dateTime" : "09/12/20 13:13:36",
  "value" : {
    "bpm" : 93,
    "confidence" : 1
  }
},{
  "dateTime" : "09/12/20 13:13:51",
  "value" : {
    "bpm" : 93,
    "confidence" : 1
  }
},{
  "dateTime" : "09/12/20 13:14:06",
  "value" : {
    "bpm" : 92,
    "confidence" : 1
  }
},{
  "dateTime" : "09/12/20 13:14:21",
  "value" : {
    "bpm" : 92,
    "confidence" : 1
  }
},{
  "dateTime" : "09/12/20 13:14:31",
  "value" : {
    "bpm" : 92,
    "confidence" : 2
  }
},{
  "dateTime" : "09/12/20 13:14:46",
  "value" : {
    "bpm" : 92,
    "confidence" : 2
  }
},{
  "dateTime" : "09/12/20 13:14:56",
  "value" : {
    "bpm" : 93,
    "confidence" : 2
  }
},{
  "dateTime" : "09/12/20 13:15:11",
  "value" : {
    "bpm" : 93,
    "confidence" : 2
  }
},{
  "dateTime" : "09/12/20 13:16:26",
  "value" : {
    "bpm" : 95,
    "confidence" : 1
  }
},{
  "dateTime" : "09/12/20 13:16:31",
  "value" : {
    "bpm" : 96,
    "confidence" : 1
  }
},{
  "dateTime" : "09/12/20 13:16:36",
  "value" : {
    "bpm" : 99,
    "confidence" : 1
  }
},{
  "dateTime" : "09/12/20 13:16:41",
  "value" : {
    "bpm" : 102,
    "confidence" : 1
  }
},{
  "dateTime" : "09/12/20 13:16:46",
  "value" : {
    "bpm" : 105,
    "confidence" : 1
  }
},{
  "dateTime" : "09/12/20 13:16:51",
  "value" : {
    "bpm" : 108,
    "confidence" : 1
  }
},{
  "dateTime" : "09/12/20 13:17:01",
  "value" : {
    "bpm" : 110,
    "confidence" : 1
  }
},{
  "dateTime" : "09/12/20 13:17:06",
  "value" : {
    "bpm" : 112,
    "confidence" : 1
  }
},{
  "dateTime" : "09/12/20 13:17:11",
  "value" : {
    "bpm" : 110,
    "confidence" : 1
  }
},{
  "dateTime" : "09/12/20 13:17:16",
  "value" : {
    "bpm" : 111,
    "confidence" : 1
  }
},{
  "dateTime" : "09/12/20 13:17:26",
  "value" : {
    "bpm" : 110,
    "confidence" : 1
  }
},{
  "dateTime" : "09/12/20 13:17:31",
  "value" : {
    "bpm" : 113,
    "confidence" : 1
  }
},{
  "dateTime" : "09/12/20 13:17:36",
  "value" : {
    "bpm" : 117,
    "confidence" : 1
  }
},{
  "dateTime" : "09/12/20 13:17:41",
  "value" : {
    "bpm" : 121,
    "confidence" : 1
  }
},{
  "dateTime" : "09/12/20 13:17:46",
  "value" : {
    "bpm" : 125,
    "confidence" : 0
  }
},{
  "dateTime" : "09/12/20 13:17:51",
  "value" : {
    "bpm" : 128,
    "confidence" : 0
  }
},{
  "dateTime" : "09/12/20 13:17:56",
  "value" : {
    "bpm" : 125,
    "confidence" : 0
  }
},{
  "dateTime" : "09/12/20 13:18:01",
  "value" : {
    "bpm" : 129,
    "confidence" : 0
  }
},{
  "dateTime" : "09/12/20 13:18:06",
  "value" : {
    "bpm" : 133,
    "confidence" : 0
  }
},{
  "dateTime" : "09/12/20 13:18:11",
  "value" : {
    "bpm" : 138,
    "confidence" : 0
  }
},{
  "dateTime" : "09/12/20 13:18:16",
  "value" : {
    "bpm" : 143,
    "confidence" : 0
  }
},{
  "dateTime" : "09/12/20 13:18:21",
  "value" : {
    "bpm" : 146,
    "confidence" : 0
  }
},{
  "dateTime" : "09/12/20 13:18:26",
  "value" : {
    "bpm" : 147,
    "confidence" : 0
  }
},{
  "dateTime" : "09/12/20 13:18:31",
  "value" : {
    "bpm" : 146,
    "confidence" : 0
  }
},{
  "dateTime" : "09/12/20 13:18:36",
  "value" : {
    "bpm" : 142,
    "confidence" : 0
  }
},{
  "dateTime" : "09/12/20 13:18:41",
  "value" : {
    "bpm" : 145,
    "confidence" : 0
  }
},{
  "dateTime" : "09/12/20 13:18:46",
  "value" : {
    "bpm" : 146,
    "confidence" : 0
  }
},{
  "dateTime" : "09/12/20 13:18:51",
  "value" : {
    "bpm" : 148,
    "confidence" : 0
  }
},{
  "dateTime" : "09/12/20 13:18:56",
  "value" : {
    "bpm" : 149,
    "confidence" : 0
  }
},{
  "dateTime" : "09/12/20 13:19:01",
  "value" : {
    "bpm" : 147,
    "confidence" : 0
  }
},{
  "dateTime" : "09/12/20 13:19:06",
  "value" : {
    "bpm" : 148,
    "confidence" : 0
  }
},{
  "dateTime" : "09/12/20 13:19:11",
  "value" : {
    "bpm" : 149,
    "confidence" : 0
  }
},{
  "dateTime" : "09/12/20 13:19:16",
  "value" : {
    "bpm" : 147,
    "confidence" : 0
  }
},{
  "dateTime" : "09/12/20 13:19:21",
  "value" : {
    "bpm" : 145,
    "confidence" : 0
  }
},{
  "dateTime" : "09/12/20 13:19:31",
  "value" : {
    "bpm" : 142,
    "confidence" : 0
  }
},{
  "dateTime" : "09/12/20 13:19:36",
  "value" : {
    "bpm" : 138,
    "confidence" : 0
  }
},{
  "dateTime" : "09/12/20 13:19:41",
  "value" : {
    "bpm" : 134,
    "confidence" : 0
  }
},{
  "dateTime" : "09/12/20 13:19:46",
  "value" : {
    "bpm" : 131,
    "confidence" : 0
  }
},{
  "dateTime" : "09/12/20 13:19:51",
  "value" : {
    "bpm" : 129,
    "confidence" : 0
  }
},{
  "dateTime" : "09/12/20 13:19:56",
  "value" : {
    "bpm" : 131,
    "confidence" : 0
  }
},{
  "dateTime" : "09/12/20 13:20:06",
  "value" : {
    "bpm" : 128,
    "confidence" : 0
  }
},{
  "dateTime" : "09/12/20 13:20:11",
  "value" : {
    "bpm" : 127,
    "confidence" : 0
  }
},{
  "dateTime" : "09/12/20 13:20:16",
  "value" : {
    "bpm" : 129,
    "confidence" : 0
  }
},{
  "dateTime" : "09/12/20 13:20:21",
  "value" : {
    "bpm" : 132,
    "confidence" : 1
  }
},{
  "dateTime" : "09/12/20 13:20:26",
  "value" : {
    "bpm" : 134,
    "confidence" : 0
  }
},{
  "dateTime" : "09/12/20 13:20:31",
  "value" : {
    "bpm" : 137,
    "confidence" : 0
  }
},{
  "dateTime" : "09/12/20 13:20:41",
  "value" : {
    "bpm" : 138,
    "confidence" : 0
  }
},{
  "dateTime" : "09/12/20 13:20:46",
  "value" : {
    "bpm" : 141,
    "confidence" : 0
  }
},{
  "dateTime" : "09/12/20 13:20:51",
  "value" : {
    "bpm" : 143,
    "confidence" : 0
  }
},{
  "dateTime" : "09/12/20 13:20:56",
  "value" : {
    "bpm" : 141,
    "confidence" : 0
  }
},{
  "dateTime" : "09/12/20 13:21:01",
  "value" : {
    "bpm" : 139,
    "confidence" : 0
  }
},{
  "dateTime" : "09/12/20 13:21:06",
  "value" : {
    "bpm" : 135,
    "confidence" : 0
  }
},{
  "dateTime" : "09/12/20 13:21:11",
  "value" : {
    "bpm" : 132,
    "confidence" : 0
  }
},{
  "dateTime" : "09/12/20 13:21:16",
  "value" : {
    "bpm" : 134,
    "confidence" : 0
  }
},{
  "dateTime" : "09/12/20 13:21:22",
  "value" : {
    "bpm" : 131,
    "confidence" : 0
  }
},{
  "dateTime" : "09/12/20 13:21:27",
  "value" : {
    "bpm" : 128,
    "confidence" : 0
  }
},{
  "dateTime" : "09/12/20 13:21:37",
  "value" : {
    "bpm" : 131,
    "confidence" : 0
  }
},{
  "dateTime" : "09/12/20 13:21:42",
  "value" : {
    "bpm" : 134,
    "confidence" : 0
  }
},{
  "dateTime" : "09/12/20 13:21:47",
  "value" : {
    "bpm" : 138,
    "confidence" : 0
  }
},{
  "dateTime" : "09/12/20 13:21:57",
  "value" : {
    "bpm" : 139,
    "confidence" : 0
  }
},{
  "dateTime" : "09/12/20 13:22:02",
  "value" : {
    "bpm" : 137,
    "confidence" : 0
  }
},{
  "dateTime" : "09/12/20 13:22:07",
  "value" : {
    "bpm" : 134,
    "confidence" : 0
  }
},{
  "dateTime" : "09/12/20 13:22:12",
  "value" : {
    "bpm" : 135,
    "confidence" : 0
  }
},{
  "dateTime" : "09/12/20 13:22:17",
  "value" : {
    "bpm" : 137,
    "confidence" : 0
  }
},{
  "dateTime" : "09/12/20 13:22:27",
  "value" : {
    "bpm" : 140,
    "confidence" : 0
  }
},{
  "dateTime" : "09/12/20 13:22:32",
  "value" : {
    "bpm" : 138,
    "confidence" : 0
  }
},{
  "dateTime" : "09/12/20 13:22:37",
  "value" : {
    "bpm" : 133,
    "confidence" : 0
  }
},{
  "dateTime" : "09/12/20 13:22:42",
  "value" : {
    "bpm" : 132,
    "confidence" : 0
  }
},{
  "dateTime" : "09/12/20 13:22:47",
  "value" : {
    "bpm" : 134,
    "confidence" : 0
  }
},{
  "dateTime" : "09/12/20 13:22:52",
  "value" : {
    "bpm" : 132,
    "confidence" : 0
  }
},{
  "dateTime" : "09/12/20 13:22:57",
  "value" : {
    "bpm" : 134,
    "confidence" : 0
  }
},{
  "dateTime" : "09/12/20 13:23:02",
  "value" : {
    "bpm" : 133,
    "confidence" : 0
  }
},{
  "dateTime" : "09/12/20 13:23:07",
  "value" : {
    "bpm" : 134,
    "confidence" : 0
  }
},{
  "dateTime" : "09/12/20 13:23:12",
  "value" : {
    "bpm" : 135,
    "confidence" : 0
  }
},{
  "dateTime" : "09/12/20 13:23:17",
  "value" : {
    "bpm" : 137,
    "confidence" : 0
  }
},{
  "dateTime" : "09/12/20 13:23:22",
  "value" : {
    "bpm" : 139,
    "confidence" : 0
  }
},{
  "dateTime" : "09/12/20 13:23:27",
  "value" : {
    "bpm" : 137,
    "confidence" : 0
  }
},{
  "dateTime" : "09/12/20 13:23:32",
  "value" : {
    "bpm" : 139,
    "confidence" : 0
  }
},{
  "dateTime" : "09/12/20 13:23:42",
  "value" : {
    "bpm" : 138,
    "confidence" : 0
  }
},{
  "dateTime" : "09/12/20 13:23:47",
  "value" : {
    "bpm" : 140,
    "confidence" : 0
  }
},{
  "dateTime" : "09/12/20 13:23:52",
  "value" : {
    "bpm" : 142,
    "confidence" : 0
  }
},{
  "dateTime" : "09/12/20 13:23:57",
  "value" : {
    "bpm" : 142,
    "confidence" : 0
  }
},{
  "dateTime" : "09/12/20 13:24:02",
  "value" : {
    "bpm" : 140,
    "confidence" : 0
  }
},{
  "dateTime" : "09/12/20 13:24:07",
  "value" : {
    "bpm" : 141,
    "confidence" : 0
  }
},{
  "dateTime" : "09/12/20 13:24:12",
  "value" : {
    "bpm" : 140,
    "confidence" : 0
  }
},{
  "dateTime" : "09/12/20 13:24:17",
  "value" : {
    "bpm" : 137,
    "confidence" : 0
  }
},{
  "dateTime" : "09/12/20 13:24:22",
  "value" : {
    "bpm" : 134,
    "confidence" : 0
  }
},{
  "dateTime" : "09/12/20 13:24:27",
  "value" : {
    "bpm" : 133,
    "confidence" : 0
  }
},{
  "dateTime" : "09/12/20 13:24:32",
  "value" : {
    "bpm" : 132,
    "confidence" : 0
  }
},{
  "dateTime" : "09/12/20 13:24:37",
  "value" : {
    "bpm" : 131,
    "confidence" : 0
  }
},{
  "dateTime" : "09/12/20 13:24:42",
  "value" : {
    "bpm" : 128,
    "confidence" : 0
  }
},{
  "dateTime" : "09/12/20 13:24:47",
  "value" : {
    "bpm" : 125,
    "confidence" : 0
  }
},{
  "dateTime" : "09/12/20 13:24:52",
  "value" : {
    "bpm" : 123,
    "confidence" : 0
  }
},{
  "dateTime" : "09/12/20 13:24:57",
  "value" : {
    "bpm" : 120,
    "confidence" : 0
  }
},{
  "dateTime" : "09/12/20 13:25:02",
  "value" : {
    "bpm" : 119,
    "confidence" : 0
  }
},{
  "dateTime" : "09/12/20 13:25:07",
  "value" : {
    "bpm" : 118,
    "confidence" : 0
  }
},{
  "dateTime" : "09/12/20 13:25:12",
  "value" : {
    "bpm" : 117,
    "confidence" : 0
  }
},{
  "dateTime" : "09/12/20 13:25:17",
  "value" : {
    "bpm" : 115,
    "confidence" : 0
  }
},{
  "dateTime" : "09/12/20 13:25:22",
  "value" : {
    "bpm" : 114,
    "confidence" : 0
  }
},{
  "dateTime" : "09/12/20 13:25:27",
  "value" : {
    "bpm" : 113,
    "confidence" : 0
  }
},{
  "dateTime" : "09/12/20 13:25:32",
  "value" : {
    "bpm" : 112,
    "confidence" : 0
  }
},{
  "dateTime" : "09/12/20 13:25:47",
  "value" : {
    "bpm" : 113,
    "confidence" : 0
  }
},{
  "dateTime" : "09/12/20 13:25:52",
  "value" : {
    "bpm" : 114,
    "confidence" : 1
  }
},{
  "dateTime" : "09/12/20 13:25:57",
  "value" : {
    "bpm" : 115,
    "confidence" : 1
  }
},{
  "dateTime" : "09/12/20 13:26:02",
  "value" : {
    "bpm" : 114,
    "confidence" : 1
  }
},{
  "dateTime" : "09/12/20 13:26:07",
  "value" : {
    "bpm" : 113,
    "confidence" : 1
  }
},{
  "dateTime" : "09/12/20 13:26:17",
  "value" : {
    "bpm" : 112,
    "confidence" : 0
  }
},{
  "dateTime" : "09/12/20 13:26:22",
  "value" : {
    "bpm" : 111,
    "confidence" : 0
  }
},{
  "dateTime" : "09/12/20 13:26:27",
  "value" : {
    "bpm" : 110,
    "confidence" : 0
  }
},{
  "dateTime" : "09/12/20 13:26:42",
  "value" : {
    "bpm" : 109,
    "confidence" : 1
  }
},{
  "dateTime" : "09/12/20 13:26:57",
  "value" : {
    "bpm" : 109,
    "confidence" : 1
  }
},{
  "dateTime" : "09/12/20 13:27:12",
  "value" : {
    "bpm" : 109,
    "confidence" : 1
  }
},{
  "dateTime" : "09/12/20 13:27:22",
  "value" : {
    "bpm" : 109,
    "confidence" : 0
  }
},{
  "dateTime" : "09/12/20 13:27:32",
  "value" : {
    "bpm" : 108,
    "confidence" : 0
  }
},{
  "dateTime" : "09/12/20 13:27:37",
  "value" : {
    "bpm" : 107,
    "confidence" : 0
  }
},{
  "dateTime" : "09/12/20 13:27:42",
  "value" : {
    "bpm" : 108,
    "confidence" : 0
  }
},{
  "dateTime" : "09/12/20 13:27:52",
  "value" : {
    "bpm" : 107,
    "confidence" : 0
  }
},{
  "dateTime" : "09/12/20 13:27:57",
  "value" : {
    "bpm" : 108,
    "confidence" : 0
  }
},{
  "dateTime" : "09/12/20 13:28:02",
  "value" : {
    "bpm" : 107,
    "confidence" : 0
  }
},{
  "dateTime" : "09/12/20 13:28:07",
  "value" : {
    "bpm" : 107,
    "confidence" : 1
  }
},{
  "dateTime" : "09/12/20 13:28:17",
  "value" : {
    "bpm" : 106,
    "confidence" : 0
  }
},{
  "dateTime" : "09/12/20 13:28:27",
  "value" : {
    "bpm" : 106,
    "confidence" : 1
  }
},{
  "dateTime" : "09/12/20 13:28:37",
  "value" : {
    "bpm" : 105,
    "confidence" : 1
  }
},{
  "dateTime" : "09/12/20 13:28:47",
  "value" : {
    "bpm" : 106,
    "confidence" : 1
  }
},{
  "dateTime" : "09/12/20 13:28:57",
  "value" : {
    "bpm" : 106,
    "confidence" : 2
  }
},{
  "dateTime" : "09/12/20 13:29:07",
  "value" : {
    "bpm" : 105,
    "confidence" : 2
  }
},{
  "dateTime" : "09/12/20 13:29:12",
  "value" : {
    "bpm" : 105,
    "confidence" : 1
  }
},{
  "dateTime" : "09/12/20 13:29:22",
  "value" : {
    "bpm" : 104,
    "confidence" : 1
  }
},{
  "dateTime" : "09/12/20 13:29:27",
  "value" : {
    "bpm" : 103,
    "confidence" : 1
  }
},{
  "dateTime" : "09/12/20 13:29:37",
  "value" : {
    "bpm" : 105,
    "confidence" : 1
  }
},{
  "dateTime" : "09/12/20 13:29:52",
  "value" : {
    "bpm" : 107,
    "confidence" : 2
  }
},{
  "dateTime" : "09/12/20 13:30:02",
  "value" : {
    "bpm" : 110,
    "confidence" : 1
  }
},{
  "dateTime" : "09/12/20 13:30:12",
  "value" : {
    "bpm" : 109,
    "confidence" : 1
  }
},{
  "dateTime" : "09/12/20 13:30:17",
  "value" : {
    "bpm" : 109,
    "confidence" : 2
  }
},{
  "dateTime" : "09/12/20 13:30:22",
  "value" : {
    "bpm" : 107,
    "confidence" : 2
  }
},{
  "dateTime" : "09/12/20 13:30:27",
  "value" : {
    "bpm" : 107,
    "confidence" : 2
  }
},{
  "dateTime" : "09/12/20 13:30:42",
  "value" : {
    "bpm" : 107,
    "confidence" : 2
  }
},{
  "dateTime" : "09/12/20 13:30:57",
  "value" : {
    "bpm" : 105,
    "confidence" : 2
  }
},{
  "dateTime" : "09/12/20 13:31:02",
  "value" : {
    "bpm" : 104,
    "confidence" : 2
  }
},{
  "dateTime" : "09/12/20 13:31:12",
  "value" : {
    "bpm" : 106,
    "confidence" : 2
  }
},{
  "dateTime" : "09/12/20 13:31:17",
  "value" : {
    "bpm" : 107,
    "confidence" : 2
  }
},{
  "dateTime" : "09/12/20 13:31:22",
  "value" : {
    "bpm" : 106,
    "confidence" : 2
  }
},{
  "dateTime" : "09/12/20 13:31:37",
  "value" : {
    "bpm" : 107,
    "confidence" : 2
  }
},{
  "dateTime" : "09/12/20 13:31:42",
  "value" : {
    "bpm" : 109,
    "confidence" : 2
  }
},{
  "dateTime" : "09/12/20 13:31:57",
  "value" : {
    "bpm" : 109,
    "confidence" : 2
  }
},{
  "dateTime" : "09/12/20 13:32:02",
  "value" : {
    "bpm" : 108,
    "confidence" : 2
  }
},{
  "dateTime" : "09/12/20 13:32:12",
  "value" : {
    "bpm" : 109,
    "confidence" : 2
  }
},{
  "dateTime" : "09/12/20 13:32:22",
  "value" : {
    "bpm" : 108,
    "confidence" : 2
  }
},{
  "dateTime" : "09/12/20 13:32:27",
  "value" : {
    "bpm" : 105,
    "confidence" : 2
  }
},{
  "dateTime" : "09/12/20 13:32:32",
  "value" : {
    "bpm" : 106,
    "confidence" : 2
  }
},{
  "dateTime" : "09/12/20 13:32:37",
  "value" : {
    "bpm" : 109,
    "confidence" : 2
  }
},{
  "dateTime" : "09/12/20 13:32:42",
  "value" : {
    "bpm" : 110,
    "confidence" : 2
  }
},{
  "dateTime" : "09/12/20 13:32:47",
  "value" : {
    "bpm" : 110,
    "confidence" : 1
  }
},{
  "dateTime" : "09/12/20 13:32:52",
  "value" : {
    "bpm" : 112,
    "confidence" : 1
  }
},{
  "dateTime" : "09/12/20 13:32:57",
  "value" : {
    "bpm" : 113,
    "confidence" : 1
  }
},{
  "dateTime" : "09/12/20 13:33:07",
  "value" : {
    "bpm" : 114,
    "confidence" : 1
  }
},{
  "dateTime" : "09/12/20 13:33:12",
  "value" : {
    "bpm" : 111,
    "confidence" : 1
  }
},{
  "dateTime" : "09/12/20 13:33:17",
  "value" : {
    "bpm" : 105,
    "confidence" : 1
  }
},{
  "dateTime" : "09/12/20 13:33:22",
  "value" : {
    "bpm" : 103,
    "confidence" : 1
  }
},{
  "dateTime" : "09/12/20 13:33:37",
  "value" : {
    "bpm" : 103,
    "confidence" : 1
  }
},{
  "dateTime" : "09/12/20 13:33:47",
  "value" : {
    "bpm" : 102,
    "confidence" : 1
  }
},{
  "dateTime" : "09/12/20 13:33:52",
  "value" : {
    "bpm" : 101,
    "confidence" : 1
  }
},{
  "dateTime" : "09/12/20 13:33:57",
  "value" : {
    "bpm" : 102,
    "confidence" : 1
  }
},{
  "dateTime" : "09/12/20 13:34:02",
  "value" : {
    "bpm" : 103,
    "confidence" : 1
  }
},{
  "dateTime" : "09/12/20 13:34:07",
  "value" : {
    "bpm" : 106,
    "confidence" : 1
  }
},{
  "dateTime" : "09/12/20 13:34:12",
  "value" : {
    "bpm" : 109,
    "confidence" : 2
  }
},{
  "dateTime" : "09/12/20 13:34:17",
  "value" : {
    "bpm" : 110,
    "confidence" : 2
  }
},{
  "dateTime" : "09/12/20 13:34:22",
  "value" : {
    "bpm" : 110,
    "confidence" : 1
  }
},{
  "dateTime" : "09/12/20 13:34:32",
  "value" : {
    "bpm" : 111,
    "confidence" : 1
  }
},{
  "dateTime" : "09/12/20 13:34:37",
  "value" : {
    "bpm" : 112,
    "confidence" : 1
  }
},{
  "dateTime" : "09/12/20 13:34:42",
  "value" : {
    "bpm" : 113,
    "confidence" : 1
  }
},{
  "dateTime" : "09/12/20 13:34:47",
  "value" : {
    "bpm" : 112,
    "confidence" : 1
  }
},{
  "dateTime" : "09/12/20 13:34:52",
  "value" : {
    "bpm" : 113,
    "confidence" : 1
  }
},{
  "dateTime" : "09/12/20 13:35:07",
  "value" : {
    "bpm" : 110,
    "confidence" : 1
  }
},{
  "dateTime" : "09/12/20 13:35:12",
  "value" : {
    "bpm" : 107,
    "confidence" : 1
  }
},{
  "dateTime" : "09/12/20 13:35:17",
  "value" : {
    "bpm" : 106,
    "confidence" : 1
  }
},{
  "dateTime" : "09/12/20 13:35:22",
  "value" : {
    "bpm" : 108,
    "confidence" : 1
  }
},{
  "dateTime" : "09/12/20 13:35:27",
  "value" : {
    "bpm" : 109,
    "confidence" : 2
  }
},{
  "dateTime" : "09/12/20 13:35:32",
  "value" : {
    "bpm" : 107,
    "confidence" : 2
  }
},{
  "dateTime" : "09/12/20 13:35:37",
  "value" : {
    "bpm" : 104,
    "confidence" : 2
  }
},{
  "dateTime" : "09/12/20 13:35:47",
  "value" : {
    "bpm" : 105,
    "confidence" : 2
  }
},{
  "dateTime" : "09/12/20 13:35:57",
  "value" : {
    "bpm" : 106,
    "confidence" : 2
  }
},{
  "dateTime" : "09/12/20 13:36:02",
  "value" : {
    "bpm" : 107,
    "confidence" : 2
  }
},{
  "dateTime" : "09/12/20 13:36:07",
  "value" : {
    "bpm" : 110,
    "confidence" : 2
  }
},{
  "dateTime" : "09/12/20 13:36:12",
  "value" : {
    "bpm" : 113,
    "confidence" : 2
  }
},{
  "dateTime" : "09/12/20 13:36:17",
  "value" : {
    "bpm" : 115,
    "confidence" : 2
  }
},{
  "dateTime" : "09/12/20 13:36:27",
  "value" : {
    "bpm" : 116,
    "confidence" : 2
  }
},{
  "dateTime" : "09/12/20 13:36:32",
  "value" : {
    "bpm" : 116,
    "confidence" : 1
  }
},{
  "dateTime" : "09/12/20 13:36:37",
  "value" : {
    "bpm" : 117,
    "confidence" : 1
  }
},{
  "dateTime" : "09/12/20 13:36:42",
  "value" : {
    "bpm" : 110,
    "confidence" : 1
  }
},{
  "dateTime" : "09/12/20 13:36:47",
  "value" : {
    "bpm" : 109,
    "confidence" : 1
  }
},{
  "dateTime" : "09/12/20 13:37:02",
  "value" : {
    "bpm" : 109,
    "confidence" : 1
  }
},{
  "dateTime" : "09/12/20 13:37:07",
  "value" : {
    "bpm" : 108,
    "confidence" : 0
  }
},{
  "dateTime" : "09/12/20 13:37:12",
  "value" : {
    "bpm" : 108,
    "confidence" : 1
  }
},{
  "dateTime" : "09/12/20 13:37:27",
  "value" : {
    "bpm" : 108,
    "confidence" : 1
  }
},{
  "dateTime" : "09/12/20 13:37:32",
  "value" : {
    "bpm" : 110,
    "confidence" : 0
  }
},{
  "dateTime" : "09/12/20 13:37:42",
  "value" : {
    "bpm" : 111,
    "confidence" : 1
  }
},{
  "dateTime" : "09/12/20 13:37:47",
  "value" : {
    "bpm" : 110,
    "confidence" : 1
  }
},{
  "dateTime" : "09/12/20 13:37:57",
  "value" : {
    "bpm" : 111,
    "confidence" : 2
  }
},{
  "dateTime" : "09/12/20 13:38:02",
  "value" : {
    "bpm" : 110,
    "confidence" : 2
  }
},{
  "dateTime" : "09/12/20 13:38:07",
  "value" : {
    "bpm" : 108,
    "confidence" : 2
  }
},{
  "dateTime" : "09/12/20 13:38:22",
  "value" : {
    "bpm" : 108,
    "confidence" : 2
  }
},{
  "dateTime" : "09/12/20 13:38:37",
  "value" : {
    "bpm" : 108,
    "confidence" : 2
  }
},{
  "dateTime" : "09/12/20 13:38:42",
  "value" : {
    "bpm" : 110,
    "confidence" : 1
  }
},{
  "dateTime" : "09/12/20 13:38:57",
  "value" : {
    "bpm" : 110,
    "confidence" : 1
  }
},{
  "dateTime" : "09/12/20 13:39:02",
  "value" : {
    "bpm" : 105,
    "confidence" : 1
  }
},{
  "dateTime" : "09/12/20 13:39:07",
  "value" : {
    "bpm" : 103,
    "confidence" : 1
  }
},{
  "dateTime" : "09/12/20 13:39:17",
  "value" : {
    "bpm" : 104,
    "confidence" : 1
  }
},{
  "dateTime" : "09/12/20 13:39:22",
  "value" : {
    "bpm" : 102,
    "confidence" : 1
  }
},{
  "dateTime" : "09/12/20 13:39:27",
  "value" : {
    "bpm" : 100,
    "confidence" : 2
  }
},{
  "dateTime" : "09/12/20 13:39:32",
  "value" : {
    "bpm" : 103,
    "confidence" : 2
  }
},{
  "dateTime" : "09/12/20 13:39:47",
  "value" : {
    "bpm" : 103,
    "confidence" : 2
  }
},{
  "dateTime" : "09/12/20 13:39:53",
  "value" : {
    "bpm" : 108,
    "confidence" : 1
  }
},{
  "dateTime" : "09/12/20 13:39:58",
  "value" : {
    "bpm" : 102,
    "confidence" : 1
  }
},{
  "dateTime" : "09/12/20 13:40:03",
  "value" : {
    "bpm" : 103,
    "confidence" : 2
  }
},{
  "dateTime" : "09/12/20 13:40:13",
  "value" : {
    "bpm" : 105,
    "confidence" : 2
  }
},{
  "dateTime" : "09/12/20 13:40:18",
  "value" : {
    "bpm" : 107,
    "confidence" : 2
  }
},{
  "dateTime" : "09/12/20 13:40:33",
  "value" : {
    "bpm" : 107,
    "confidence" : 1
  }
},{
  "dateTime" : "09/12/20 13:40:43",
  "value" : {
    "bpm" : 106,
    "confidence" : 1
  }
},{
  "dateTime" : "09/12/20 13:40:53",
  "value" : {
    "bpm" : 106,
    "confidence" : 2
  }
},{
  "dateTime" : "09/12/20 13:41:03",
  "value" : {
    "bpm" : 105,
    "confidence" : 2
  }
},{
  "dateTime" : "09/12/20 13:41:08",
  "value" : {
    "bpm" : 103,
    "confidence" : 1
  }
},{
  "dateTime" : "09/12/20 13:41:18",
  "value" : {
    "bpm" : 107,
    "confidence" : 1
  }
},{
  "dateTime" : "09/12/20 13:41:23",
  "value" : {
    "bpm" : 109,
    "confidence" : 1
  }
},{
  "dateTime" : "09/12/20 13:41:28",
  "value" : {
    "bpm" : 111,
    "confidence" : 1
  }
},{
  "dateTime" : "09/12/20 13:41:33",
  "value" : {
    "bpm" : 110,
    "confidence" : 1
  }
},{
  "dateTime" : "09/12/20 13:41:38",
  "value" : {
    "bpm" : 106,
    "confidence" : 2
  }
},{
  "dateTime" : "09/12/20 13:41:43",
  "value" : {
    "bpm" : 104,
    "confidence" : 2
  }
},{
  "dateTime" : "09/12/20 13:41:48",
  "value" : {
    "bpm" : 102,
    "confidence" : 2
  }
},{
  "dateTime" : "09/12/20 13:41:53",
  "value" : {
    "bpm" : 103,
    "confidence" : 2
  }
},{
  "dateTime" : "09/12/20 13:41:58",
  "value" : {
    "bpm" : 102,
    "confidence" : 2
  }
},{
  "dateTime" : "09/12/20 13:42:03",
  "value" : {
    "bpm" : 102,
    "confidence" : 1
  }
},{
  "dateTime" : "09/12/20 13:42:08",
  "value" : {
    "bpm" : 104,
    "confidence" : 1
  }
},{
  "dateTime" : "09/12/20 13:42:13",
  "value" : {
    "bpm" : 103,
    "confidence" : 1
  }
},{
  "dateTime" : "09/12/20 13:42:18",
  "value" : {
    "bpm" : 100,
    "confidence" : 1
  }
},{
  "dateTime" : "09/12/20 13:42:23",
  "value" : {
    "bpm" : 102,
    "confidence" : 1
  }
},{
  "dateTime" : "09/12/20 13:42:28",
  "value" : {
    "bpm" : 107,
    "confidence" : 1
  }
},{
  "dateTime" : "09/12/20 13:42:43",
  "value" : {
    "bpm" : 107,
    "confidence" : 1
  }
},{
  "dateTime" : "09/12/20 13:42:58",
  "value" : {
    "bpm" : 105,
    "confidence" : 1
  }
},{
  "dateTime" : "09/12/20 13:43:03",
  "value" : {
    "bpm" : 104,
    "confidence" : 1
  }
},{
  "dateTime" : "09/12/20 13:43:13",
  "value" : {
    "bpm" : 103,
    "confidence" : 1
  }
},{
  "dateTime" : "09/12/20 13:43:18",
  "value" : {
    "bpm" : 101,
    "confidence" : 1
  }
},{
  "dateTime" : "09/12/20 13:43:28",
  "value" : {
    "bpm" : 103,
    "confidence" : 1
  }
},{
  "dateTime" : "09/12/20 13:43:33",
  "value" : {
    "bpm" : 104,
    "confidence" : 1
  }
},{
  "dateTime" : "09/12/20 13:43:38",
  "value" : {
    "bpm" : 102,
    "confidence" : 1
  }
},{
  "dateTime" : "09/12/20 13:43:43",
  "value" : {
    "bpm" : 100,
    "confidence" : 2
  }
},{
  "dateTime" : "09/12/20 13:43:48",
  "value" : {
    "bpm" : 98,
    "confidence" : 2
  }
},{
  "dateTime" : "09/12/20 13:43:58",
  "value" : {
    "bpm" : 97,
    "confidence" : 2
  }
},{
  "dateTime" : "09/12/20 13:44:03",
  "value" : {
    "bpm" : 96,
    "confidence" : 2
  }
},{
  "dateTime" : "09/12/20 13:44:13",
  "value" : {
    "bpm" : 98,
    "confidence" : 2
  }
},{
  "dateTime" : "09/12/20 13:44:18",
  "value" : {
    "bpm" : 100,
    "confidence" : 2
  }
},{
  "dateTime" : "09/12/20 13:44:33",
  "value" : {
    "bpm" : 99,
    "confidence" : 2
  }
},{
  "dateTime" : "09/12/20 13:44:38",
  "value" : {
    "bpm" : 94,
    "confidence" : 2
  }
},{
  "dateTime" : "09/12/20 13:44:43",
  "value" : {
    "bpm" : 95,
    "confidence" : 2
  }
},{
  "dateTime" : "09/12/20 13:44:53",
  "value" : {
    "bpm" : 94,
    "confidence" : 2
  }
},{
  "dateTime" : "09/12/20 13:45:03",
  "value" : {
    "bpm" : 93,
    "confidence" : 1
  }
},{
  "dateTime" : "09/12/20 13:45:18",
  "value" : {
    "bpm" : 93,
    "confidence" : 1
  }
},{
  "dateTime" : "09/12/20 13:45:23",
  "value" : {
    "bpm" : 94,
    "confidence" : 1
  }
},{
  "dateTime" : "09/12/20 13:45:28",
  "value" : {
    "bpm" : 92,
    "confidence" : 1
  }
},{
  "dateTime" : "09/12/20 13:45:33",
  "value" : {
    "bpm" : 91,
    "confidence" : 1
  }
},{
  "dateTime" : "09/12/20 13:45:43",
  "value" : {
    "bpm" : 90,
    "confidence" : 1
  }
},{
  "dateTime" : "09/12/20 13:45:53",
  "value" : {
    "bpm" : 89,
    "confidence" : 1
  }
},{
  "dateTime" : "09/12/20 13:45:58",
  "value" : {
    "bpm" : 87,
    "confidence" : 1
  }
},{
  "dateTime" : "09/12/20 13:46:03",
  "value" : {
    "bpm" : 86,
    "confidence" : 1
  }
},{
  "dateTime" : "09/12/20 13:46:18",
  "value" : {
    "bpm" : 86,
    "confidence" : 1
  }
},{
  "dateTime" : "09/12/20 13:46:23",
  "value" : {
    "bpm" : 88,
    "confidence" : 1
  }
},{
  "dateTime" : "09/12/20 13:46:28",
  "value" : {
    "bpm" : 90,
    "confidence" : 2
  }
},{
  "dateTime" : "09/12/20 13:46:38",
  "value" : {
    "bpm" : 92,
    "confidence" : 2
  }
},{
  "dateTime" : "09/12/20 13:46:43",
  "value" : {
    "bpm" : 94,
    "confidence" : 2
  }
},{
  "dateTime" : "09/12/20 13:46:48",
  "value" : {
    "bpm" : 96,
    "confidence" : 2
  }
},{
  "dateTime" : "09/12/20 13:46:53",
  "value" : {
    "bpm" : 99,
    "confidence" : 2
  }
},{
  "dateTime" : "09/12/20 13:46:58",
  "value" : {
    "bpm" : 100,
    "confidence" : 2
  }
},{
  "dateTime" : "09/12/20 13:47:03",
  "value" : {
    "bpm" : 102,
    "confidence" : 2
  }
},{
  "dateTime" : "09/12/20 13:47:08",
  "value" : {
    "bpm" : 101,
    "confidence" : 2
  }
},{
  "dateTime" : "09/12/20 13:47:13",
  "value" : {
    "bpm" : 100,
    "confidence" : 2
  }
},{
  "dateTime" : "09/12/20 13:47:18",
  "value" : {
    "bpm" : 97,
    "confidence" : 2
  }
},{
  "dateTime" : "09/12/20 13:47:28",
  "value" : {
    "bpm" : 101,
    "confidence" : 2
  }
},{
  "dateTime" : "09/12/20 13:47:33",
  "value" : {
    "bpm" : 99,
    "confidence" : 2
  }
},{
  "dateTime" : "09/12/20 13:47:38",
  "value" : {
    "bpm" : 96,
    "confidence" : 2
  }
},{
  "dateTime" : "09/12/20 13:47:43",
  "value" : {
    "bpm" : 95,
    "confidence" : 2
  }
},{
  "dateTime" : "09/12/20 13:47:48",
  "value" : {
    "bpm" : 96,
    "confidence" : 2
  }
},{
  "dateTime" : "09/12/20 13:47:58",
  "value" : {
    "bpm" : 96,
    "confidence" : 1
  }
},{
  "dateTime" : "09/12/20 13:48:08",
  "value" : {
    "bpm" : 95,
    "confidence" : 1
  }
},{
  "dateTime" : "09/12/20 13:48:13",
  "value" : {
    "bpm" : 94,
    "confidence" : 1
  }
},{
  "dateTime" : "09/12/20 13:48:28",
  "value" : {
    "bpm" : 93,
    "confidence" : 1
  }
},{
  "dateTime" : "09/12/20 13:48:33",
  "value" : {
    "bpm" : 94,
    "confidence" : 1
  }
},{
  "dateTime" : "09/12/20 13:48:48",
  "value" : {
    "bpm" : 94,
    "confidence" : 1
  }
},{
  "dateTime" : "09/12/20 13:48:53",
  "value" : {
    "bpm" : 93,
    "confidence" : 1
  }
},{
  "dateTime" : "09/12/20 13:49:08",
  "value" : {
    "bpm" : 92,
    "confidence" : 1
  }
},{
  "dateTime" : "09/12/20 13:49:23",
  "value" : {
    "bpm" : 93,
    "confidence" : 1
  }
},{
  "dateTime" : "09/12/20 13:49:38",
  "value" : {
    "bpm" : 93,
    "confidence" : 1
  }
},{
  "dateTime" : "09/12/20 13:49:53",
  "value" : {
    "bpm" : 93,
    "confidence" : 1
  }
},{
  "dateTime" : "09/12/20 13:50:12",
  "value" : {
    "bpm" : 94,
    "confidence" : 1
  }
},{
  "dateTime" : "09/12/20 13:50:17",
  "value" : {
    "bpm" : 97,
    "confidence" : 1
  }
},{
  "dateTime" : "09/12/20 13:50:22",
  "value" : {
    "bpm" : 98,
    "confidence" : 1
  }
},{
  "dateTime" : "09/12/20 13:50:32",
  "value" : {
    "bpm" : 100,
    "confidence" : 1
  }
},{
  "dateTime" : "09/12/20 13:50:37",
  "value" : {
    "bpm" : 101,
    "confidence" : 1
  }
},{
  "dateTime" : "09/12/20 13:50:42",
  "value" : {
    "bpm" : 100,
    "confidence" : 1
  }
},{
  "dateTime" : "09/12/20 13:50:47",
  "value" : {
    "bpm" : 99,
    "confidence" : 1
  }
},{
  "dateTime" : "09/12/20 13:50:57",
  "value" : {
    "bpm" : 98,
    "confidence" : 1
  }
},{
  "dateTime" : "09/12/20 13:51:02",
  "value" : {
    "bpm" : 99,
    "confidence" : 1
  }
},{
  "dateTime" : "09/12/20 13:51:07",
  "value" : {
    "bpm" : 99,
    "confidence" : 0
  }
},{
  "dateTime" : "09/12/20 13:51:12",
  "value" : {
    "bpm" : 100,
    "confidence" : 0
  }
},{
  "dateTime" : "09/12/20 13:51:17",
  "value" : {
    "bpm" : 99,
    "confidence" : 1
  }
},{
  "dateTime" : "09/12/20 13:51:22",
  "value" : {
    "bpm" : 100,
    "confidence" : 1
  }
},{
  "dateTime" : "09/12/20 13:51:27",
  "value" : {
    "bpm" : 99,
    "confidence" : 1
  }
},{
  "dateTime" : "09/12/20 13:51:32",
  "value" : {
    "bpm" : 99,
    "confidence" : 0
  }
},{
  "dateTime" : "09/12/20 13:51:37",
  "value" : {
    "bpm" : 98,
    "confidence" : 0
  }
},{
  "dateTime" : "09/12/20 13:51:47",
  "value" : {
    "bpm" : 98,
    "confidence" : 1
  }
},{
  "dateTime" : "09/12/20 13:52:02",
  "value" : {
    "bpm" : 100,
    "confidence" : 1
  }
},{
  "dateTime" : "09/12/20 13:52:07",
  "value" : {
    "bpm" : 101,
    "confidence" : 1
  }
},{
  "dateTime" : "09/12/20 13:52:12",
  "value" : {
    "bpm" : 100,
    "confidence" : 2
  }
},{
  "dateTime" : "09/12/20 13:52:17",
  "value" : {
    "bpm" : 97,
    "confidence" : 1
  }
},{
  "dateTime" : "09/12/20 13:52:22",
  "value" : {
    "bpm" : 95,
    "confidence" : 1
  }
},{
  "dateTime" : "09/12/20 13:52:32",
  "value" : {
    "bpm" : 96,
    "confidence" : 1
  }
},{
  "dateTime" : "09/12/20 13:52:37",
  "value" : {
    "bpm" : 97,
    "confidence" : 1
  }
},{
  "dateTime" : "09/12/20 13:52:52",
  "value" : {
    "bpm" : 97,
    "confidence" : 1
  }
},{
  "dateTime" : "09/12/20 13:52:57",
  "value" : {
    "bpm" : 98,
    "confidence" : 1
  }
},{
  "dateTime" : "09/12/20 13:53:07",
  "value" : {
    "bpm" : 99,
    "confidence" : 1
  }
},{
  "dateTime" : "09/12/20 13:53:12",
  "value" : {
    "bpm" : 99,
    "confidence" : 1
  }
},{
  "dateTime" : "09/12/20 13:53:22",
  "value" : {
    "bpm" : 101,
    "confidence" : 1
  }
},{
  "dateTime" : "09/12/20 13:53:37",
  "value" : {
    "bpm" : 101,
    "confidence" : 1
  }
},{
  "dateTime" : "09/12/20 13:53:42",
  "value" : {
    "bpm" : 102,
    "confidence" : 1
  }
},{
  "dateTime" : "09/12/20 13:53:57",
  "value" : {
    "bpm" : 102,
    "confidence" : 1
  }
},{
  "dateTime" : "09/12/20 13:54:07",
  "value" : {
    "bpm" : 103,
    "confidence" : 1
  }
},{
  "dateTime" : "09/12/20 13:54:22",
  "value" : {
    "bpm" : 103,
    "confidence" : 1
  }
},{
  "dateTime" : "09/12/20 13:54:32",
  "value" : {
    "bpm" : 103,
    "confidence" : 0
  }
},{
  "dateTime" : "09/12/20 13:54:37",
  "value" : {
    "bpm" : 102,
    "confidence" : 0
  }
},{
  "dateTime" : "09/12/20 13:54:42",
  "value" : {
    "bpm" : 101,
    "confidence" : 0
  }
},{
  "dateTime" : "09/12/20 13:54:52",
  "value" : {
    "bpm" : 100,
    "confidence" : 0
  }
},{
  "dateTime" : "09/12/20 13:54:57",
  "value" : {
    "bpm" : 99,
    "confidence" : 1
  }
},{
  "dateTime" : "09/12/20 13:55:12",
  "value" : {
    "bpm" : 99,
    "confidence" : 1
  }
},{
  "dateTime" : "09/12/20 13:55:17",
  "value" : {
    "bpm" : 100,
    "confidence" : 1
  }
},{
  "dateTime" : "09/12/20 13:55:32",
  "value" : {
    "bpm" : 100,
    "confidence" : 1
  }
},{
  "dateTime" : "09/12/20 13:55:37",
  "value" : {
    "bpm" : 101,
    "confidence" : 1
  }
},{
  "dateTime" : "09/12/20 13:55:47",
  "value" : {
    "bpm" : 100,
    "confidence" : 1
  }
},{
  "dateTime" : "09/12/20 13:56:02",
  "value" : {
    "bpm" : 100,
    "confidence" : 1
  }
},{
  "dateTime" : "09/12/20 13:56:12",
  "value" : {
    "bpm" : 101,
    "confidence" : 1
  }
},{
  "dateTime" : "09/12/20 13:56:27",
  "value" : {
    "bpm" : 101,
    "confidence" : 1
  }
},{
  "dateTime" : "09/12/20 13:56:37",
  "value" : {
    "bpm" : 100,
    "confidence" : 1
  }
},{
  "dateTime" : "09/12/20 13:56:42",
  "value" : {
    "bpm" : 98,
    "confidence" : 1
  }
},{
  "dateTime" : "09/12/20 13:56:47",
  "value" : {
    "bpm" : 99,
    "confidence" : 1
  }
},{
  "dateTime" : "09/12/20 13:57:02",
  "value" : {
    "bpm" : 100,
    "confidence" : 1
  }
},{
  "dateTime" : "09/12/20 13:57:07",
  "value" : {
    "bpm" : 101,
    "confidence" : 1
  }
},{
  "dateTime" : "09/12/20 13:57:12",
  "value" : {
    "bpm" : 101,
    "confidence" : 2
  }
},{
  "dateTime" : "09/12/20 13:57:17",
  "value" : {
    "bpm" : 100,
    "confidence" : 1
  }
},{
  "dateTime" : "09/12/20 13:57:22",
  "value" : {
    "bpm" : 96,
    "confidence" : 1
  }
},{
  "dateTime" : "09/12/20 13:57:37",
  "value" : {
    "bpm" : 96,
    "confidence" : 1
  }
},{
  "dateTime" : "09/12/20 13:57:42",
  "value" : {
    "bpm" : 97,
    "confidence" : 1
  }
},{
  "dateTime" : "09/12/20 13:57:47",
  "value" : {
    "bpm" : 100,
    "confidence" : 1
  }
},{
  "dateTime" : "09/12/20 13:57:52",
  "value" : {
    "bpm" : 101,
    "confidence" : 1
  }
},{
  "dateTime" : "09/12/20 13:57:57",
  "value" : {
    "bpm" : 102,
    "confidence" : 2
  }
},{
  "dateTime" : "09/12/20 13:58:02",
  "value" : {
    "bpm" : 101,
    "confidence" : 2
  }
},{
  "dateTime" : "09/12/20 13:58:07",
  "value" : {
    "bpm" : 100,
    "confidence" : 2
  }
},{
  "dateTime" : "09/12/20 13:58:17",
  "value" : {
    "bpm" : 99,
    "confidence" : 2
  }
},{
  "dateTime" : "09/12/20 13:58:22",
  "value" : {
    "bpm" : 98,
    "confidence" : 2
  }
},{
  "dateTime" : "09/12/20 13:58:27",
  "value" : {
    "bpm" : 97,
    "confidence" : 2
  }
},{
  "dateTime" : "09/12/20 13:58:39",
  "value" : {
    "bpm" : 96,
    "confidence" : 1
  }
},{
  "dateTime" : "09/12/20 13:58:49",
  "value" : {
    "bpm" : 94,
    "confidence" : 2
  }
},{
  "dateTime" : "09/12/20 13:58:54",
  "value" : {
    "bpm" : 96,
    "confidence" : 2
  }
},{
  "dateTime" : "09/12/20 13:58:59",
  "value" : {
    "bpm" : 98,
    "confidence" : 2
  }
},{
  "dateTime" : "09/12/20 13:59:04",
  "value" : {
    "bpm" : 100,
    "confidence" : 2
  }
},{
  "dateTime" : "09/12/20 13:59:09",
  "value" : {
    "bpm" : 101,
    "confidence" : 2
  }
},{
  "dateTime" : "09/12/20 13:59:14",
  "value" : {
    "bpm" : 102,
    "confidence" : 2
  }
},{
  "dateTime" : "09/12/20 13:59:19",
  "value" : {
    "bpm" : 101,
    "confidence" : 2
  }
},{
  "dateTime" : "09/12/20 13:59:24",
  "value" : {
    "bpm" : 102,
    "confidence" : 2
  }
},{
  "dateTime" : "09/12/20 13:59:34",
  "value" : {
    "bpm" : 100,
    "confidence" : 2
  }
},{
  "dateTime" : "09/12/20 13:59:39",
  "value" : {
    "bpm" : 99,
    "confidence" : 2
  }
},{
  "dateTime" : "09/12/20 13:59:49",
  "value" : {
    "bpm" : 100,
    "confidence" : 2
  }
},{
  "dateTime" : "09/12/20 13:59:54",
  "value" : {
    "bpm" : 98,
    "confidence" : 2
  }
},{
  "dateTime" : "09/12/20 13:59:59",
  "value" : {
    "bpm" : 100,
    "confidence" : 2
  }
},{
  "dateTime" : "09/12/20 14:00:04",
  "value" : {
    "bpm" : 101,
    "confidence" : 2
  }
},{
  "dateTime" : "09/12/20 14:00:09",
  "value" : {
    "bpm" : 103,
    "confidence" : 1
  }
},{
  "dateTime" : "09/12/20 14:00:19",
  "value" : {
    "bpm" : 104,
    "confidence" : 2
  }
},{
  "dateTime" : "09/12/20 14:00:24",
  "value" : {
    "bpm" : 105,
    "confidence" : 2
  }
},{
  "dateTime" : "09/12/20 14:00:34",
  "value" : {
    "bpm" : 102,
    "confidence" : 2
  }
},{
  "dateTime" : "09/12/20 14:00:39",
  "value" : {
    "bpm" : 97,
    "confidence" : 2
  }
},{
  "dateTime" : "09/12/20 14:00:44",
  "value" : {
    "bpm" : 98,
    "confidence" : 2
  }
},{
  "dateTime" : "09/12/20 14:00:49",
  "value" : {
    "bpm" : 99,
    "confidence" : 2
  }
},{
  "dateTime" : "09/12/20 14:00:54",
  "value" : {
    "bpm" : 96,
    "confidence" : 2
  }
},{
  "dateTime" : "09/12/20 14:00:59",
  "value" : {
    "bpm" : 95,
    "confidence" : 2
  }
},{
  "dateTime" : "09/12/20 14:01:04",
  "value" : {
    "bpm" : 97,
    "confidence" : 2
  }
},{
  "dateTime" : "09/12/20 14:01:09",
  "value" : {
    "bpm" : 99,
    "confidence" : 2
  }
},{
  "dateTime" : "09/12/20 14:01:14",
  "value" : {
    "bpm" : 100,
    "confidence" : 2
  }
},{
  "dateTime" : "09/12/20 14:01:19",
  "value" : {
    "bpm" : 100,
    "confidence" : 2
  }
},{
  "dateTime" : "09/12/20 14:01:36",
  "value" : {
    "bpm" : 99,
    "confidence" : 2
  }
},{
  "dateTime" : "09/12/20 14:01:41",
  "value" : {
    "bpm" : 98,
    "confidence" : 1
  }
},{
  "dateTime" : "09/12/20 14:01:56",
  "value" : {
    "bpm" : 98,
    "confidence" : 1
  }
},{
  "dateTime" : "09/12/20 14:02:01",
  "value" : {
    "bpm" : 99,
    "confidence" : 1
  }
},{
  "dateTime" : "09/12/20 14:02:06",
  "value" : {
    "bpm" : 101,
    "confidence" : 1
  }
},{
  "dateTime" : "09/12/20 14:02:11",
  "value" : {
    "bpm" : 102,
    "confidence" : 1
  }
},{
  "dateTime" : "09/12/20 14:02:16",
  "value" : {
    "bpm" : 103,
    "confidence" : 1
  }
},{
  "dateTime" : "09/12/20 14:02:21",
  "value" : {
    "bpm" : 105,
    "confidence" : 1
  }
},{
  "dateTime" : "09/12/20 14:02:31",
  "value" : {
    "bpm" : 102,
    "confidence" : 1
  }
},{
  "dateTime" : "09/12/20 14:02:36",
  "value" : {
    "bpm" : 100,
    "confidence" : 1
  }
},{
  "dateTime" : "09/12/20 14:02:41",
  "value" : {
    "bpm" : 101,
    "confidence" : 1
  }
},{
  "dateTime" : "09/12/20 14:02:46",
  "value" : {
    "bpm" : 101,
    "confidence" : 2
  }
},{
  "dateTime" : "09/12/20 14:02:51",
  "value" : {
    "bpm" : 100,
    "confidence" : 2
  }
},{
  "dateTime" : "09/12/20 14:02:56",
  "value" : {
    "bpm" : 103,
    "confidence" : 2
  }
},{
  "dateTime" : "09/12/20 14:03:01",
  "value" : {
    "bpm" : 104,
    "confidence" : 1
  }
},{
  "dateTime" : "09/12/20 14:03:06",
  "value" : {
    "bpm" : 106,
    "confidence" : 1
  }
},{
  "dateTime" : "09/12/20 14:03:11",
  "value" : {
    "bpm" : 102,
    "confidence" : 1
  }
},{
  "dateTime" : "09/12/20 14:03:16",
  "value" : {
    "bpm" : 105,
    "confidence" : 1
  }
},{
  "dateTime" : "09/12/20 14:03:21",
  "value" : {
    "bpm" : 108,
    "confidence" : 1
  }
},{
  "dateTime" : "09/12/20 14:03:26",
  "value" : {
    "bpm" : 107,
    "confidence" : 1
  }
},{
  "dateTime" : "09/12/20 14:03:41",
  "value" : {
    "bpm" : 106,
    "confidence" : 2
  }
},{
  "dateTime" : "09/12/20 14:03:46",
  "value" : {
    "bpm" : 105,
    "confidence" : 2
  }
},{
  "dateTime" : "09/12/20 14:03:51",
  "value" : {
    "bpm" : 104,
    "confidence" : 2
  }
},{
  "dateTime" : "09/12/20 14:03:56",
  "value" : {
    "bpm" : 103,
    "confidence" : 2
  }
},{
  "dateTime" : "09/12/20 14:04:11",
  "value" : {
    "bpm" : 104,
    "confidence" : 2
  }
},{
  "dateTime" : "09/12/20 14:04:16",
  "value" : {
    "bpm" : 103,
    "confidence" : 2
  }
},{
  "dateTime" : "09/12/20 14:04:21",
  "value" : {
    "bpm" : 104,
    "confidence" : 2
  }
},{
  "dateTime" : "09/12/20 14:04:26",
  "value" : {
    "bpm" : 103,
    "confidence" : 2
  }
},{
  "dateTime" : "09/12/20 14:04:41",
  "value" : {
    "bpm" : 103,
    "confidence" : 2
  }
},{
  "dateTime" : "09/12/20 14:04:46",
  "value" : {
    "bpm" : 102,
    "confidence" : 2
  }
},{
  "dateTime" : "09/12/20 14:04:51",
  "value" : {
    "bpm" : 104,
    "confidence" : 2
  }
},{
  "dateTime" : "09/12/20 14:04:56",
  "value" : {
    "bpm" : 105,
    "confidence" : 2
  }
},{
  "dateTime" : "09/12/20 14:05:06",
  "value" : {
    "bpm" : 107,
    "confidence" : 2
  }
},{
  "dateTime" : "09/12/20 14:05:11",
  "value" : {
    "bpm" : 111,
    "confidence" : 2
  }
},{
  "dateTime" : "09/12/20 14:05:16",
  "value" : {
    "bpm" : 112,
    "confidence" : 2
  }
},{
  "dateTime" : "09/12/20 14:05:21",
  "value" : {
    "bpm" : 113,
    "confidence" : 2
  }
},{
  "dateTime" : "09/12/20 14:05:26",
  "value" : {
    "bpm" : 110,
    "confidence" : 2
  }
},{
  "dateTime" : "09/12/20 14:05:31",
  "value" : {
    "bpm" : 111,
    "confidence" : 2
  }
},{
  "dateTime" : "09/12/20 14:05:36",
  "value" : {
    "bpm" : 113,
    "confidence" : 2
  }
},{
  "dateTime" : "09/12/20 14:05:41",
  "value" : {
    "bpm" : 115,
    "confidence" : 2
  }
},{
  "dateTime" : "09/12/20 14:05:56",
  "value" : {
    "bpm" : 116,
    "confidence" : 2
  }
},{
  "dateTime" : "09/12/20 14:06:01",
  "value" : {
    "bpm" : 118,
    "confidence" : 2
  }
},{
  "dateTime" : "09/12/20 14:06:06",
  "value" : {
    "bpm" : 120,
    "confidence" : 2
  }
},{
  "dateTime" : "09/12/20 14:06:21",
  "value" : {
    "bpm" : 120,
    "confidence" : 2
  }
},{
  "dateTime" : "09/12/20 14:06:26",
  "value" : {
    "bpm" : 117,
    "confidence" : 2
  }
},{
  "dateTime" : "09/12/20 14:06:31",
  "value" : {
    "bpm" : 114,
    "confidence" : 2
  }
},{
  "dateTime" : "09/12/20 14:06:36",
  "value" : {
    "bpm" : 113,
    "confidence" : 2
  }
},{
  "dateTime" : "09/12/20 14:06:51",
  "value" : {
    "bpm" : 113,
    "confidence" : 2
  }
},{
  "dateTime" : "09/12/20 14:06:56",
  "value" : {
    "bpm" : 114,
    "confidence" : 2
  }
},{
  "dateTime" : "09/12/20 14:07:01",
  "value" : {
    "bpm" : 113,
    "confidence" : 2
  }
},{
  "dateTime" : "09/12/20 14:07:11",
  "value" : {
    "bpm" : 114,
    "confidence" : 2
  }
},{
  "dateTime" : "09/12/20 14:07:21",
  "value" : {
    "bpm" : 111,
    "confidence" : 2
  }
},{
  "dateTime" : "09/12/20 14:07:26",
  "value" : {
    "bpm" : 108,
    "confidence" : 1
  }
}]