[{
  "dateTime" : "08/11/20 10:31:41",
  "value" : {
    "bpm" : 70,
    "confidence" : 0
  }
},{
  "dateTime" : "08/11/20 11:26:18",
  "value" : {
    "bpm" : 70,
    "confidence" : 0
  }
},{
  "dateTime" : "08/11/20 14:05:02",
  "value" : {
    "bpm" : 70,
    "confidence" : 0
  }
},{
  "dateTime" : "08/11/20 14:59:39",
  "value" : {
    "bpm" : 70,
    "confidence" : 0
  }
},{
  "dateTime" : "08/11/20 15:46:17",
  "value" : {
    "bpm" : 70,
    "confidence" : 0
  }
},{
  "dateTime" : "08/11/20 15:46:32",
  "value" : {
    "bpm" : 72,
    "confidence" : 0
  }
},{
  "dateTime" : "08/11/20 15:46:37",
  "value" : {
    "bpm" : 81,
    "confidence" : 0
  }
},{
  "dateTime" : "08/11/20 16:41:19",
  "value" : {
    "bpm" : 70,
    "confidence" : 0
  }
},{
  "dateTime" : "08/11/20 17:17:40",
  "value" : {
    "bpm" : 70,
    "confidence" : 0
  }
},{
  "dateTime" : "08/11/20 18:05:22",
  "value" : {
    "bpm" : 70,
    "confidence" : 0
  }
},{
  "dateTime" : "08/11/20 18:38:32",
  "value" : {
    "bpm" : 70,
    "confidence" : 0
  }
}]